IdEstablecimiento,Ano,Mes,Numerador,Denominador,MetaSanitaria,Dependencia Administrativa,Nivel de Atención
109104,2024.0,10.0,,1.0,MSI,Servicio de Salud,Primario
109104,2025.0,2.0,0.0,,MSI,Servicio de Salud,Primario
109104,2025.0,3.0,0.0,,MSI,Servicio de Salud,Primario
109104,2025.0,4.0,0.0,2.0,MSI,Servicio de Salud,Primario
109104,2025.0,5.0,2.0,0.0,MSI,Servicio de Salud,Primario
109104,2025.0,6.0,4.0,2.0,MSI,Servicio de Salud,Primario
109104,2025.0,7.0,4.0,6.0,MSI,Servicio de Salud,Primario
109104,2025.0,8.0,,0.0,MSI,Servicio de Salud,Primario
109104,2025.0,9.0,2.0,2.0,MSI,Servicio de Salud,Primario
109104,2025.0,10.0,1.0,,MSI,Servicio de Salud,Primario
109300,2024.0,10.0,,2.0,MSI,Municipal,Primario
109300,2024.0,12.0,,1.0,MSI,Municipal,Primario
109300,2025.0,1.0,2.0,0.0,MSI,Municipal,Primario
109300,2025.0,2.0,1.0,,MSI,Municipal,Primario
109300,2025.0,3.0,5.0,0.0,MSI,Municipal,Primario
109300,2025.0,4.0,0.0,0.0,MSI,Municipal,Primario
109300,2025.0,5.0,0.0,2.0,MSI,Municipal,Primario
109300,2025.0,6.0,,0.0,MSI,Municipal,Primario
109300,2025.0,7.0,2.0,2.0,MSI,Municipal,Primario
109300,2025.0,8.0,0.0,2.0,MSI,Municipal,Primario
109300,2025.0,9.0,,4.0,MSI,Municipal,Primario
109300,2025.0,10.0,0.0,,MSI,Municipal,Primario
109301,2024.0,10.0,,5.0,MSI,Municipal,Primario
109301,2024.0,11.0,,7.0,MSI,Municipal,Primario
109301,2024.0,12.0,,4.0,MSI,Municipal,Primario
109301,2025.0,1.0,10.0,12.0,MSI,Municipal,Primario
109301,2025.0,2.0,16.0,6.0,MSI,Municipal,Primario
109301,2025.0,3.0,14.0,12.0,MSI,Municipal,Primario
109301,2025.0,4.0,8.0,12.0,MSI,Municipal,Primario
109301,2025.0,5.0,8.0,4.0,MSI,Municipal,Primario
109301,2025.0,6.0,10.0,10.0,MSI,Municipal,Primario
109301,2025.0,7.0,10.0,14.0,MSI,Municipal,Primario
109301,2025.0,8.0,4.0,4.0,MSI,Municipal,Primario
109301,2025.0,9.0,6.0,12.0,MSI,Municipal,Primario
109301,2025.0,10.0,5.0,,MSI,Municipal,Primario
109302,2024.0,10.0,,1.0,MSI,Municipal,Primario
109302,2024.0,11.0,,1.0,MSI,Municipal,Primario
109302,2025.0,1.0,,0.0,MSI,Municipal,Primario
109302,2025.0,2.0,,0.0,MSI,Municipal,Primario
109302,2025.0,3.0,,2.0,MSI,Municipal,Primario
109302,2025.0,4.0,0.0,2.0,MSI,Municipal,Primario
109302,2025.0,5.0,2.0,,MSI,Municipal,Primario
109302,2025.0,6.0,0.0,,MSI,Municipal,Primario
109302,2025.0,7.0,2.0,2.0,MSI,Municipal,Primario
109302,2025.0,8.0,,2.0,MSI,Municipal,Primario
109302,2025.0,9.0,2.0,0.0,MSI,Municipal,Primario
109303,2024.0,10.0,,2.0,MSI,Municipal,Primario
109303,2024.0,11.0,,3.0,MSI,Municipal,Primario
109303,2024.0,12.0,,1.0,MSI,Municipal,Primario
109303,2025.0,1.0,,6.0,MSI,Municipal,Primario
109303,2025.0,2.0,2.0,6.0,MSI,Municipal,Primario
109303,2025.0,3.0,6.0,10.0,MSI,Municipal,Primario
109303,2025.0,4.0,6.0,8.0,MSI,Municipal,Primario
109303,2025.0,5.0,4.0,10.0,MSI,Municipal,Primario
109303,2025.0,6.0,8.0,14.0,MSI,Municipal,Primario
109303,2025.0,7.0,14.0,8.0,MSI,Municipal,Primario
109303,2025.0,8.0,4.0,4.0,MSI,Municipal,Primario
109303,2025.0,9.0,4.0,4.0,MSI,Municipal,Primario
109303,2025.0,10.0,1.0,,MSI,Municipal,Primario
109304,2024.0,10.0,,4.0,MSI,Municipal,Primario
109304,2024.0,11.0,,2.0,MSI,Municipal,Primario
109304,2024.0,12.0,,0.0,MSI,Municipal,Primario
109304,2025.0,1.0,8.0,2.0,MSI,Municipal,Primario
109304,2025.0,2.0,4.0,0.0,MSI,Municipal,Primario
109304,2025.0,3.0,0.0,8.0,MSI,Municipal,Primario
109304,2025.0,4.0,2.0,4.0,MSI,Municipal,Primario
109304,2025.0,5.0,,2.0,MSI,Municipal,Primario
109304,2025.0,6.0,6.0,4.0,MSI,Municipal,Primario
109304,2025.0,7.0,0.0,2.0,MSI,Municipal,Primario
109304,2025.0,8.0,2.0,0.0,MSI,Municipal,Primario
109304,2025.0,9.0,,0.0,MSI,Municipal,Primario
109304,2025.0,10.0,4.0,,MSI,Municipal,Primario
109305,2024.0,10.0,,2.0,MSI,Municipal,Primario
109305,2024.0,11.0,,3.0,MSI,Municipal,Primario
109305,2024.0,12.0,,4.0,MSI,Municipal,Primario
109305,2025.0,1.0,0.0,4.0,MSI,Municipal,Primario
109305,2025.0,2.0,2.0,2.0,MSI,Municipal,Primario
109305,2025.0,3.0,4.0,4.0,MSI,Municipal,Primario
109305,2025.0,4.0,4.0,4.0,MSI,Municipal,Primario
109305,2025.0,5.0,6.0,8.0,MSI,Municipal,Primario
109305,2025.0,6.0,2.0,2.0,MSI,Municipal,Primario
109305,2025.0,7.0,,4.0,MSI,Municipal,Primario
109305,2025.0,8.0,4.0,0.0,MSI,Municipal,Primario
109305,2025.0,9.0,6.0,2.0,MSI,Municipal,Primario
109305,2025.0,10.0,1.0,,MSI,Municipal,Primario
109307,2024.0,10.0,,2.0,MSI,Municipal,Primario
109307,2024.0,11.0,,1.0,MSI,Municipal,Primario
109307,2024.0,12.0,,0.0,MSI,Municipal,Primario
109307,2025.0,1.0,0.0,4.0,MSI,Municipal,Primario
109307,2025.0,2.0,8.0,6.0,MSI,Municipal,Primario
109307,2025.0,3.0,,6.0,MSI,Municipal,Primario
109307,2025.0,4.0,6.0,8.0,MSI,Municipal,Primario
109307,2025.0,5.0,2.0,0.0,MSI,Municipal,Primario
109307,2025.0,6.0,6.0,2.0,MSI,Municipal,Primario
109307,2025.0,7.0,6.0,10.0,MSI,Municipal,Primario
109307,2025.0,8.0,2.0,2.0,MSI,Municipal,Primario
109307,2025.0,9.0,2.0,14.0,MSI,Municipal,Primario
109307,2025.0,10.0,1.0,,MSI,Municipal,Primario
109308,2024.0,11.0,,0.0,MSI,Municipal,Primario
109308,2025.0,1.0,,2.0,MSI,Municipal,Primario
109308,2025.0,4.0,2.0,4.0,MSI,Municipal,Primario
109308,2025.0,5.0,2.0,,MSI,Municipal,Primario
109308,2025.0,6.0,2.0,2.0,MSI,Municipal,Primario
109308,2025.0,8.0,0.0,,MSI,Municipal,Primario
109308,2025.0,9.0,,0.0,MSI,Municipal,Primario
109309,2024.0,10.0,,2.0,MSI,Municipal,Primario
109309,2024.0,11.0,,0.0,MSI,Municipal,Primario
109309,2024.0,12.0,,1.0,MSI,Municipal,Primario
109309,2025.0,1.0,,4.0,MSI,Municipal,Primario
109309,2025.0,2.0,,2.0,MSI,Municipal,Primario
109309,2025.0,3.0,,6.0,MSI,Municipal,Primario
109309,2025.0,4.0,8.0,6.0,MSI,Municipal,Primario
109309,2025.0,5.0,6.0,2.0,MSI,Municipal,Primario
109309,2025.0,6.0,4.0,2.0,MSI,Municipal,Primario
109309,2025.0,7.0,2.0,6.0,MSI,Municipal,Primario
109309,2025.0,8.0,4.0,0.0,MSI,Municipal,Primario
109309,2025.0,9.0,12.0,0.0,MSI,Municipal,Primario
109310,2024.0,10.0,,5.0,MSI,Municipal,Primario
109310,2024.0,11.0,,3.0,MSI,Municipal,Primario
109310,2024.0,12.0,,3.0,MSI,Municipal,Primario
109310,2025.0,1.0,8.0,10.0,MSI,Municipal,Primario
109310,2025.0,2.0,0.0,8.0,MSI,Municipal,Primario
109310,2025.0,3.0,2.0,4.0,MSI,Municipal,Primario
109310,2025.0,4.0,6.0,6.0,MSI,Municipal,Primario
109310,2025.0,5.0,,2.0,MSI,Municipal,Primario
109310,2025.0,6.0,0.0,6.0,MSI,Municipal,Primario
109310,2025.0,7.0,4.0,6.0,MSI,Municipal,Primario
109310,2025.0,8.0,,2.0,MSI,Municipal,Primario
109310,2025.0,9.0,2.0,2.0,MSI,Municipal,Primario
109310,2025.0,10.0,2.0,,MSI,Municipal,Primario
109311,2024.0,10.0,,3.0,MSI,Municipal,Primario
109311,2024.0,11.0,,3.0,MSI,Municipal,Primario
109311,2024.0,12.0,,5.0,MSI,Municipal,Primario
109311,2025.0,1.0,2.0,10.0,MSI,Municipal,Primario
109311,2025.0,2.0,0.0,2.0,MSI,Municipal,Primario
109311,2025.0,3.0,4.0,0.0,MSI,Municipal,Primario
109311,2025.0,4.0,4.0,0.0,MSI,Municipal,Primario
109311,2025.0,5.0,,2.0,MSI,Municipal,Primario
109311,2025.0,6.0,,0.0,MSI,Municipal,Primario
109311,2025.0,7.0,0.0,2.0,MSI,Municipal,Primario
109311,2025.0,8.0,2.0,4.0,MSI,Municipal,Primario
109311,2025.0,9.0,,2.0,MSI,Municipal,Primario
109311,2025.0,10.0,1.0,,MSI,Municipal,Primario
109312,2024.0,10.0,,1.0,MSI,Municipal,Primario
109312,2024.0,12.0,,0.0,MSI,Municipal,Primario
109312,2025.0,1.0,,2.0,MSI,Municipal,Primario
109312,2025.0,2.0,0.0,0.0,MSI,Municipal,Primario
109312,2025.0,3.0,,2.0,MSI,Municipal,Primario
109312,2025.0,4.0,0.0,2.0,MSI,Municipal,Primario
109312,2025.0,5.0,,2.0,MSI,Municipal,Primario
109312,2025.0,6.0,2.0,,MSI,Municipal,Primario
109312,2025.0,7.0,2.0,0.0,MSI,Municipal,Primario
109312,2025.0,8.0,,8.0,MSI,Municipal,Primario
109313,2024.0,11.0,,0.0,MSI,Municipal,Primario
109313,2024.0,12.0,,0.0,MSI,Municipal,Primario
109313,2025.0,1.0,,2.0,MSI,Municipal,Primario
109313,2025.0,3.0,,0.0,MSI,Municipal,Primario
109313,2025.0,4.0,2.0,0.0,MSI,Municipal,Primario
109313,2025.0,5.0,,0.0,MSI,Municipal,Primario
109313,2025.0,6.0,,2.0,MSI,Municipal,Primario
109313,2025.0,7.0,,0.0,MSI,Municipal,Primario
109313,2025.0,8.0,2.0,2.0,MSI,Municipal,Primario
109313,2025.0,9.0,,0.0,MSI,Municipal,Primario
109313,2025.0,10.0,1.0,,MSI,Municipal,Primario
109314,2024.0,10.0,,0.0,MSI,Municipal,Primario
109314,2024.0,11.0,,2.0,MSI,Municipal,Primario
109314,2024.0,12.0,,1.0,MSI,Municipal,Primario
109314,2025.0,1.0,0.0,8.0,MSI,Municipal,Primario
109314,2025.0,2.0,2.0,2.0,MSI,Municipal,Primario
109314,2025.0,3.0,2.0,4.0,MSI,Municipal,Primario
109314,2025.0,4.0,3.0,9.0,MSI,Municipal,Primario
109314,2025.0,5.0,2.0,10.0,MSI,Municipal,Primario
109314,2025.0,6.0,0.0,4.0,MSI,Municipal,Primario
109314,2025.0,7.0,3.0,12.0,MSI,Municipal,Primario
109314,2025.0,8.0,6.0,0.0,MSI,Municipal,Primario
109314,2025.0,9.0,0.0,2.0,MSI,Municipal,Primario
109314,2025.0,10.0,6.0,,MSI,Municipal,Primario
109315,2024.0,10.0,,1.0,MSI,Municipal,Primario
109315,2024.0,11.0,,4.0,MSI,Municipal,Primario
109315,2024.0,12.0,,1.0,MSI,Municipal,Primario
109315,2025.0,2.0,,8.0,MSI,Municipal,Primario
109315,2025.0,3.0,6.0,2.0,MSI,Municipal,Primario
109315,2025.0,4.0,2.0,0.0,MSI,Municipal,Primario
109315,2025.0,5.0,,2.0,MSI,Municipal,Primario
109315,2025.0,6.0,,10.0,MSI,Municipal,Primario
109315,2025.0,7.0,10.0,4.0,MSI,Municipal,Primario
109315,2025.0,8.0,6.0,2.0,MSI,Municipal,Primario
109315,2025.0,9.0,,4.0,MSI,Municipal,Primario
109315,2025.0,10.0,1.0,,MSI,Municipal,Primario
109316,2024.0,10.0,,2.0,MSI,Municipal,Primario
109316,2024.0,11.0,,3.0,MSI,Municipal,Primario
109316,2024.0,12.0,,6.0,MSI,Municipal,Primario
109316,2025.0,1.0,0.0,2.0,MSI,Municipal,Primario
109316,2025.0,2.0,0.0,12.0,MSI,Municipal,Primario
109316,2025.0,3.0,2.0,2.0,MSI,Municipal,Primario
109316,2025.0,4.0,6.0,0.0,MSI,Municipal,Primario
109316,2025.0,5.0,6.0,6.0,MSI,Municipal,Primario
109316,2025.0,6.0,4.0,0.0,MSI,Municipal,Primario
109316,2025.0,7.0,2.0,6.0,MSI,Municipal,Primario
109316,2025.0,8.0,2.0,4.0,MSI,Municipal,Primario
109316,2025.0,9.0,,4.0,MSI,Municipal,Primario
109316,2025.0,10.0,1.0,,MSI,Municipal,Primario
109317,2024.0,10.0,,3.0,MSI,Municipal,Primario
109317,2024.0,11.0,,4.0,MSI,Municipal,Primario
109317,2024.0,12.0,,1.0,MSI,Municipal,Primario
109317,2025.0,1.0,2.0,4.0,MSI,Municipal,Primario
109317,2025.0,2.0,2.0,6.0,MSI,Municipal,Primario
109317,2025.0,3.0,4.0,6.0,MSI,Municipal,Primario
109317,2025.0,4.0,8.0,0.0,MSI,Municipal,Primario
109317,2025.0,5.0,0.0,0.0,MSI,Municipal,Primario
109317,2025.0,6.0,4.0,6.0,MSI,Municipal,Primario
109317,2025.0,7.0,2.0,2.0,MSI,Municipal,Primario
109317,2025.0,8.0,4.0,0.0,MSI,Municipal,Primario
109317,2025.0,9.0,2.0,2.0,MSI,Municipal,Primario
109317,2025.0,10.0,1.0,,MSI,Municipal,Primario
109320,2024.0,10.0,,1.0,MSI,Municipal,Primario
109320,2024.0,11.0,,0.0,MSI,Municipal,Primario
109320,2025.0,1.0,,2.0,MSI,Municipal,Primario
109320,2025.0,2.0,2.0,2.0,MSI,Municipal,Primario
109320,2025.0,4.0,2.0,2.0,MSI,Municipal,Primario
109320,2025.0,5.0,0.0,0.0,MSI,Municipal,Primario
109320,2025.0,6.0,,2.0,MSI,Municipal,Primario
109320,2025.0,7.0,6.0,0.0,MSI,Municipal,Primario
109320,2025.0,8.0,0.0,2.0,MSI,Municipal,Primario
109320,2025.0,10.0,0.0,,MSI,Municipal,Primario
109321,2024.0,10.0,,1.0,MSI,Municipal,Primario
109321,2024.0,11.0,,1.0,MSI,Municipal,Primario
109321,2024.0,12.0,,0.0,MSI,Municipal,Primario
109321,2025.0,1.0,2.0,2.0,MSI,Municipal,Primario
109321,2025.0,2.0,0.0,,MSI,Municipal,Primario
109321,2025.0,3.0,0.0,0.0,MSI,Municipal,Primario
109321,2025.0,4.0,,6.0,MSI,Municipal,Primario
109321,2025.0,5.0,0.0,2.0,MSI,Municipal,Primario
109321,2025.0,6.0,,2.0,MSI,Municipal,Primario
109321,2025.0,7.0,2.0,,MSI,Municipal,Primario
109321,2025.0,8.0,,0.0,MSI,Municipal,Primario
109321,2025.0,9.0,2.0,,MSI,Municipal,Primario
109321,2025.0,10.0,1.0,,MSI,Municipal,Primario
109323,2024.0,10.0,,2.0,MSI,Municipal,Primario
109323,2024.0,11.0,,0.0,MSI,Municipal,Primario
109323,2024.0,12.0,,4.0,MSI,Municipal,Primario
109323,2025.0,1.0,4.0,4.0,MSI,Municipal,Primario
109323,2025.0,2.0,0.0,4.0,MSI,Municipal,Primario
109323,2025.0,3.0,2.0,2.0,MSI,Municipal,Primario
109323,2025.0,4.0,0.0,2.0,MSI,Municipal,Primario
109323,2025.0,5.0,0.0,6.0,MSI,Municipal,Primario
109323,2025.0,6.0,,6.0,MSI,Municipal,Primario
109323,2025.0,7.0,10.0,8.0,MSI,Municipal,Primario
109323,2025.0,8.0,10.0,4.0,MSI,Municipal,Primario
109323,2025.0,9.0,2.0,0.0,MSI,Municipal,Primario
109323,2025.0,10.0,2.0,,MSI,Municipal,Primario
109324,2024.0,10.0,,3.0,MSI,Municipal,Primario
109324,2024.0,11.0,,4.0,MSI,Municipal,Primario
109324,2024.0,12.0,,0.0,MSI,Municipal,Primario
109324,2025.0,1.0,4.0,4.0,MSI,Municipal,Primario
109324,2025.0,2.0,2.0,4.0,MSI,Municipal,Primario
109324,2025.0,3.0,4.0,0.0,MSI,Municipal,Primario
109324,2025.0,4.0,,0.0,MSI,Municipal,Primario
109324,2025.0,5.0,4.0,0.0,MSI,Municipal,Primario
109324,2025.0,6.0,,0.0,MSI,Municipal,Primario
109324,2025.0,7.0,2.0,,MSI,Municipal,Primario
109324,2025.0,8.0,,4.0,MSI,Municipal,Primario
109324,2025.0,9.0,,0.0,MSI,Municipal,Primario
109390,2024.0,10.0,,5.0,MSI,Otra Institución,Primario
109390,2024.0,11.0,,1.0,MSI,Otra Institución,Primario
109390,2024.0,12.0,,1.0,MSI,Otra Institución,Primario
109390,2025.0,1.0,2.0,4.0,MSI,Otra Institución,Primario
109390,2025.0,2.0,4.0,2.0,MSI,Otra Institución,Primario
109390,2025.0,3.0,6.0,4.0,MSI,Otra Institución,Primario
109390,2025.0,4.0,4.0,2.0,MSI,Otra Institución,Primario
109390,2025.0,5.0,2.0,0.0,MSI,Otra Institución,Primario
109390,2025.0,6.0,0.0,6.0,MSI,Otra Institución,Primario
109390,2025.0,7.0,,0.0,MSI,Otra Institución,Primario
109390,2025.0,8.0,6.0,8.0,MSI,Otra Institución,Primario
109390,2025.0,9.0,0.0,2.0,MSI,Otra Institución,Primario
109390,2025.0,10.0,0.0,,MSI,Otra Institución,Primario
109410,2025.0,4.0,,0.0,MSI,Municipal,Primario
109413,2024.0,10.0,,0.0,MSI,Municipal,Primario
109414,2024.0,10.0,,0.0,MSI,Municipal,Primario
109414,2024.0,11.0,,0.0,MSI,Municipal,Primario
109414,2024.0,12.0,,0.0,MSI,Municipal,Primario
109414,2025.0,5.0,2.0,,MSI,Municipal,Primario
109414,2025.0,6.0,,2.0,MSI,Municipal,Primario
109414,2025.0,8.0,,6.0,MSI,Municipal,Primario
109414,2025.0,10.0,1.0,,MSI,Municipal,Primario
109416,2024.0,11.0,,1.0,MSI,Municipal,Primario
109418,2024.0,10.0,,1.0,MSI,Municipal,Primario
109419,2025.0,6.0,,0.0,MSI,Municipal,Primario
109419,2025.0,7.0,,2.0,MSI,Municipal,Primario
109419,2025.0,9.0,,0.0,MSI,Municipal,Primario
109419,2025.0,10.0,1.0,,MSI,Municipal,Primario
109709,2024.0,10.0,,0.0,MSI,Municipal,Primario
109709,2024.0,12.0,,0.0,MSI,Municipal,Primario
109709,2025.0,1.0,0.0,4.0,MSI,Municipal,Primario
109709,2025.0,2.0,0.0,,MSI,Municipal,Primario
109709,2025.0,3.0,2.0,0.0,MSI,Municipal,Primario
109709,2025.0,5.0,0.0,2.0,MSI,Municipal,Primario
109709,2025.0,6.0,,0.0,MSI,Municipal,Primario
109709,2025.0,7.0,2.0,0.0,MSI,Municipal,Primario
109709,2025.0,8.0,2.0,,MSI,Municipal,Primario
109709,2025.0,9.0,0.0,4.0,MSI,Municipal,Primario
109711,2024.0,10.0,,0.0,MSI,Municipal,Primario
109711,2024.0,12.0,,0.0,MSI,Municipal,Primario
109711,2025.0,1.0,,2.0,MSI,Municipal,Primario
109711,2025.0,2.0,0.0,0.0,MSI,Municipal,Primario
109711,2025.0,4.0,2.0,,MSI,Municipal,Primario
109711,2025.0,6.0,0.0,,MSI,Municipal,Primario
109711,2025.0,7.0,,0.0,MSI,Municipal,Primario
109711,2025.0,8.0,,2.0,MSI,Municipal,Primario
109711,2025.0,9.0,,6.0,MSI,Municipal,Primario
109712,2025.0,4.0,,2.0,MSI,Municipal,Primario
109712,2025.0,5.0,,0.0,MSI,Municipal,Primario
109712,2025.0,6.0,2.0,0.0,MSI,Municipal,Primario
109712,2025.0,7.0,,2.0,MSI,Municipal,Primario
109712,2025.0,9.0,0.0,,MSI,Municipal,Primario
109712,2025.0,10.0,1.0,,MSI,Municipal,Primario
109715,2025.0,6.0,,2.0,MSI,Municipal,Primario
109715,2025.0,7.0,,0.0,MSI,Municipal,Primario
109715,2025.0,8.0,2.0,,MSI,Municipal,Primario
109716,2025.0,1.0,,0.0,MSI,Municipal,Primario
109716,2025.0,4.0,0.0,,MSI,Municipal,Primario
109716,2025.0,7.0,,0.0,MSI,Municipal,Primario
109718,2024.0,10.0,,0.0,MSI,Municipal,Primario
109718,2024.0,12.0,,0.0,MSI,Municipal,Primario
109718,2025.0,3.0,,4.0,MSI,Municipal,Primario
109718,2025.0,4.0,0.0,2.0,MSI,Municipal,Primario
109718,2025.0,5.0,,2.0,MSI,Municipal,Primario
109718,2025.0,6.0,0.0,0.0,MSI,Municipal,Primario
109718,2025.0,7.0,4.0,2.0,MSI,Municipal,Primario
109718,2025.0,8.0,4.0,2.0,MSI,Municipal,Primario
109718,2025.0,9.0,,2.0,MSI,Municipal,Primario
110160,2024.0,10.0,,2.0,MSI,Servicio de Salud,Primario
110160,2024.0,11.0,,3.0,MSI,Servicio de Salud,Primario
110160,2024.0,12.0,,2.0,MSI,Servicio de Salud,Primario
110160,2025.0,1.0,0.0,2.0,MSI,Servicio de Salud,Primario
110160,2025.0,2.0,2.0,6.0,MSI,Servicio de Salud,Primario
110160,2025.0,3.0,0.0,6.0,MSI,Servicio de Salud,Primario
110160,2025.0,4.0,4.0,0.0,MSI,Servicio de Salud,Primario
110160,2025.0,5.0,0.0,2.0,MSI,Servicio de Salud,Primario
110160,2025.0,6.0,2.0,0.0,MSI,Servicio de Salud,Primario
110160,2025.0,7.0,6.0,8.0,MSI,Servicio de Salud,Primario
110160,2025.0,8.0,0.0,6.0,MSI,Servicio de Salud,Primario
110160,2025.0,9.0,0.0,2.0,MSI,Servicio de Salud,Primario
110160,2025.0,10.0,0.0,,MSI,Servicio de Salud,Primario
110308,2024.0,10.0,,3.0,MSI,Municipal,Primario
110308,2024.0,11.0,,1.0,MSI,Municipal,Primario
110308,2024.0,12.0,,2.0,MSI,Municipal,Primario
110308,2025.0,1.0,6.0,14.0,MSI,Municipal,Primario
110308,2025.0,2.0,4.0,12.0,MSI,Municipal,Primario
110308,2025.0,3.0,2.0,10.0,MSI,Municipal,Primario
110308,2025.0,4.0,12.0,8.0,MSI,Municipal,Primario
110308,2025.0,5.0,6.0,4.0,MSI,Municipal,Primario
110308,2025.0,6.0,6.0,10.0,MSI,Municipal,Primario
110308,2025.0,7.0,2.0,20.0,MSI,Municipal,Primario
110308,2025.0,8.0,6.0,14.0,MSI,Municipal,Primario
110308,2025.0,9.0,12.0,6.0,MSI,Municipal,Primario
110308,2025.0,10.0,8.0,,MSI,Municipal,Primario
110310,2024.0,10.0,,7.0,MSI,Servicio de Salud,Primario
110310,2024.0,11.0,,1.0,MSI,Servicio de Salud,Primario
110310,2024.0,12.0,,3.0,MSI,Servicio de Salud,Primario
110310,2025.0,1.0,,14.0,MSI,Servicio de Salud,Primario
110310,2025.0,2.0,,8.0,MSI,Servicio de Salud,Primario
110310,2025.0,3.0,2.0,18.0,MSI,Servicio de Salud,Primario
110310,2025.0,4.0,2.0,6.0,MSI,Servicio de Salud,Primario
110310,2025.0,5.0,4.0,6.0,MSI,Servicio de Salud,Primario
110310,2025.0,6.0,2.0,24.0,MSI,Servicio de Salud,Primario
110310,2025.0,7.0,4.0,18.0,MSI,Servicio de Salud,Primario
110310,2025.0,8.0,2.0,10.0,MSI,Servicio de Salud,Primario
110310,2025.0,9.0,4.0,8.0,MSI,Servicio de Salud,Primario
110310,2025.0,10.0,1.0,,MSI,Servicio de Salud,Primario
110315,2024.0,10.0,,5.0,MSI,Municipal,Primario
110315,2024.0,11.0,,2.0,MSI,Municipal,Primario
110315,2024.0,12.0,,7.0,MSI,Municipal,Primario
110315,2025.0,1.0,4.0,12.0,MSI,Municipal,Primario
110315,2025.0,2.0,4.0,10.0,MSI,Municipal,Primario
110315,2025.0,3.0,4.0,6.0,MSI,Municipal,Primario
110315,2025.0,4.0,6.0,6.0,MSI,Municipal,Primario
110315,2025.0,5.0,2.0,2.0,MSI,Municipal,Primario
110315,2025.0,6.0,10.0,8.0,MSI,Municipal,Primario
110315,2025.0,7.0,2.0,0.0,MSI,Municipal,Primario
110315,2025.0,8.0,4.0,0.0,MSI,Municipal,Primario
110315,2025.0,9.0,2.0,4.0,MSI,Municipal,Primario
110315,2025.0,10.0,2.0,,MSI,Municipal,Primario
110316,2024.0,10.0,,2.0,MSI,Municipal,Primario
110316,2024.0,11.0,,1.0,MSI,Municipal,Primario
110316,2024.0,12.0,,1.0,MSI,Municipal,Primario
110316,2025.0,1.0,,2.0,MSI,Municipal,Primario
110316,2025.0,2.0,4.0,6.0,MSI,Municipal,Primario
110316,2025.0,3.0,,2.0,MSI,Municipal,Primario
110316,2025.0,4.0,4.0,2.0,MSI,Municipal,Primario
110316,2025.0,5.0,0.0,0.0,MSI,Municipal,Primario
110316,2025.0,6.0,4.0,4.0,MSI,Municipal,Primario
110316,2025.0,7.0,2.0,8.0,MSI,Municipal,Primario
110316,2025.0,8.0,0.0,,MSI,Municipal,Primario
110316,2025.0,9.0,2.0,,MSI,Municipal,Primario
110316,2025.0,10.0,1.0,,MSI,Municipal,Primario
110320,2024.0,10.0,,3.0,MSI,Municipal,Primario
110320,2024.0,11.0,,2.0,MSI,Municipal,Primario
110320,2024.0,12.0,,2.0,MSI,Municipal,Primario
110320,2025.0,1.0,2.0,4.0,MSI,Municipal,Primario
110320,2025.0,2.0,4.0,0.0,MSI,Municipal,Primario
110320,2025.0,3.0,2.0,0.0,MSI,Municipal,Primario
110320,2025.0,4.0,4.0,6.0,MSI,Municipal,Primario
110320,2025.0,5.0,,8.0,MSI,Municipal,Primario
110320,2025.0,6.0,,2.0,MSI,Municipal,Primario
110320,2025.0,7.0,8.0,4.0,MSI,Municipal,Primario
110320,2025.0,8.0,,2.0,MSI,Municipal,Primario
110320,2025.0,9.0,4.0,2.0,MSI,Municipal,Primario
110320,2025.0,10.0,2.0,,MSI,Municipal,Primario
110325,2024.0,10.0,,3.0,MSI,Municipal,Primario
110325,2024.0,11.0,,1.0,MSI,Municipal,Primario
110325,2024.0,12.0,,0.0,MSI,Municipal,Primario
110325,2025.0,1.0,0.0,4.0,MSI,Municipal,Primario
110325,2025.0,2.0,2.0,12.0,MSI,Municipal,Primario
110325,2025.0,3.0,,8.0,MSI,Municipal,Primario
110325,2025.0,4.0,,10.0,MSI,Municipal,Primario
110325,2025.0,5.0,2.0,6.0,MSI,Municipal,Primario
110325,2025.0,6.0,4.0,8.0,MSI,Municipal,Primario
110325,2025.0,7.0,4.0,4.0,MSI,Municipal,Primario
110325,2025.0,8.0,10.0,6.0,MSI,Municipal,Primario
110325,2025.0,9.0,2.0,10.0,MSI,Municipal,Primario
110325,2025.0,10.0,8.0,,MSI,Municipal,Primario
110330,2024.0,10.0,,2.0,MSI,Municipal,Primario
110330,2024.0,11.0,,1.0,MSI,Municipal,Primario
110330,2024.0,12.0,,1.0,MSI,Municipal,Primario
110330,2025.0,1.0,,6.0,MSI,Municipal,Primario
110330,2025.0,2.0,4.0,4.0,MSI,Municipal,Primario
110330,2025.0,3.0,2.0,4.0,MSI,Municipal,Primario
110330,2025.0,4.0,6.0,6.0,MSI,Municipal,Primario
110330,2025.0,5.0,2.0,4.0,MSI,Municipal,Primario
110330,2025.0,6.0,8.0,2.0,MSI,Municipal,Primario
110330,2025.0,7.0,2.0,0.0,MSI,Municipal,Primario
110330,2025.0,8.0,0.0,8.0,MSI,Municipal,Primario
110330,2025.0,9.0,6.0,4.0,MSI,Municipal,Primario
110330,2025.0,10.0,2.0,,MSI,Municipal,Primario
110331,2024.0,10.0,,12.0,MSI,Municipal,Primario
110331,2024.0,11.0,,3.0,MSI,Municipal,Primario
110331,2024.0,12.0,,0.0,MSI,Municipal,Primario
110331,2025.0,1.0,10.0,2.0,MSI,Municipal,Primario
110331,2025.0,2.0,10.0,8.0,MSI,Municipal,Primario
110331,2025.0,3.0,4.0,2.0,MSI,Municipal,Primario
110331,2025.0,4.0,0.0,6.0,MSI,Municipal,Primario
110331,2025.0,5.0,6.0,10.0,MSI,Municipal,Primario
110331,2025.0,6.0,2.0,2.0,MSI,Municipal,Primario
110331,2025.0,7.0,2.0,8.0,MSI,Municipal,Primario
110331,2025.0,8.0,0.0,8.0,MSI,Municipal,Primario
110331,2025.0,9.0,6.0,4.0,MSI,Municipal,Primario
110331,2025.0,10.0,2.0,,MSI,Municipal,Primario
110335,2024.0,10.0,,1.0,MSI,Municipal,Primario
110335,2024.0,11.0,,3.0,MSI,Municipal,Primario
110335,2024.0,12.0,,1.0,MSI,Municipal,Primario
110335,2025.0,1.0,6.0,8.0,MSI,Municipal,Primario
110335,2025.0,2.0,2.0,0.0,MSI,Municipal,Primario
110335,2025.0,3.0,2.0,18.0,MSI,Municipal,Primario
110335,2025.0,4.0,8.0,8.0,MSI,Municipal,Primario
110335,2025.0,5.0,4.0,10.0,MSI,Municipal,Primario
110335,2025.0,6.0,12.0,6.0,MSI,Municipal,Primario
110335,2025.0,7.0,14.0,4.0,MSI,Municipal,Primario
110335,2025.0,8.0,14.0,8.0,MSI,Municipal,Primario
110335,2025.0,9.0,4.0,8.0,MSI,Municipal,Primario
110335,2025.0,10.0,1.0,,MSI,Municipal,Primario
110340,2024.0,10.0,,2.0,MSI,Municipal,Primario
110340,2024.0,12.0,,1.0,MSI,Municipal,Primario
110340,2025.0,1.0,,0.0,MSI,Municipal,Primario
110340,2025.0,2.0,0.0,2.0,MSI,Municipal,Primario
110340,2025.0,3.0,4.0,6.0,MSI,Municipal,Primario
110340,2025.0,4.0,,6.0,MSI,Municipal,Primario
110340,2025.0,5.0,4.0,2.0,MSI,Municipal,Primario
110340,2025.0,6.0,2.0,4.0,MSI,Municipal,Primario
110340,2025.0,7.0,,2.0,MSI,Municipal,Primario
110340,2025.0,8.0,4.0,4.0,MSI,Municipal,Primario
110340,2025.0,9.0,4.0,4.0,MSI,Municipal,Primario
110340,2025.0,10.0,2.0,,MSI,Municipal,Primario
110345,2024.0,10.0,,4.0,MSI,Municipal,Primario
110345,2024.0,11.0,,3.0,MSI,Municipal,Primario
110345,2024.0,12.0,,2.0,MSI,Municipal,Primario
110345,2025.0,1.0,4.0,2.0,MSI,Municipal,Primario
110345,2025.0,2.0,,6.0,MSI,Municipal,Primario
110345,2025.0,3.0,6.0,4.0,MSI,Municipal,Primario
110345,2025.0,4.0,4.0,6.0,MSI,Municipal,Primario
110345,2025.0,5.0,,0.0,MSI,Municipal,Primario
110345,2025.0,6.0,2.0,0.0,MSI,Municipal,Primario
110345,2025.0,7.0,4.0,0.0,MSI,Municipal,Primario
110345,2025.0,8.0,2.0,0.0,MSI,Municipal,Primario
110345,2025.0,9.0,2.0,,MSI,Municipal,Primario
110350,2024.0,10.0,,5.0,MSI,Municipal,Primario
110350,2024.0,11.0,,3.0,MSI,Municipal,Primario
110350,2024.0,12.0,,3.0,MSI,Municipal,Primario
110350,2025.0,1.0,6.0,2.0,MSI,Municipal,Primario
110350,2025.0,2.0,4.0,2.0,MSI,Municipal,Primario
110350,2025.0,3.0,2.0,2.0,MSI,Municipal,Primario
110350,2025.0,4.0,10.0,2.0,MSI,Municipal,Primario
110350,2025.0,5.0,,6.0,MSI,Municipal,Primario
110350,2025.0,6.0,4.0,10.0,MSI,Municipal,Primario
110350,2025.0,7.0,6.0,6.0,MSI,Municipal,Primario
110350,2025.0,8.0,2.0,4.0,MSI,Municipal,Primario
110350,2025.0,9.0,0.0,8.0,MSI,Municipal,Primario
110350,2025.0,10.0,4.0,,MSI,Municipal,Primario
110351,2024.0,10.0,,1.0,MSI,Municipal,Primario
110351,2024.0,11.0,,0.0,MSI,Municipal,Primario
110351,2024.0,12.0,,5.0,MSI,Municipal,Primario
110351,2025.0,1.0,2.0,10.0,MSI,Municipal,Primario
110351,2025.0,2.0,2.0,4.0,MSI,Municipal,Primario
110351,2025.0,3.0,4.0,0.0,MSI,Municipal,Primario
110351,2025.0,4.0,6.0,2.0,MSI,Municipal,Primario
110351,2025.0,5.0,,4.0,MSI,Municipal,Primario
110351,2025.0,6.0,10.0,4.0,MSI,Municipal,Primario
110351,2025.0,7.0,4.0,2.0,MSI,Municipal,Primario
110351,2025.0,8.0,2.0,2.0,MSI,Municipal,Primario
110351,2025.0,9.0,2.0,6.0,MSI,Municipal,Primario
110351,2025.0,10.0,1.0,,MSI,Municipal,Primario
110352,2024.0,10.0,,8.0,MSI,Municipal,Primario
110352,2024.0,11.0,,2.0,MSI,Municipal,Primario
110352,2024.0,12.0,,1.0,MSI,Municipal,Primario
110352,2025.0,1.0,18.0,10.0,MSI,Municipal,Primario
110352,2025.0,2.0,4.0,4.0,MSI,Municipal,Primario
110352,2025.0,3.0,,2.0,MSI,Municipal,Primario
110352,2025.0,4.0,6.0,16.0,MSI,Municipal,Primario
110352,2025.0,5.0,14.0,8.0,MSI,Municipal,Primario
110352,2025.0,6.0,6.0,4.0,MSI,Municipal,Primario
110352,2025.0,7.0,2.0,6.0,MSI,Municipal,Primario
110352,2025.0,8.0,,6.0,MSI,Municipal,Primario
110352,2025.0,9.0,0.0,4.0,MSI,Municipal,Primario
110353,2024.0,10.0,,1.0,MSI,Municipal,Primario
110353,2024.0,11.0,,1.0,MSI,Municipal,Primario
110353,2024.0,12.0,,2.0,MSI,Municipal,Primario
110353,2025.0,1.0,2.0,2.0,MSI,Municipal,Primario
110353,2025.0,2.0,,8.0,MSI,Municipal,Primario
110353,2025.0,3.0,,12.0,MSI,Municipal,Primario
110353,2025.0,4.0,6.0,4.0,MSI,Municipal,Primario
110353,2025.0,5.0,2.0,0.0,MSI,Municipal,Primario
110353,2025.0,6.0,,6.0,MSI,Municipal,Primario
110353,2025.0,7.0,10.0,4.0,MSI,Municipal,Primario
110353,2025.0,8.0,4.0,2.0,MSI,Municipal,Primario
110353,2025.0,9.0,2.0,7.0,MSI,Municipal,Primario
110354,2024.0,10.0,,1.0,MSI,Municipal,Primario
110354,2024.0,11.0,,1.0,MSI,Municipal,Primario
110354,2024.0,12.0,,1.0,MSI,Municipal,Primario
110354,2025.0,1.0,0.0,0.0,MSI,Municipal,Primario
110354,2025.0,2.0,0.0,0.0,MSI,Municipal,Primario
110354,2025.0,3.0,,2.0,MSI,Municipal,Primario
110354,2025.0,4.0,2.0,0.0,MSI,Municipal,Primario
110354,2025.0,6.0,2.0,0.0,MSI,Municipal,Primario
110354,2025.0,7.0,0.0,,MSI,Municipal,Primario
110354,2025.0,8.0,,0.0,MSI,Municipal,Primario
110354,2025.0,9.0,,2.0,MSI,Municipal,Primario
110354,2025.0,10.0,0.0,,MSI,Municipal,Primario
110355,2024.0,10.0,,3.0,MSI,Municipal,Primario
110355,2024.0,11.0,,9.0,MSI,Municipal,Primario
110355,2024.0,12.0,,6.0,MSI,Municipal,Primario
110355,2025.0,1.0,8.0,12.0,MSI,Municipal,Primario
110355,2025.0,2.0,12.0,10.0,MSI,Municipal,Primario
110355,2025.0,3.0,6.0,6.0,MSI,Municipal,Primario
110355,2025.0,4.0,14.0,10.0,MSI,Municipal,Primario
110355,2025.0,5.0,8.0,12.0,MSI,Municipal,Primario
110355,2025.0,6.0,6.0,12.0,MSI,Municipal,Primario
110355,2025.0,7.0,12.0,10.0,MSI,Municipal,Primario
110355,2025.0,8.0,6.0,2.0,MSI,Municipal,Primario
110355,2025.0,9.0,4.0,6.0,MSI,Municipal,Primario
110355,2025.0,10.0,2.0,,MSI,Municipal,Primario
110360,2024.0,11.0,,3.0,MSI,Municipal,Primario
110360,2024.0,12.0,,4.0,MSI,Municipal,Primario
110360,2025.0,1.0,4.0,10.0,MSI,Municipal,Primario
110360,2025.0,2.0,6.0,6.0,MSI,Municipal,Primario
110360,2025.0,3.0,,4.0,MSI,Municipal,Primario
110360,2025.0,4.0,4.0,6.0,MSI,Municipal,Primario
110360,2025.0,5.0,8.0,6.0,MSI,Municipal,Primario
110360,2025.0,6.0,0.0,4.0,MSI,Municipal,Primario
110360,2025.0,7.0,6.0,16.0,MSI,Municipal,Primario
110360,2025.0,8.0,8.0,10.0,MSI,Municipal,Primario
110360,2025.0,9.0,0.0,2.0,MSI,Municipal,Primario
110360,2025.0,10.0,6.0,,MSI,Municipal,Primario
110361,2024.0,10.0,,0.0,MSI,Municipal,Primario
110361,2024.0,11.0,,0.0,MSI,Municipal,Primario
110361,2024.0,12.0,,0.0,MSI,Municipal,Primario
110361,2025.0,1.0,,4.0,MSI,Municipal,Primario
110361,2025.0,2.0,2.0,8.0,MSI,Municipal,Primario
110361,2025.0,3.0,0.0,2.0,MSI,Municipal,Primario
110361,2025.0,4.0,2.0,6.0,MSI,Municipal,Primario
110361,2025.0,5.0,10.0,12.0,MSI,Municipal,Primario
110361,2025.0,6.0,8.0,10.0,MSI,Municipal,Primario
110361,2025.0,7.0,12.0,4.0,MSI,Municipal,Primario
110361,2025.0,8.0,4.0,10.0,MSI,Municipal,Primario
110361,2025.0,9.0,8.0,10.0,MSI,Municipal,Primario
110361,2025.0,10.0,5.0,,MSI,Municipal,Primario
110362,2024.0,10.0,,1.0,MSI,Municipal,Primario
110362,2024.0,12.0,,0.0,MSI,Municipal,Primario
110362,2025.0,1.0,2.0,2.0,MSI,Municipal,Primario
110362,2025.0,3.0,,4.0,MSI,Municipal,Primario
110362,2025.0,4.0,2.0,4.0,MSI,Municipal,Primario
110362,2025.0,5.0,0.0,2.0,MSI,Municipal,Primario
110362,2025.0,6.0,6.0,2.0,MSI,Municipal,Primario
110362,2025.0,7.0,2.0,4.0,MSI,Municipal,Primario
110362,2025.0,8.0,4.0,2.0,MSI,Municipal,Primario
110362,2025.0,9.0,,6.0,MSI,Municipal,Primario
110362,2025.0,10.0,2.0,,MSI,Municipal,Primario
110364,2024.0,10.0,,2.0,MSI,Municipal,Primario
110364,2024.0,11.0,,1.0,MSI,Municipal,Primario
110364,2024.0,12.0,,0.0,MSI,Municipal,Primario
110364,2025.0,1.0,4.0,10.0,MSI,Municipal,Primario
110364,2025.0,3.0,0.0,2.0,MSI,Municipal,Primario
110364,2025.0,4.0,6.0,6.0,MSI,Municipal,Primario
110364,2025.0,5.0,,4.0,MSI,Municipal,Primario
110364,2025.0,6.0,2.0,4.0,MSI,Municipal,Primario
110364,2025.0,7.0,4.0,2.0,MSI,Municipal,Primario
110364,2025.0,8.0,4.0,0.0,MSI,Municipal,Primario
110364,2025.0,9.0,4.0,2.0,MSI,Municipal,Primario
110364,2025.0,10.0,1.0,,MSI,Municipal,Primario
110366,2024.0,10.0,,13.0,MSI,Municipal,Primario
110366,2024.0,11.0,,6.0,MSI,Municipal,Primario
110366,2024.0,12.0,,3.0,MSI,Municipal,Primario
110366,2025.0,1.0,12.0,8.0,MSI,Municipal,Primario
110366,2025.0,2.0,16.0,10.0,MSI,Municipal,Primario
110366,2025.0,3.0,2.0,16.0,MSI,Municipal,Primario
110366,2025.0,4.0,0.0,16.0,MSI,Municipal,Primario
110366,2025.0,5.0,10.0,12.0,MSI,Municipal,Primario
110366,2025.0,6.0,4.0,10.0,MSI,Municipal,Primario
110366,2025.0,7.0,16.0,20.0,MSI,Municipal,Primario
110366,2025.0,8.0,,14.0,MSI,Municipal,Primario
110366,2025.0,9.0,14.0,14.0,MSI,Municipal,Primario
110366,2025.0,10.0,4.0,,MSI,Municipal,Primario
110369,2024.0,10.0,,2.0,MSI,Municipal,Primario
110369,2024.0,11.0,,5.0,MSI,Municipal,Primario
110369,2024.0,12.0,,6.0,MSI,Municipal,Primario
110369,2025.0,1.0,6.0,16.0,MSI,Municipal,Primario
110369,2025.0,2.0,4.0,8.0,MSI,Municipal,Primario
110369,2025.0,3.0,8.0,12.0,MSI,Municipal,Primario
110369,2025.0,4.0,8.0,6.0,MSI,Municipal,Primario
110369,2025.0,5.0,10.0,14.0,MSI,Municipal,Primario
110369,2025.0,6.0,18.0,4.0,MSI,Municipal,Primario
110369,2025.0,7.0,6.0,4.0,MSI,Municipal,Primario
110369,2025.0,8.0,8.0,2.0,MSI,Municipal,Primario
110369,2025.0,9.0,2.0,2.0,MSI,Municipal,Primario
110370,2024.0,10.0,,1.0,MSI,Municipal,Primario
110370,2024.0,11.0,,0.0,MSI,Municipal,Primario
110370,2024.0,12.0,,0.0,MSI,Municipal,Primario
110370,2025.0,1.0,,2.0,MSI,Municipal,Primario
110370,2025.0,2.0,,6.0,MSI,Municipal,Primario
110370,2025.0,3.0,,6.0,MSI,Municipal,Primario
110370,2025.0,4.0,4.0,4.0,MSI,Municipal,Primario
110370,2025.0,5.0,2.0,2.0,MSI,Municipal,Primario
110370,2025.0,6.0,2.0,0.0,MSI,Municipal,Primario
110370,2025.0,7.0,6.0,0.0,MSI,Municipal,Primario
110370,2025.0,8.0,0.0,0.0,MSI,Municipal,Primario
110370,2025.0,9.0,4.0,2.0,MSI,Municipal,Primario
110370,2025.0,10.0,3.0,,MSI,Municipal,Primario
110375,2024.0,10.0,,0.0,MSI,Municipal,Primario
110375,2024.0,12.0,,4.0,MSI,Municipal,Primario
110375,2025.0,1.0,0.0,0.0,MSI,Municipal,Primario
110375,2025.0,2.0,,1.0,MSI,Municipal,Primario
110375,2025.0,3.0,,2.0,MSI,Municipal,Primario
110375,2025.0,4.0,4.0,2.0,MSI,Municipal,Primario
110375,2025.0,5.0,0.0,2.0,MSI,Municipal,Primario
110375,2025.0,6.0,4.0,,MSI,Municipal,Primario
110375,2025.0,7.0,2.0,2.0,MSI,Municipal,Primario
110375,2025.0,8.0,2.0,,MSI,Municipal,Primario
110375,2025.0,9.0,0.0,0.0,MSI,Municipal,Primario
110375,2025.0,10.0,1.0,,MSI,Municipal,Primario
110378,2024.0,10.0,,0.0,MSI,Municipal,Primario
110378,2024.0,11.0,,3.0,MSI,Municipal,Primario
110378,2024.0,12.0,,0.0,MSI,Municipal,Primario
110378,2025.0,1.0,0.0,14.0,MSI,Municipal,Primario
110378,2025.0,2.0,4.0,4.0,MSI,Municipal,Primario
110378,2025.0,3.0,2.0,10.0,MSI,Municipal,Primario
110378,2025.0,4.0,8.0,10.0,MSI,Municipal,Primario
110378,2025.0,5.0,6.0,8.0,MSI,Municipal,Primario
110378,2025.0,6.0,10.0,4.0,MSI,Municipal,Primario
110378,2025.0,7.0,4.0,2.0,MSI,Municipal,Primario
110378,2025.0,8.0,8.0,0.0,MSI,Municipal,Primario
110378,2025.0,9.0,6.0,8.0,MSI,Municipal,Primario
110378,2025.0,10.0,5.0,,MSI,Municipal,Primario
110379,2024.0,10.0,,1.0,MSI,Municipal,Primario
110379,2024.0,11.0,,3.0,MSI,Municipal,Primario
110379,2024.0,12.0,,1.0,MSI,Municipal,Primario
110379,2025.0,1.0,0.0,6.0,MSI,Municipal,Primario
110379,2025.0,2.0,2.0,,MSI,Municipal,Primario
110379,2025.0,3.0,2.0,4.0,MSI,Municipal,Primario
110379,2025.0,4.0,2.0,2.0,MSI,Municipal,Primario
110379,2025.0,5.0,0.0,0.0,MSI,Municipal,Primario
110379,2025.0,6.0,2.0,2.0,MSI,Municipal,Primario
110379,2025.0,7.0,2.0,2.0,MSI,Municipal,Primario
110379,2025.0,8.0,,2.0,MSI,Municipal,Primario
110379,2025.0,9.0,2.0,4.0,MSI,Municipal,Primario
110379,2025.0,10.0,1.0,,MSI,Municipal,Primario
110380,2024.0,10.0,,1.0,MSI,Municipal,Primario
110380,2024.0,11.0,,1.0,MSI,Municipal,Primario
110380,2025.0,1.0,8.0,4.0,MSI,Municipal,Primario
110380,2025.0,2.0,,4.0,MSI,Municipal,Primario
110380,2025.0,4.0,2.0,,MSI,Municipal,Primario
110380,2025.0,5.0,,0.0,MSI,Municipal,Primario
110380,2025.0,6.0,,0.0,MSI,Municipal,Primario
110380,2025.0,7.0,4.0,,MSI,Municipal,Primario
110380,2025.0,9.0,,2.0,MSI,Municipal,Primario
110381,2024.0,10.0,,0.0,MSI,Municipal,Primario
110381,2024.0,11.0,,2.0,MSI,Municipal,Primario
110381,2024.0,12.0,,1.0,MSI,Municipal,Primario
110381,2025.0,1.0,,0.0,MSI,Municipal,Primario
110381,2025.0,2.0,,6.0,MSI,Municipal,Primario
110381,2025.0,3.0,0.0,0.0,MSI,Municipal,Primario
110381,2025.0,4.0,2.0,4.0,MSI,Municipal,Primario
110381,2025.0,5.0,2.0,,MSI,Municipal,Primario
110381,2025.0,6.0,4.0,4.0,MSI,Municipal,Primario
110381,2025.0,7.0,,4.0,MSI,Municipal,Primario
110381,2025.0,8.0,4.0,8.0,MSI,Municipal,Primario
110381,2025.0,9.0,4.0,,MSI,Municipal,Primario
110381,2025.0,10.0,1.0,,MSI,Municipal,Primario
110385,2024.0,11.0,,1.0,MSI,Municipal,Primario
110385,2024.0,12.0,,0.0,MSI,Municipal,Primario
110385,2025.0,1.0,,2.0,MSI,Municipal,Primario
110385,2025.0,3.0,2.0,,MSI,Municipal,Primario
110385,2025.0,4.0,2.0,,MSI,Municipal,Primario
110385,2025.0,5.0,,0.0,MSI,Municipal,Primario
110385,2025.0,8.0,,2.0,MSI,Municipal,Primario
110385,2025.0,9.0,,0.0,MSI,Municipal,Primario
110387,2024.0,10.0,,6.0,MSI,Municipal,Primario
110387,2024.0,12.0,,2.0,MSI,Municipal,Primario
110387,2025.0,1.0,0.0,14.0,MSI,Municipal,Primario
110387,2025.0,2.0,6.0,4.0,MSI,Municipal,Primario
110387,2025.0,3.0,12.0,4.0,MSI,Municipal,Primario
110387,2025.0,4.0,10.0,2.0,MSI,Municipal,Primario
110387,2025.0,5.0,8.0,2.0,MSI,Municipal,Primario
110387,2025.0,6.0,4.0,4.0,MSI,Municipal,Primario
110387,2025.0,7.0,0.0,0.0,MSI,Municipal,Primario
110387,2025.0,8.0,,4.0,MSI,Municipal,Primario
110387,2025.0,9.0,,4.0,MSI,Municipal,Primario
110387,2025.0,10.0,2.0,,MSI,Municipal,Primario
110390,2024.0,10.0,,3.0,MSI,Municipal,Primario
110390,2024.0,11.0,,2.0,MSI,Municipal,Primario
110390,2024.0,12.0,,0.0,MSI,Municipal,Primario
110390,2025.0,1.0,12.0,10.0,MSI,Municipal,Primario
110390,2025.0,2.0,2.0,10.0,MSI,Municipal,Primario
110390,2025.0,3.0,4.0,2.0,MSI,Municipal,Primario
110390,2025.0,4.0,8.0,4.0,MSI,Municipal,Primario
110390,2025.0,5.0,10.0,8.0,MSI,Municipal,Primario
110390,2025.0,6.0,6.0,4.0,MSI,Municipal,Primario
110390,2025.0,7.0,2.0,8.0,MSI,Municipal,Primario
110390,2025.0,8.0,2.0,10.0,MSI,Municipal,Primario
110390,2025.0,9.0,2.0,8.0,MSI,Municipal,Primario
110390,2025.0,10.0,0.0,,MSI,Municipal,Primario
110393,2025.0,2.0,,2.0,MSI,Municipal,Primario
110393,2025.0,5.0,2.0,,MSI,Municipal,Primario
110393,2025.0,7.0,,0.0,MSI,Municipal,Primario
110400,2025.0,1.0,2.0,,MSI,Municipal,Primario
110425,2024.0,10.0,,3.0,MSI,Municipal,Primario
110425,2024.0,11.0,,4.0,MSI,Municipal,Primario
110425,2024.0,12.0,,1.0,MSI,Municipal,Primario
110425,2025.0,1.0,4.0,4.0,MSI,Municipal,Primario
110425,2025.0,2.0,2.0,0.0,MSI,Municipal,Primario
110425,2025.0,3.0,2.0,,MSI,Municipal,Primario
110425,2025.0,4.0,6.0,0.0,MSI,Municipal,Primario
110425,2025.0,5.0,0.0,4.0,MSI,Municipal,Primario
110425,2025.0,6.0,,2.0,MSI,Municipal,Primario
110425,2025.0,7.0,0.0,2.0,MSI,Municipal,Primario
110425,2025.0,8.0,2.0,8.0,MSI,Municipal,Primario
110425,2025.0,9.0,2.0,4.0,MSI,Municipal,Primario
110425,2025.0,10.0,2.0,,MSI,Municipal,Primario
110430,2024.0,11.0,,1.0,MSI,Municipal,Primario
110430,2025.0,2.0,,2.0,MSI,Municipal,Primario
110430,2025.0,3.0,,2.0,MSI,Municipal,Primario
110430,2025.0,4.0,,0.0,MSI,Municipal,Primario
110430,2025.0,5.0,4.0,,MSI,Municipal,Primario
110430,2025.0,6.0,,2.0,MSI,Municipal,Primario
110430,2025.0,10.0,1.0,,MSI,Municipal,Primario
110431,2024.0,10.0,,2.0,MSI,Municipal,Primario
110431,2024.0,12.0,,1.0,MSI,Municipal,Primario
110431,2025.0,1.0,0.0,0.0,MSI,Municipal,Primario
110431,2025.0,2.0,0.0,,MSI,Municipal,Primario
110431,2025.0,4.0,,2.0,MSI,Municipal,Primario
110431,2025.0,6.0,,2.0,MSI,Municipal,Primario
110431,2025.0,7.0,2.0,4.0,MSI,Municipal,Primario
110431,2025.0,9.0,2.0,2.0,MSI,Municipal,Primario
110431,2025.0,10.0,2.0,,MSI,Municipal,Primario
110432,2024.0,10.0,,0.0,MSI,Municipal,Primario
110432,2024.0,12.0,,1.0,MSI,Municipal,Primario
110432,2025.0,1.0,,0.0,MSI,Municipal,Primario
110432,2025.0,3.0,0.0,2.0,MSI,Municipal,Primario
110432,2025.0,4.0,2.0,,MSI,Municipal,Primario
110432,2025.0,9.0,0.0,,MSI,Municipal,Primario
110440,2024.0,10.0,,0.0,MSI,Municipal,Primario
110440,2025.0,1.0,0.0,2.0,MSI,Municipal,Primario
110440,2025.0,2.0,0.0,,MSI,Municipal,Primario
110440,2025.0,4.0,,0.0,MSI,Municipal,Primario
110440,2025.0,5.0,2.0,0.0,MSI,Municipal,Primario
110440,2025.0,6.0,0.0,0.0,MSI,Municipal,Primario
110440,2025.0,9.0,,0.0,MSI,Municipal,Primario
110445,2024.0,10.0,,1.0,MSI,Municipal,Primario
110445,2025.0,1.0,2.0,,MSI,Municipal,Primario
110445,2025.0,2.0,0.0,0.0,MSI,Municipal,Primario
110445,2025.0,4.0,2.0,2.0,MSI,Municipal,Primario
110445,2025.0,5.0,,4.0,MSI,Municipal,Primario
110445,2025.0,6.0,,3.0,MSI,Municipal,Primario
110445,2025.0,8.0,2.0,2.0,MSI,Municipal,Primario
110445,2025.0,10.0,2.0,,MSI,Municipal,Primario
110455,2025.0,2.0,,0.0,MSI,Municipal,Primario
110455,2025.0,7.0,,2.0,MSI,Municipal,Primario
110455,2025.0,8.0,,0.0,MSI,Municipal,Primario
110455,2025.0,9.0,2.0,0.0,MSI,Municipal,Primario
110455,2025.0,10.0,0.0,,MSI,Municipal,Primario
110465,2024.0,10.0,,1.0,MSI,Municipal,Primario
110465,2024.0,12.0,,1.0,MSI,Municipal,Primario
110465,2025.0,1.0,2.0,,MSI,Municipal,Primario
110465,2025.0,3.0,2.0,,MSI,Municipal,Primario
110465,2025.0,5.0,,2.0,MSI,Municipal,Primario
110465,2025.0,9.0,2.0,,MSI,Municipal,Primario
110470,2025.0,6.0,,2.0,MSI,Municipal,Primario
110470,2025.0,8.0,0.0,,MSI,Municipal,Primario
110470,2025.0,10.0,1.0,,MSI,Municipal,Primario
110475,2024.0,10.0,,0.0,MSI,Municipal,Primario
110475,2024.0,12.0,,0.0,MSI,Municipal,Primario
110475,2025.0,1.0,0.0,,MSI,Municipal,Primario
110475,2025.0,5.0,,2.0,MSI,Municipal,Primario
110475,2025.0,7.0,,2.0,MSI,Municipal,Primario
110475,2025.0,9.0,2.0,,MSI,Municipal,Primario
110475,2025.0,10.0,0.0,,MSI,Municipal,Primario
110477,2024.0,10.0,,0.0,MSI,Servicio de Salud,Primario
110477,2024.0,12.0,,0.0,MSI,Servicio de Salud,Primario
110477,2025.0,2.0,,2.0,MSI,Servicio de Salud,Primario
110477,2025.0,3.0,0.0,2.0,MSI,Servicio de Salud,Primario
110477,2025.0,5.0,0.0,,MSI,Servicio de Salud,Primario
110477,2025.0,6.0,0.0,,MSI,Servicio de Salud,Primario
110477,2025.0,7.0,,2.0,MSI,Servicio de Salud,Primario
110477,2025.0,8.0,2.0,,MSI,Servicio de Salud,Primario
110477,2025.0,9.0,0.0,0.0,MSI,Servicio de Salud,Primario
110485,2024.0,10.0,,0.0,MSI,Municipal,Primario
110485,2025.0,3.0,0.0,,MSI,Municipal,Primario
110485,2025.0,4.0,,0.0,MSI,Municipal,Primario
110485,2025.0,7.0,0.0,,MSI,Municipal,Primario
110485,2025.0,8.0,0.0,,MSI,Municipal,Primario
110485,2025.0,9.0,,0.0,MSI,Municipal,Primario
110490,2025.0,8.0,,0.0,MSI,Municipal,Primario
110492,2024.0,12.0,,0.0,MSI,Municipal,Primario
110492,2025.0,9.0,,0.0,MSI,Municipal,Primario
110495,2025.0,1.0,,0.0,MSI,Municipal,Primario
110495,2025.0,4.0,0.0,,MSI,Municipal,Primario
110495,2025.0,6.0,,0.0,MSI,Municipal,Primario
110495,2025.0,7.0,,0.0,MSI,Municipal,Primario
110495,2025.0,10.0,0.0,,MSI,Municipal,Primario
110503,2024.0,10.0,,0.0,MSI,Municipal,Primario
110503,2024.0,11.0,,1.0,MSI,Municipal,Primario
110503,2025.0,1.0,2.0,0.0,MSI,Municipal,Primario
110503,2025.0,4.0,,0.0,MSI,Municipal,Primario
110503,2025.0,5.0,,2.0,MSI,Municipal,Primario
110503,2025.0,6.0,2.0,,MSI,Municipal,Primario
110503,2025.0,7.0,0.0,0.0,MSI,Municipal,Primario
110503,2025.0,8.0,0.0,0.0,MSI,Municipal,Primario
110503,2025.0,9.0,0.0,2.0,MSI,Municipal,Primario
110503,2025.0,10.0,0.0,,MSI,Municipal,Primario
110720,2024.0,10.0,,1.0,MSI,Municipal,Primario
110720,2025.0,1.0,,0.0,MSI,Municipal,Primario
110720,2025.0,2.0,,4.0,MSI,Municipal,Primario
110720,2025.0,3.0,2.0,,MSI,Municipal,Primario
110720,2025.0,4.0,2.0,,MSI,Municipal,Primario
110720,2025.0,5.0,,2.0,MSI,Municipal,Primario
110720,2025.0,6.0,2.0,,MSI,Municipal,Primario
110720,2025.0,9.0,,0.0,MSI,Municipal,Primario
110720,2025.0,10.0,1.0,,MSI,Municipal,Primario
110725,2025.0,1.0,,2.0,MSI,Municipal,Primario
110725,2025.0,2.0,,2.0,MSI,Municipal,Primario
110725,2025.0,5.0,,4.0,MSI,Municipal,Primario
110725,2025.0,6.0,,2.0,MSI,Municipal,Primario
110725,2025.0,7.0,2.0,,MSI,Municipal,Primario
110725,2025.0,8.0,2.0,,MSI,Municipal,Primario
110725,2025.0,9.0,4.0,2.0,MSI,Municipal,Primario
110735,2025.0,6.0,,2.0,MSI,Municipal,Primario
110735,2025.0,7.0,,2.0,MSI,Municipal,Primario
110735,2025.0,9.0,2.0,,MSI,Municipal,Primario
110750,2024.0,10.0,,1.0,MSI,Municipal,Primario
110750,2025.0,2.0,,2.0,MSI,Municipal,Primario
110750,2025.0,4.0,,2.0,MSI,Municipal,Primario
110750,2025.0,6.0,,2.0,MSI,Municipal,Primario
110750,2025.0,8.0,,2.0,MSI,Municipal,Primario
110750,2025.0,9.0,2.0,,MSI,Municipal,Primario
110752,2024.0,10.0,,0.0,MSI,Municipal,Primario
110752,2025.0,1.0,0.0,2.0,MSI,Municipal,Primario
110752,2025.0,3.0,,4.0,MSI,Municipal,Primario
110752,2025.0,4.0,,0.0,MSI,Municipal,Primario
110752,2025.0,6.0,2.0,0.0,MSI,Municipal,Primario
110752,2025.0,7.0,0.0,2.0,MSI,Municipal,Primario
110752,2025.0,8.0,0.0,,MSI,Municipal,Primario
110752,2025.0,9.0,2.0,,MSI,Municipal,Primario
110754,2025.0,6.0,,0.0,MSI,Municipal,Primario
110756,2025.0,8.0,,2.0,MSI,Municipal,Primario
110760,2024.0,11.0,,1.0,MSI,Servicio de Salud,Primario
110760,2024.0,12.0,,1.0,MSI,Servicio de Salud,Primario
110760,2025.0,1.0,,0.0,MSI,Servicio de Salud,Primario
110760,2025.0,2.0,2.0,,MSI,Servicio de Salud,Primario
110760,2025.0,3.0,2.0,4.0,MSI,Servicio de Salud,Primario
110760,2025.0,4.0,2.0,2.0,MSI,Servicio de Salud,Primario
110760,2025.0,6.0,2.0,,MSI,Servicio de Salud,Primario
110760,2025.0,7.0,,2.0,MSI,Servicio de Salud,Primario
110760,2025.0,8.0,0.0,0.0,MSI,Servicio de Salud,Primario
110775,2024.0,10.0,,2.0,MSI,Municipal,Primario
110775,2024.0,11.0,,1.0,MSI,Municipal,Primario
110775,2025.0,1.0,2.0,,MSI,Municipal,Primario
110775,2025.0,2.0,2.0,,MSI,Municipal,Primario
110775,2025.0,6.0,2.0,0.0,MSI,Municipal,Primario
110775,2025.0,8.0,,4.0,MSI,Municipal,Primario
110778,2024.0,10.0,,2.0,MSI,Municipal,Primario
110778,2024.0,11.0,,1.0,MSI,Municipal,Primario
110778,2025.0,1.0,,6.0,MSI,Municipal,Primario
110778,2025.0,3.0,,0.0,MSI,Municipal,Primario
110778,2025.0,4.0,4.0,,MSI,Municipal,Primario
110778,2025.0,5.0,2.0,,MSI,Municipal,Primario
110778,2025.0,6.0,0.0,2.0,MSI,Municipal,Primario
110778,2025.0,7.0,,0.0,MSI,Municipal,Primario
110778,2025.0,8.0,0.0,0.0,MSI,Municipal,Primario
110778,2025.0,9.0,0.0,0.0,MSI,Municipal,Primario
110778,2025.0,10.0,0.0,,MSI,Municipal,Primario
110781,2025.0,2.0,,0.0,MSI,Municipal,Primario
110781,2025.0,5.0,,2.0,MSI,Municipal,Primario
110781,2025.0,6.0,,2.0,MSI,Municipal,Primario
110781,2025.0,8.0,2.0,2.0,MSI,Municipal,Primario
110781,2025.0,9.0,,0.0,MSI,Municipal,Primario
110781,2025.0,10.0,0.0,,MSI,Municipal,Primario
110783,2025.0,5.0,,2.0,MSI,Municipal,Primario
110783,2025.0,7.0,,0.0,MSI,Municipal,Primario
110783,2025.0,8.0,2.0,,MSI,Municipal,Primario
111300,2024.0,10.0,,4.0,MSI,Servicio de Salud,Primario
111300,2024.0,11.0,,4.0,MSI,Servicio de Salud,Primario
111300,2024.0,12.0,,3.0,MSI,Servicio de Salud,Primario
111300,2025.0,1.0,4.0,10.0,MSI,Servicio de Salud,Primario
111300,2025.0,2.0,2.0,10.0,MSI,Servicio de Salud,Primario
111300,2025.0,3.0,4.0,6.0,MSI,Servicio de Salud,Primario
111300,2025.0,4.0,12.0,2.0,MSI,Servicio de Salud,Primario
111300,2025.0,5.0,6.0,10.0,MSI,Servicio de Salud,Primario
111300,2025.0,6.0,6.0,10.0,MSI,Servicio de Salud,Primario
111300,2025.0,7.0,2.0,8.0,MSI,Servicio de Salud,Primario
111300,2025.0,8.0,6.0,7.0,MSI,Servicio de Salud,Primario
111300,2025.0,9.0,8.0,8.0,MSI,Servicio de Salud,Primario
111300,2025.0,10.0,4.0,,MSI,Servicio de Salud,Primario
111301,2024.0,10.0,,1.0,MSI,Servicio de Salud,Primario
111301,2024.0,11.0,,6.0,MSI,Servicio de Salud,Primario
111301,2024.0,12.0,,2.0,MSI,Servicio de Salud,Primario
111301,2025.0,1.0,4.0,16.0,MSI,Servicio de Salud,Primario
111301,2025.0,2.0,0.0,8.0,MSI,Servicio de Salud,Primario
111301,2025.0,3.0,4.0,16.0,MSI,Servicio de Salud,Primario
111301,2025.0,4.0,6.0,8.0,MSI,Servicio de Salud,Primario
111301,2025.0,5.0,2.0,16.0,MSI,Servicio de Salud,Primario
111301,2025.0,6.0,6.0,14.0,MSI,Servicio de Salud,Primario
111301,2025.0,7.0,0.0,10.0,MSI,Servicio de Salud,Primario
111301,2025.0,8.0,4.0,8.0,MSI,Servicio de Salud,Primario
111301,2025.0,9.0,6.0,4.0,MSI,Servicio de Salud,Primario
111301,2025.0,10.0,2.0,,MSI,Servicio de Salud,Primario
111302,2024.0,10.0,,3.0,MSI,Servicio de Salud,Primario
111302,2024.0,11.0,,5.0,MSI,Servicio de Salud,Primario
111302,2024.0,12.0,,2.0,MSI,Servicio de Salud,Primario
111302,2025.0,1.0,6.0,4.0,MSI,Servicio de Salud,Primario
111302,2025.0,2.0,6.0,2.0,MSI,Servicio de Salud,Primario
111302,2025.0,3.0,2.0,0.0,MSI,Servicio de Salud,Primario
111302,2025.0,4.0,4.0,2.0,MSI,Servicio de Salud,Primario
111302,2025.0,5.0,6.0,2.0,MSI,Servicio de Salud,Primario
111302,2025.0,6.0,2.0,2.0,MSI,Servicio de Salud,Primario
111302,2025.0,7.0,4.0,2.0,MSI,Servicio de Salud,Primario
111302,2025.0,8.0,2.0,6.0,MSI,Servicio de Salud,Primario
111302,2025.0,9.0,6.0,2.0,MSI,Servicio de Salud,Primario
111302,2025.0,10.0,1.0,,MSI,Servicio de Salud,Primario
111303,2024.0,10.0,,1.0,MSI,Municipal,Primario
111303,2024.0,11.0,,3.0,MSI,Municipal,Primario
111303,2024.0,12.0,,2.0,MSI,Municipal,Primario
111303,2025.0,1.0,,2.0,MSI,Municipal,Primario
111303,2025.0,2.0,6.0,8.0,MSI,Municipal,Primario
111303,2025.0,3.0,2.0,4.0,MSI,Municipal,Primario
111303,2025.0,4.0,2.0,2.0,MSI,Municipal,Primario
111303,2025.0,5.0,2.0,6.0,MSI,Municipal,Primario
111303,2025.0,6.0,0.0,4.0,MSI,Municipal,Primario
111303,2025.0,7.0,6.0,4.0,MSI,Municipal,Primario
111303,2025.0,8.0,2.0,2.0,MSI,Municipal,Primario
111303,2025.0,9.0,2.0,2.0,MSI,Municipal,Primario
111303,2025.0,10.0,1.0,,MSI,Municipal,Primario
111304,2024.0,10.0,,7.0,MSI,Servicio de Salud,Primario
111304,2024.0,11.0,,1.0,MSI,Servicio de Salud,Primario
111304,2024.0,12.0,,3.0,MSI,Servicio de Salud,Primario
111304,2025.0,1.0,2.0,12.0,MSI,Servicio de Salud,Primario
111304,2025.0,2.0,12.0,10.0,MSI,Servicio de Salud,Primario
111304,2025.0,3.0,4.0,12.0,MSI,Servicio de Salud,Primario
111304,2025.0,4.0,4.0,8.0,MSI,Servicio de Salud,Primario
111304,2025.0,5.0,6.0,2.0,MSI,Servicio de Salud,Primario
111304,2025.0,6.0,2.0,4.0,MSI,Servicio de Salud,Primario
111304,2025.0,7.0,4.0,16.0,MSI,Servicio de Salud,Primario
111304,2025.0,8.0,8.0,0.0,MSI,Servicio de Salud,Primario
111304,2025.0,9.0,4.0,10.0,MSI,Servicio de Salud,Primario
111304,2025.0,10.0,3.0,,MSI,Servicio de Salud,Primario
111305,2024.0,10.0,,2.0,MSI,Servicio de Salud,Primario
111305,2024.0,11.0,,4.0,MSI,Servicio de Salud,Primario
111305,2024.0,12.0,,6.0,MSI,Servicio de Salud,Primario
111305,2025.0,1.0,4.0,6.0,MSI,Servicio de Salud,Primario
111305,2025.0,2.0,,6.0,MSI,Servicio de Salud,Primario
111305,2025.0,3.0,,4.0,MSI,Servicio de Salud,Primario
111305,2025.0,4.0,2.0,10.0,MSI,Servicio de Salud,Primario
111305,2025.0,5.0,8.0,20.0,MSI,Servicio de Salud,Primario
111305,2025.0,6.0,2.0,4.0,MSI,Servicio de Salud,Primario
111305,2025.0,7.0,2.0,10.0,MSI,Servicio de Salud,Primario
111305,2025.0,8.0,2.0,14.0,MSI,Servicio de Salud,Primario
111305,2025.0,9.0,4.0,4.0,MSI,Servicio de Salud,Primario
111305,2025.0,10.0,8.0,,MSI,Servicio de Salud,Primario
111306,2024.0,10.0,,1.0,MSI,Servicio de Salud,Primario
111306,2024.0,11.0,,1.0,MSI,Servicio de Salud,Primario
111306,2024.0,12.0,,4.0,MSI,Servicio de Salud,Primario
111306,2025.0,1.0,,2.0,MSI,Servicio de Salud,Primario
111306,2025.0,2.0,2.0,2.0,MSI,Servicio de Salud,Primario
111306,2025.0,3.0,0.0,2.0,MSI,Servicio de Salud,Primario
111306,2025.0,4.0,,8.0,MSI,Servicio de Salud,Primario
111306,2025.0,5.0,4.0,0.0,MSI,Servicio de Salud,Primario
111306,2025.0,6.0,,2.0,MSI,Servicio de Salud,Primario
111306,2025.0,7.0,6.0,0.0,MSI,Servicio de Salud,Primario
111306,2025.0,8.0,,0.0,MSI,Servicio de Salud,Primario
111306,2025.0,9.0,6.0,0.0,MSI,Servicio de Salud,Primario
111307,2024.0,10.0,,1.0,MSI,Servicio de Salud,Primario
111307,2024.0,11.0,,0.0,MSI,Servicio de Salud,Primario
111307,2024.0,12.0,,0.0,MSI,Servicio de Salud,Primario
111307,2025.0,1.0,0.0,2.0,MSI,Servicio de Salud,Primario
111307,2025.0,2.0,,0.0,MSI,Servicio de Salud,Primario
111307,2025.0,3.0,,2.0,MSI,Servicio de Salud,Primario
111307,2025.0,4.0,,2.0,MSI,Servicio de Salud,Primario
111307,2025.0,5.0,,2.0,MSI,Servicio de Salud,Primario
111307,2025.0,6.0,0.0,4.0,MSI,Servicio de Salud,Primario
111307,2025.0,7.0,,2.0,MSI,Servicio de Salud,Primario
111307,2025.0,8.0,2.0,2.0,MSI,Servicio de Salud,Primario
111307,2025.0,9.0,4.0,,MSI,Servicio de Salud,Primario
111307,2025.0,10.0,0.0,,MSI,Servicio de Salud,Primario
111308,2024.0,10.0,,3.0,MSI,Servicio de Salud,Primario
111308,2024.0,11.0,,5.0,MSI,Servicio de Salud,Primario
111308,2024.0,12.0,,1.0,MSI,Servicio de Salud,Primario
111308,2025.0,1.0,2.0,2.0,MSI,Servicio de Salud,Primario
111308,2025.0,2.0,4.0,2.0,MSI,Servicio de Salud,Primario
111308,2025.0,3.0,6.0,4.0,MSI,Servicio de Salud,Primario
111308,2025.0,4.0,4.0,8.0,MSI,Servicio de Salud,Primario
111308,2025.0,5.0,2.0,2.0,MSI,Servicio de Salud,Primario
111308,2025.0,6.0,0.0,6.0,MSI,Servicio de Salud,Primario
111308,2025.0,7.0,2.0,6.0,MSI,Servicio de Salud,Primario
111308,2025.0,8.0,2.0,8.0,MSI,Servicio de Salud,Primario
111308,2025.0,9.0,8.0,6.0,MSI,Servicio de Salud,Primario
111308,2025.0,10.0,4.0,,MSI,Servicio de Salud,Primario
111309,2024.0,10.0,,0.0,MSI,Servicio de Salud,Primario
111309,2024.0,11.0,,0.0,MSI,Servicio de Salud,Primario
111309,2024.0,12.0,,0.0,MSI,Servicio de Salud,Primario
111309,2025.0,1.0,4.0,4.0,MSI,Servicio de Salud,Primario
111309,2025.0,2.0,0.0,2.0,MSI,Servicio de Salud,Primario
111309,2025.0,3.0,2.0,2.0,MSI,Servicio de Salud,Primario
111309,2025.0,4.0,2.0,0.0,MSI,Servicio de Salud,Primario
111309,2025.0,5.0,,2.0,MSI,Servicio de Salud,Primario
111309,2025.0,6.0,2.0,2.0,MSI,Servicio de Salud,Primario
111309,2025.0,7.0,0.0,2.0,MSI,Servicio de Salud,Primario
111309,2025.0,8.0,0.0,2.0,MSI,Servicio de Salud,Primario
111309,2025.0,9.0,0.0,0.0,MSI,Servicio de Salud,Primario
111309,2025.0,10.0,1.0,,MSI,Servicio de Salud,Primario
111310,2025.0,1.0,,8.0,MSI,Servicio de Salud,Primario
111310,2025.0,2.0,,16.0,MSI,Servicio de Salud,Primario
111310,2025.0,3.0,14.0,8.0,MSI,Servicio de Salud,Primario
111310,2025.0,4.0,12.0,2.0,MSI,Servicio de Salud,Primario
111310,2025.0,5.0,4.0,2.0,MSI,Servicio de Salud,Primario
111310,2025.0,6.0,8.0,2.0,MSI,Servicio de Salud,Primario
111310,2025.0,9.0,2.0,,MSI,Servicio de Salud,Primario
111370,2024.0,10.0,,0.0,MSI,Municipal,Primario
111370,2024.0,11.0,,2.0,MSI,Municipal,Primario
111370,2024.0,12.0,,6.0,MSI,Municipal,Primario
111370,2025.0,1.0,,4.0,MSI,Municipal,Primario
111370,2025.0,2.0,2.0,,MSI,Municipal,Primario
111370,2025.0,3.0,,2.0,MSI,Municipal,Primario
111370,2025.0,4.0,,2.0,MSI,Municipal,Primario
111370,2025.0,5.0,4.0,4.0,MSI,Municipal,Primario
111370,2025.0,6.0,2.0,4.0,MSI,Municipal,Primario
111370,2025.0,7.0,2.0,4.0,MSI,Municipal,Primario
111370,2025.0,8.0,,2.0,MSI,Municipal,Primario
111370,2025.0,9.0,2.0,10.0,MSI,Municipal,Primario
111370,2025.0,10.0,2.0,,MSI,Municipal,Primario
111372,2024.0,10.0,,1.0,MSI,Municipal,Primario
111372,2024.0,12.0,,3.0,MSI,Municipal,Primario
111372,2025.0,1.0,,6.0,MSI,Municipal,Primario
111372,2025.0,2.0,,4.0,MSI,Municipal,Primario
111372,2025.0,3.0,,0.0,MSI,Municipal,Primario
111372,2025.0,4.0,,0.0,MSI,Municipal,Primario
111372,2025.0,5.0,2.0,0.0,MSI,Municipal,Primario
111372,2025.0,6.0,,2.0,MSI,Municipal,Primario
111372,2025.0,7.0,,0.0,MSI,Municipal,Primario
111372,2025.0,8.0,,2.0,MSI,Municipal,Primario
111372,2025.0,9.0,,8.0,MSI,Municipal,Primario
111372,2025.0,10.0,2.0,,MSI,Municipal,Primario
111376,2024.0,10.0,,2.0,MSI,Municipal,Primario
111376,2024.0,11.0,,3.0,MSI,Municipal,Primario
111376,2024.0,12.0,,2.0,MSI,Municipal,Primario
111376,2025.0,1.0,2.0,4.0,MSI,Municipal,Primario
111376,2025.0,2.0,6.0,2.0,MSI,Municipal,Primario
111376,2025.0,3.0,2.0,9.0,MSI,Municipal,Primario
111376,2025.0,4.0,6.0,2.0,MSI,Municipal,Primario
111376,2025.0,5.0,0.0,0.0,MSI,Municipal,Primario
111376,2025.0,6.0,6.0,2.0,MSI,Municipal,Primario
111376,2025.0,7.0,0.0,6.0,MSI,Municipal,Primario
111376,2025.0,8.0,,10.0,MSI,Municipal,Primario
111376,2025.0,9.0,6.0,6.0,MSI,Municipal,Primario
111376,2025.0,10.0,1.0,,MSI,Municipal,Primario
111378,2024.0,10.0,,3.0,MSI,Municipal,Primario
111378,2024.0,11.0,,0.0,MSI,Municipal,Primario
111378,2024.0,12.0,,1.0,MSI,Municipal,Primario
111378,2025.0,1.0,4.0,6.0,MSI,Municipal,Primario
111378,2025.0,2.0,4.0,6.0,MSI,Municipal,Primario
111378,2025.0,3.0,0.0,2.0,MSI,Municipal,Primario
111378,2025.0,4.0,,0.0,MSI,Municipal,Primario
111378,2025.0,5.0,4.0,4.0,MSI,Municipal,Primario
111378,2025.0,6.0,,0.0,MSI,Municipal,Primario
111378,2025.0,7.0,4.0,2.0,MSI,Municipal,Primario
111378,2025.0,8.0,2.0,2.0,MSI,Municipal,Primario
111378,2025.0,9.0,4.0,6.0,MSI,Municipal,Primario
111379,2024.0,10.0,,5.0,MSI,Municipal,Primario
111379,2024.0,11.0,,2.0,MSI,Municipal,Primario
111379,2024.0,12.0,,4.0,MSI,Municipal,Primario
111379,2025.0,1.0,2.0,2.0,MSI,Municipal,Primario
111379,2025.0,2.0,4.0,,MSI,Municipal,Primario
111379,2025.0,3.0,2.0,2.0,MSI,Municipal,Primario
111379,2025.0,4.0,,2.0,MSI,Municipal,Primario
111379,2025.0,5.0,,4.0,MSI,Municipal,Primario
111379,2025.0,6.0,2.0,4.0,MSI,Municipal,Primario
111379,2025.0,7.0,,0.0,MSI,Municipal,Primario
111379,2025.0,8.0,4.0,6.0,MSI,Municipal,Primario
111379,2025.0,9.0,2.0,,MSI,Municipal,Primario
111380,2024.0,10.0,,2.0,MSI,Municipal,Primario
111380,2024.0,11.0,,3.0,MSI,Municipal,Primario
111380,2024.0,12.0,,4.0,MSI,Municipal,Primario
111380,2025.0,1.0,,6.0,MSI,Municipal,Primario
111380,2025.0,2.0,6.0,2.0,MSI,Municipal,Primario
111380,2025.0,3.0,4.0,2.0,MSI,Municipal,Primario
111380,2025.0,4.0,6.0,2.0,MSI,Municipal,Primario
111380,2025.0,5.0,,2.0,MSI,Municipal,Primario
111380,2025.0,6.0,,2.0,MSI,Municipal,Primario
111380,2025.0,7.0,0.0,2.0,MSI,Municipal,Primario
111380,2025.0,8.0,4.0,6.0,MSI,Municipal,Primario
111380,2025.0,9.0,1.0,0.0,MSI,Municipal,Primario
111381,2024.0,10.0,,3.0,MSI,Municipal,Primario
111381,2024.0,11.0,,4.0,MSI,Municipal,Primario
111381,2024.0,12.0,,3.0,MSI,Municipal,Primario
111381,2025.0,1.0,2.0,6.0,MSI,Municipal,Primario
111381,2025.0,2.0,4.0,4.0,MSI,Municipal,Primario
111381,2025.0,3.0,0.0,4.0,MSI,Municipal,Primario
111381,2025.0,4.0,10.0,4.0,MSI,Municipal,Primario
111381,2025.0,5.0,2.0,4.0,MSI,Municipal,Primario
111381,2025.0,6.0,2.0,2.0,MSI,Municipal,Primario
111381,2025.0,7.0,2.0,0.0,MSI,Municipal,Primario
111381,2025.0,8.0,2.0,2.0,MSI,Municipal,Primario
111381,2025.0,9.0,2.0,8.0,MSI,Municipal,Primario
111381,2025.0,10.0,0.0,,MSI,Municipal,Primario
111382,2024.0,10.0,,3.0,MSI,Municipal,Primario
111382,2024.0,11.0,,5.0,MSI,Municipal,Primario
111382,2024.0,12.0,,5.0,MSI,Municipal,Primario
111382,2025.0,1.0,8.0,6.0,MSI,Municipal,Primario
111382,2025.0,2.0,8.0,0.0,MSI,Municipal,Primario
111382,2025.0,3.0,12.0,4.0,MSI,Municipal,Primario
111382,2025.0,4.0,4.0,8.0,MSI,Municipal,Primario
111382,2025.0,5.0,4.0,4.0,MSI,Municipal,Primario
111382,2025.0,6.0,0.0,4.0,MSI,Municipal,Primario
111382,2025.0,7.0,6.0,8.0,MSI,Municipal,Primario
111382,2025.0,8.0,0.0,8.0,MSI,Municipal,Primario
111382,2025.0,9.0,4.0,4.0,MSI,Municipal,Primario
111382,2025.0,10.0,3.0,,MSI,Municipal,Primario
111383,2024.0,10.0,,0.0,MSI,Municipal,Primario
111383,2024.0,11.0,,0.0,MSI,Municipal,Primario
111383,2024.0,12.0,,1.0,MSI,Municipal,Primario
111383,2025.0,1.0,0.0,6.0,MSI,Municipal,Primario
111383,2025.0,2.0,,2.0,MSI,Municipal,Primario
111383,2025.0,3.0,,0.0,MSI,Municipal,Primario
111383,2025.0,4.0,2.0,4.0,MSI,Municipal,Primario
111383,2025.0,6.0,2.0,2.0,MSI,Municipal,Primario
111383,2025.0,7.0,2.0,4.0,MSI,Municipal,Primario
111383,2025.0,8.0,0.0,2.0,MSI,Municipal,Primario
111383,2025.0,9.0,0.0,4.0,MSI,Municipal,Primario
111383,2025.0,10.0,2.0,,MSI,Municipal,Primario
111400,2024.0,10.0,,0.0,MSI,Servicio de Salud,Primario
111400,2024.0,12.0,,1.0,MSI,Servicio de Salud,Primario
111400,2025.0,1.0,,0.0,MSI,Servicio de Salud,Primario
111400,2025.0,3.0,,2.0,MSI,Servicio de Salud,Primario
111400,2025.0,6.0,2.0,,MSI,Servicio de Salud,Primario
111400,2025.0,7.0,,0.0,MSI,Servicio de Salud,Primario
111400,2025.0,8.0,,2.0,MSI,Servicio de Salud,Primario
111400,2025.0,10.0,0.0,,MSI,Servicio de Salud,Primario
111780,2025.0,5.0,,0.0,MSI,Servicio de Salud,Primario
111780,2025.0,8.0,0.0,,MSI,Servicio de Salud,Primario
111781,2024.0,12.0,,0.0,MSI,Servicio de Salud,Primario
111781,2025.0,5.0,,0.0,MSI,Servicio de Salud,Primario
111781,2025.0,6.0,,0.0,MSI,Servicio de Salud,Primario
111781,2025.0,7.0,,2.0,MSI,Servicio de Salud,Primario
111783,2024.0,12.0,,1.0,MSI,Municipal,Primario
111783,2025.0,2.0,0.0,,MSI,Municipal,Primario
111783,2025.0,4.0,,2.0,MSI,Municipal,Primario
111783,2025.0,6.0,,2.0,MSI,Municipal,Primario
111783,2025.0,7.0,,2.0,MSI,Municipal,Primario
111783,2025.0,9.0,,0.0,MSI,Municipal,Primario
111784,2025.0,3.0,,2.0,MSI,Municipal,Primario
111784,2025.0,7.0,,4.0,MSI,Municipal,Primario
111784,2025.0,10.0,1.0,,MSI,Municipal,Primario
112301,2024.0,12.0,,1.0,MSI,Municipal,Primario
112301,2025.0,1.0,,0.0,MSI,Municipal,Primario
112301,2025.0,4.0,0.0,,MSI,Municipal,Primario
112301,2025.0,5.0,2.0,,MSI,Municipal,Primario
112301,2025.0,6.0,,2.0,MSI,Municipal,Primario
112301,2025.0,8.0,,0.0,MSI,Municipal,Primario
112301,2025.0,9.0,2.0,,MSI,Municipal,Primario
112302,2024.0,10.0,,0.0,MSI,Municipal,Primario
112302,2024.0,11.0,,1.0,MSI,Municipal,Primario
112302,2025.0,2.0,0.0,,MSI,Municipal,Primario
112302,2025.0,4.0,2.0,0.0,MSI,Municipal,Primario
112302,2025.0,5.0,,0.0,MSI,Municipal,Primario
112302,2025.0,7.0,0.0,,MSI,Municipal,Primario
112303,2024.0,11.0,,1.0,MSI,Municipal,Primario
112303,2025.0,1.0,,0.0,MSI,Municipal,Primario
112303,2025.0,4.0,2.0,,MSI,Municipal,Primario
112304,2024.0,12.0,,1.0,MSI,Municipal,Primario
112304,2025.0,3.0,2.0,,MSI,Municipal,Primario
112304,2025.0,4.0,,2.0,MSI,Municipal,Primario
112304,2025.0,7.0,2.0,,MSI,Municipal,Primario
112306,2024.0,10.0,,1.0,MSI,Municipal,Primario
112306,2024.0,11.0,,2.0,MSI,Municipal,Primario
112306,2024.0,12.0,,1.0,MSI,Municipal,Primario
112306,2025.0,1.0,2.0,2.0,MSI,Municipal,Primario
112306,2025.0,2.0,2.0,6.0,MSI,Municipal,Primario
112306,2025.0,3.0,4.0,0.0,MSI,Municipal,Primario
112306,2025.0,4.0,4.0,0.0,MSI,Municipal,Primario
112306,2025.0,5.0,2.0,2.0,MSI,Municipal,Primario
112306,2025.0,6.0,2.0,0.0,MSI,Municipal,Primario
112306,2025.0,7.0,0.0,0.0,MSI,Municipal,Primario
112306,2025.0,8.0,,0.0,MSI,Municipal,Primario
112306,2025.0,9.0,,4.0,MSI,Municipal,Primario
112307,2024.0,10.0,,0.0,MSI,Municipal,Primario
112307,2024.0,11.0,,0.0,MSI,Municipal,Primario
112307,2024.0,12.0,,1.0,MSI,Municipal,Primario
112307,2025.0,1.0,,2.0,MSI,Municipal,Primario
112307,2025.0,2.0,,2.0,MSI,Municipal,Primario
112307,2025.0,3.0,,4.0,MSI,Municipal,Primario
112307,2025.0,4.0,2.0,4.0,MSI,Municipal,Primario
112307,2025.0,5.0,4.0,2.0,MSI,Municipal,Primario
112307,2025.0,6.0,2.0,6.0,MSI,Municipal,Primario
112307,2025.0,7.0,4.0,0.0,MSI,Municipal,Primario
112307,2025.0,8.0,2.0,4.0,MSI,Municipal,Primario
112307,2025.0,9.0,6.0,6.0,MSI,Municipal,Primario
112307,2025.0,10.0,1.0,,MSI,Municipal,Primario
112309,2024.0,10.0,,1.0,MSI,Municipal,Primario
112309,2024.0,12.0,,0.0,MSI,Municipal,Primario
112309,2025.0,1.0,2.0,,MSI,Municipal,Primario
112309,2025.0,2.0,0.0,,MSI,Municipal,Primario
112309,2025.0,5.0,,2.0,MSI,Municipal,Primario
112309,2025.0,7.0,,0.0,MSI,Municipal,Primario
112309,2025.0,8.0,,0.0,MSI,Municipal,Primario
112310,2024.0,10.0,,0.0,MSI,Municipal,Primario
112310,2024.0,12.0,,1.0,MSI,Municipal,Primario
112310,2025.0,1.0,2.0,2.0,MSI,Municipal,Primario
112310,2025.0,2.0,,2.0,MSI,Municipal,Primario
112310,2025.0,3.0,2.0,2.0,MSI,Municipal,Primario
112310,2025.0,4.0,4.0,2.0,MSI,Municipal,Primario
112310,2025.0,5.0,,2.0,MSI,Municipal,Primario
112310,2025.0,6.0,2.0,,MSI,Municipal,Primario
112310,2025.0,7.0,2.0,,MSI,Municipal,Primario
112310,2025.0,8.0,0.0,2.0,MSI,Municipal,Primario
112310,2025.0,9.0,,2.0,MSI,Municipal,Primario
112311,2024.0,11.0,,1.0,MSI,Municipal,Primario
112311,2024.0,12.0,,2.0,MSI,Municipal,Primario
112311,2025.0,1.0,2.0,4.0,MSI,Municipal,Primario
112311,2025.0,2.0,0.0,2.0,MSI,Municipal,Primario
112311,2025.0,3.0,,10.0,MSI,Municipal,Primario
112311,2025.0,4.0,6.0,8.0,MSI,Municipal,Primario
112311,2025.0,5.0,2.0,2.0,MSI,Municipal,Primario
112311,2025.0,6.0,2.0,10.0,MSI,Municipal,Primario
112311,2025.0,7.0,8.0,4.0,MSI,Municipal,Primario
112311,2025.0,8.0,12.0,0.0,MSI,Municipal,Primario
112311,2025.0,9.0,4.0,0.0,MSI,Municipal,Primario
112312,2024.0,10.0,,1.0,MSI,Municipal,Primario
112312,2024.0,12.0,,1.0,MSI,Municipal,Primario
112312,2025.0,1.0,2.0,0.0,MSI,Municipal,Primario
112312,2025.0,2.0,,4.0,MSI,Municipal,Primario
112312,2025.0,3.0,2.0,,MSI,Municipal,Primario
112312,2025.0,5.0,4.0,2.0,MSI,Municipal,Primario
112312,2025.0,6.0,0.0,6.0,MSI,Municipal,Primario
112312,2025.0,7.0,0.0,0.0,MSI,Municipal,Primario
112312,2025.0,8.0,,0.0,MSI,Municipal,Primario
112312,2025.0,9.0,4.0,,MSI,Municipal,Primario
112312,2025.0,10.0,0.0,,MSI,Municipal,Primario
112313,2024.0,10.0,,1.0,MSI,Municipal,Primario
112313,2024.0,12.0,,2.0,MSI,Municipal,Primario
112313,2025.0,1.0,0.0,2.0,MSI,Municipal,Primario
112313,2025.0,3.0,2.0,2.0,MSI,Municipal,Primario
112313,2025.0,4.0,2.0,,MSI,Municipal,Primario
112313,2025.0,6.0,,2.0,MSI,Municipal,Primario
112313,2025.0,7.0,,4.0,MSI,Municipal,Primario
112313,2025.0,8.0,,2.0,MSI,Municipal,Primario
112313,2025.0,9.0,2.0,1.0,MSI,Municipal,Primario
112313,2025.0,10.0,2.0,,MSI,Municipal,Primario
112314,2024.0,10.0,,2.0,MSI,Municipal,Primario
112314,2024.0,11.0,,1.0,MSI,Municipal,Primario
112314,2024.0,12.0,,3.0,MSI,Municipal,Primario
112314,2025.0,1.0,0.0,4.0,MSI,Municipal,Primario
112314,2025.0,2.0,2.0,2.0,MSI,Municipal,Primario
112314,2025.0,3.0,6.0,6.0,MSI,Municipal,Primario
112314,2025.0,4.0,4.0,2.0,MSI,Municipal,Primario
112314,2025.0,5.0,2.0,,MSI,Municipal,Primario
112314,2025.0,6.0,8.0,4.0,MSI,Municipal,Primario
112314,2025.0,7.0,6.0,6.0,MSI,Municipal,Primario
112314,2025.0,8.0,6.0,4.0,MSI,Municipal,Primario
112314,2025.0,9.0,4.0,0.0,MSI,Municipal,Primario
112314,2025.0,10.0,1.0,,MSI,Municipal,Primario
112315,2024.0,10.0,,0.0,MSI,Municipal,Primario
112315,2024.0,11.0,,1.0,MSI,Municipal,Primario
112315,2024.0,12.0,,1.0,MSI,Municipal,Primario
112315,2025.0,1.0,2.0,4.0,MSI,Municipal,Primario
112315,2025.0,2.0,,2.0,MSI,Municipal,Primario
112315,2025.0,3.0,2.0,2.0,MSI,Municipal,Primario
112315,2025.0,4.0,2.0,0.0,MSI,Municipal,Primario
112315,2025.0,5.0,4.0,2.0,MSI,Municipal,Primario
112315,2025.0,6.0,2.0,0.0,MSI,Municipal,Primario
112315,2025.0,7.0,0.0,0.0,MSI,Municipal,Primario
112315,2025.0,8.0,2.0,4.0,MSI,Municipal,Primario
112315,2025.0,9.0,0.0,0.0,MSI,Municipal,Primario
112315,2025.0,10.0,1.0,,MSI,Municipal,Primario
112316,2024.0,10.0,,4.0,MSI,Municipal,Primario
112316,2024.0,11.0,,2.0,MSI,Municipal,Primario
112316,2024.0,12.0,,3.0,MSI,Municipal,Primario
112316,2025.0,1.0,2.0,6.0,MSI,Municipal,Primario
112316,2025.0,2.0,0.0,10.0,MSI,Municipal,Primario
112316,2025.0,3.0,2.0,4.0,MSI,Municipal,Primario
112316,2025.0,4.0,0.0,6.0,MSI,Municipal,Primario
112316,2025.0,5.0,12.0,6.0,MSI,Municipal,Primario
112316,2025.0,6.0,6.0,2.0,MSI,Municipal,Primario
112316,2025.0,7.0,4.0,6.0,MSI,Municipal,Primario
112316,2025.0,8.0,4.0,4.0,MSI,Municipal,Primario
112316,2025.0,9.0,,4.0,MSI,Municipal,Primario
112316,2025.0,10.0,2.0,,MSI,Municipal,Primario
112317,2024.0,10.0,,1.0,MSI,Municipal,Primario
112317,2024.0,11.0,,3.0,MSI,Municipal,Primario
112317,2024.0,12.0,,2.0,MSI,Municipal,Primario
112317,2025.0,1.0,,2.0,MSI,Municipal,Primario
112317,2025.0,2.0,6.0,4.0,MSI,Municipal,Primario
112317,2025.0,4.0,2.0,2.0,MSI,Municipal,Primario
112317,2025.0,5.0,4.0,0.0,MSI,Municipal,Primario
112317,2025.0,6.0,2.0,4.0,MSI,Municipal,Primario
112317,2025.0,7.0,2.0,2.0,MSI,Municipal,Primario
112317,2025.0,8.0,,2.0,MSI,Municipal,Primario
112317,2025.0,9.0,,0.0,MSI,Municipal,Primario
112317,2025.0,10.0,0.0,,MSI,Municipal,Primario
112318,2024.0,10.0,,1.0,MSI,Municipal,Primario
112318,2024.0,11.0,,1.0,MSI,Municipal,Primario
112318,2024.0,12.0,,2.0,MSI,Municipal,Primario
112318,2025.0,1.0,4.0,2.0,MSI,Municipal,Primario
112318,2025.0,2.0,2.0,2.0,MSI,Municipal,Primario
112318,2025.0,3.0,4.0,0.0,MSI,Municipal,Primario
112318,2025.0,4.0,2.0,8.0,MSI,Municipal,Primario
112318,2025.0,5.0,0.0,4.0,MSI,Municipal,Primario
112318,2025.0,6.0,6.0,0.0,MSI,Municipal,Primario
112318,2025.0,7.0,4.0,2.0,MSI,Municipal,Primario
112318,2025.0,8.0,0.0,4.0,MSI,Municipal,Primario
112318,2025.0,9.0,4.0,6.0,MSI,Municipal,Primario
112318,2025.0,10.0,1.0,,MSI,Municipal,Primario
112319,2024.0,10.0,,2.0,MSI,Municipal,Primario
112319,2024.0,11.0,,3.0,MSI,Municipal,Primario
112319,2025.0,1.0,2.0,,MSI,Municipal,Primario
112319,2025.0,2.0,,2.0,MSI,Municipal,Primario
112319,2025.0,3.0,4.0,2.0,MSI,Municipal,Primario
112319,2025.0,4.0,4.0,2.0,MSI,Municipal,Primario
112319,2025.0,5.0,,4.0,MSI,Municipal,Primario
112319,2025.0,6.0,0.0,0.0,MSI,Municipal,Primario
112319,2025.0,7.0,4.0,4.0,MSI,Municipal,Primario
112319,2025.0,8.0,,4.0,MSI,Municipal,Primario
112319,2025.0,9.0,2.0,4.0,MSI,Municipal,Primario
112319,2025.0,10.0,0.0,,MSI,Municipal,Primario
112320,2024.0,10.0,,2.0,MSI,Municipal,Primario
112320,2024.0,11.0,,1.0,MSI,Municipal,Primario
112320,2024.0,12.0,,3.0,MSI,Municipal,Primario
112320,2025.0,1.0,6.0,2.0,MSI,Municipal,Primario
112320,2025.0,2.0,4.0,2.0,MSI,Municipal,Primario
112320,2025.0,3.0,2.0,,MSI,Municipal,Primario
112320,2025.0,4.0,2.0,0.0,MSI,Municipal,Primario
112320,2025.0,5.0,2.0,4.0,MSI,Municipal,Primario
112320,2025.0,6.0,4.0,0.0,MSI,Municipal,Primario
112320,2025.0,7.0,,2.0,MSI,Municipal,Primario
112320,2025.0,8.0,6.0,6.0,MSI,Municipal,Primario
112320,2025.0,9.0,0.0,6.0,MSI,Municipal,Primario
112320,2025.0,10.0,2.0,,MSI,Municipal,Primario
112321,2024.0,10.0,,3.0,MSI,Municipal,Primario
112321,2024.0,11.0,,1.0,MSI,Municipal,Primario
112321,2024.0,12.0,,0.0,MSI,Municipal,Primario
112321,2025.0,1.0,2.0,0.0,MSI,Municipal,Primario
112321,2025.0,2.0,2.0,2.0,MSI,Municipal,Primario
112321,2025.0,3.0,4.0,10.0,MSI,Municipal,Primario
112321,2025.0,4.0,4.0,2.0,MSI,Municipal,Primario
112321,2025.0,5.0,2.0,2.0,MSI,Municipal,Primario
112321,2025.0,6.0,8.0,6.0,MSI,Municipal,Primario
112321,2025.0,7.0,6.0,2.0,MSI,Municipal,Primario
112321,2025.0,8.0,4.0,4.0,MSI,Municipal,Primario
112321,2025.0,9.0,6.0,,MSI,Municipal,Primario
112321,2025.0,10.0,2.0,,MSI,Municipal,Primario
112322,2024.0,10.0,,1.0,MSI,Municipal,Primario
112322,2024.0,11.0,,4.0,MSI,Municipal,Primario
112322,2024.0,12.0,,5.0,MSI,Municipal,Primario
112322,2025.0,1.0,2.0,6.0,MSI,Municipal,Primario
112322,2025.0,2.0,2.0,2.0,MSI,Municipal,Primario
112322,2025.0,3.0,6.0,4.0,MSI,Municipal,Primario
112322,2025.0,4.0,2.0,2.0,MSI,Municipal,Primario
112322,2025.0,5.0,4.0,2.0,MSI,Municipal,Primario
112322,2025.0,6.0,8.0,6.0,MSI,Municipal,Primario
112322,2025.0,7.0,14.0,4.0,MSI,Municipal,Primario
112322,2025.0,8.0,6.0,2.0,MSI,Municipal,Primario
112322,2025.0,9.0,2.0,6.0,MSI,Municipal,Primario
112407,2025.0,5.0,,2.0,MSI,Municipal,Primario
112407,2025.0,7.0,2.0,,MSI,Municipal,Primario
112707,2024.0,10.0,,0.0,MSI,Municipal,Primario
112707,2024.0,12.0,,0.0,MSI,Municipal,Primario
112707,2025.0,1.0,,4.0,MSI,Municipal,Primario
112707,2025.0,2.0,,0.0,MSI,Municipal,Primario
112707,2025.0,3.0,0.0,,MSI,Municipal,Primario
112707,2025.0,4.0,4.0,0.0,MSI,Municipal,Primario
112707,2025.0,5.0,,2.0,MSI,Municipal,Primario
112707,2025.0,6.0,2.0,0.0,MSI,Municipal,Primario
112707,2025.0,7.0,,2.0,MSI,Municipal,Primario
112716,2025.0,1.0,,2.0,MSI,Municipal,Primario
112716,2025.0,3.0,2.0,,MSI,Municipal,Primario
112716,2025.0,4.0,0.0,2.0,MSI,Municipal,Primario
112716,2025.0,5.0,2.0,,MSI,Municipal,Primario
112716,2025.0,7.0,2.0,,MSI,Municipal,Primario
112717,2024.0,10.0,,0.0,MSI,Municipal,Primario
112717,2025.0,2.0,0.0,,MSI,Municipal,Primario
112799,2025.0,2.0,,0.0,MSI,Municipal,Primario
112799,2025.0,4.0,,2.0,MSI,Municipal,Primario
112799,2025.0,7.0,2.0,,MSI,Municipal,Primario
113300,2024.0,10.0,,4.0,MSI,Municipal,Primario
113300,2024.0,11.0,,3.0,MSI,Municipal,Primario
113300,2024.0,12.0,,2.0,MSI,Municipal,Primario
113300,2025.0,1.0,8.0,6.0,MSI,Municipal,Primario
113300,2025.0,2.0,4.0,4.0,MSI,Municipal,Primario
113300,2025.0,3.0,6.0,4.0,MSI,Municipal,Primario
113300,2025.0,4.0,8.0,6.0,MSI,Municipal,Primario
113300,2025.0,5.0,2.0,4.0,MSI,Municipal,Primario
113300,2025.0,6.0,2.0,8.0,MSI,Municipal,Primario
113300,2025.0,7.0,6.0,2.0,MSI,Municipal,Primario
113300,2025.0,8.0,2.0,8.0,MSI,Municipal,Primario
113300,2025.0,9.0,10.0,8.0,MSI,Municipal,Primario
113300,2025.0,10.0,2.0,,MSI,Municipal,Primario
113301,2024.0,10.0,,2.0,MSI,Municipal,Primario
113301,2024.0,11.0,,2.0,MSI,Municipal,Primario
113301,2024.0,12.0,,2.0,MSI,Municipal,Primario
113301,2025.0,1.0,4.0,,MSI,Municipal,Primario
113301,2025.0,2.0,4.0,,MSI,Municipal,Primario
113301,2025.0,3.0,2.0,8.0,MSI,Municipal,Primario
113301,2025.0,4.0,0.0,2.0,MSI,Municipal,Primario
113301,2025.0,5.0,2.0,4.0,MSI,Municipal,Primario
113301,2025.0,6.0,6.0,0.0,MSI,Municipal,Primario
113301,2025.0,7.0,2.0,0.0,MSI,Municipal,Primario
113301,2025.0,8.0,0.0,6.0,MSI,Municipal,Primario
113301,2025.0,9.0,2.0,,MSI,Municipal,Primario
113302,2024.0,10.0,,8.0,MSI,Municipal,Primario
113302,2024.0,11.0,,0.0,MSI,Municipal,Primario
113302,2024.0,12.0,,3.0,MSI,Municipal,Primario
113302,2025.0,1.0,6.0,2.0,MSI,Municipal,Primario
113302,2025.0,2.0,2.0,2.0,MSI,Municipal,Primario
113302,2025.0,3.0,12.0,2.0,MSI,Municipal,Primario
113302,2025.0,4.0,2.0,2.0,MSI,Municipal,Primario
113302,2025.0,5.0,2.0,2.0,MSI,Municipal,Primario
113302,2025.0,6.0,0.0,4.0,MSI,Municipal,Primario
113302,2025.0,7.0,2.0,6.0,MSI,Municipal,Primario
113302,2025.0,8.0,,2.0,MSI,Municipal,Primario
113302,2025.0,9.0,4.0,4.0,MSI,Municipal,Primario
113303,2024.0,10.0,,1.0,MSI,Municipal,Primario
113303,2024.0,11.0,,0.0,MSI,Municipal,Primario
113303,2024.0,12.0,,0.0,MSI,Municipal,Primario
113303,2025.0,1.0,0.0,2.0,MSI,Municipal,Primario
113303,2025.0,2.0,,0.0,MSI,Municipal,Primario
113303,2025.0,3.0,0.0,4.0,MSI,Municipal,Primario
113303,2025.0,4.0,2.0,6.0,MSI,Municipal,Primario
113303,2025.0,5.0,2.0,4.0,MSI,Municipal,Primario
113303,2025.0,6.0,,2.0,MSI,Municipal,Primario
113303,2025.0,7.0,2.0,2.0,MSI,Municipal,Primario
113303,2025.0,8.0,,10.0,MSI,Municipal,Primario
113303,2025.0,9.0,2.0,8.0,MSI,Municipal,Primario
113303,2025.0,10.0,0.0,,MSI,Municipal,Primario
113305,2024.0,10.0,,4.0,MSI,Municipal,Primario
113305,2024.0,11.0,,1.0,MSI,Municipal,Primario
113305,2024.0,12.0,,0.0,MSI,Municipal,Primario
113305,2025.0,1.0,4.0,6.0,MSI,Municipal,Primario
113305,2025.0,2.0,2.0,4.0,MSI,Municipal,Primario
113305,2025.0,3.0,,2.0,MSI,Municipal,Primario
113305,2025.0,4.0,4.0,0.0,MSI,Municipal,Primario
113305,2025.0,5.0,4.0,2.0,MSI,Municipal,Primario
113305,2025.0,6.0,2.0,6.0,MSI,Municipal,Primario
113305,2025.0,7.0,0.0,2.0,MSI,Municipal,Primario
113305,2025.0,8.0,2.0,6.0,MSI,Municipal,Primario
113305,2025.0,9.0,2.0,6.0,MSI,Municipal,Primario
113305,2025.0,10.0,1.0,,MSI,Municipal,Primario
113306,2024.0,10.0,,1.0,MSI,Municipal,Primario
113306,2024.0,11.0,,0.0,MSI,Municipal,Primario
113306,2024.0,12.0,,1.0,MSI,Municipal,Primario
113306,2025.0,1.0,,0.0,MSI,Municipal,Primario
113306,2025.0,2.0,2.0,4.0,MSI,Municipal,Primario
113306,2025.0,3.0,0.0,0.0,MSI,Municipal,Primario
113306,2025.0,4.0,2.0,0.0,MSI,Municipal,Primario
113306,2025.0,5.0,4.0,0.0,MSI,Municipal,Primario
113306,2025.0,6.0,0.0,2.0,MSI,Municipal,Primario
113306,2025.0,7.0,,4.0,MSI,Municipal,Primario
113306,2025.0,8.0,0.0,0.0,MSI,Municipal,Primario
113306,2025.0,9.0,2.0,,MSI,Municipal,Primario
113306,2025.0,10.0,2.0,,MSI,Municipal,Primario
113307,2024.0,10.0,,8.0,MSI,Municipal,Primario
113307,2024.0,11.0,,6.0,MSI,Municipal,Primario
113307,2024.0,12.0,,4.0,MSI,Municipal,Primario
113307,2025.0,1.0,,4.0,MSI,Municipal,Primario
113307,2025.0,2.0,0.0,10.0,MSI,Municipal,Primario
113307,2025.0,3.0,2.0,4.0,MSI,Municipal,Primario
113307,2025.0,4.0,6.0,2.0,MSI,Municipal,Primario
113307,2025.0,5.0,,2.0,MSI,Municipal,Primario
113307,2025.0,6.0,,6.0,MSI,Municipal,Primario
113307,2025.0,7.0,6.0,4.0,MSI,Municipal,Primario
113307,2025.0,8.0,,8.0,MSI,Municipal,Primario
113307,2025.0,9.0,4.0,2.0,MSI,Municipal,Primario
113307,2025.0,10.0,0.0,,MSI,Municipal,Primario
113308,2024.0,10.0,,3.0,MSI,Municipal,Primario
113308,2024.0,11.0,,1.0,MSI,Municipal,Primario
113308,2025.0,1.0,4.0,4.0,MSI,Municipal,Primario
113308,2025.0,2.0,,0.0,MSI,Municipal,Primario
113308,2025.0,3.0,2.0,4.0,MSI,Municipal,Primario
113308,2025.0,4.0,0.0,2.0,MSI,Municipal,Primario
113308,2025.0,5.0,2.0,0.0,MSI,Municipal,Primario
113308,2025.0,6.0,0.0,0.0,MSI,Municipal,Primario
113308,2025.0,7.0,,4.0,MSI,Municipal,Primario
113308,2025.0,8.0,0.0,,MSI,Municipal,Primario
113308,2025.0,9.0,0.0,2.0,MSI,Municipal,Primario
113308,2025.0,10.0,1.0,,MSI,Municipal,Primario
113309,2024.0,10.0,,0.0,MSI,Municipal,Primario
113309,2024.0,11.0,,2.0,MSI,Municipal,Primario
113309,2024.0,12.0,,1.0,MSI,Municipal,Primario
113309,2025.0,1.0,,10.0,MSI,Municipal,Primario
113309,2025.0,2.0,4.0,2.0,MSI,Municipal,Primario
113309,2025.0,3.0,,4.0,MSI,Municipal,Primario
113309,2025.0,4.0,2.0,4.0,MSI,Municipal,Primario
113309,2025.0,5.0,2.0,2.0,MSI,Municipal,Primario
113309,2025.0,6.0,4.0,4.0,MSI,Municipal,Primario
113309,2025.0,7.0,6.0,6.0,MSI,Municipal,Primario
113309,2025.0,8.0,0.0,4.0,MSI,Municipal,Primario
113309,2025.0,9.0,2.0,6.0,MSI,Municipal,Primario
113309,2025.0,10.0,2.0,,MSI,Municipal,Primario
113310,2024.0,10.0,,1.0,MSI,Municipal,Primario
113310,2024.0,11.0,,1.0,MSI,Municipal,Primario
113310,2024.0,12.0,,0.0,MSI,Municipal,Primario
113310,2025.0,1.0,2.0,2.0,MSI,Municipal,Primario
113310,2025.0,2.0,2.0,6.0,MSI,Municipal,Primario
113310,2025.0,3.0,0.0,4.0,MSI,Municipal,Primario
113310,2025.0,4.0,2.0,6.0,MSI,Municipal,Primario
113310,2025.0,5.0,4.0,0.0,MSI,Municipal,Primario
113310,2025.0,6.0,4.0,,MSI,Municipal,Primario
113310,2025.0,7.0,0.0,2.0,MSI,Municipal,Primario
113310,2025.0,8.0,2.0,4.0,MSI,Municipal,Primario
113310,2025.0,9.0,0.0,,MSI,Municipal,Primario
113310,2025.0,10.0,1.0,,MSI,Municipal,Primario
113311,2024.0,10.0,,5.0,MSI,Municipal,Primario
113311,2024.0,11.0,,4.0,MSI,Municipal,Primario
113311,2024.0,12.0,,2.0,MSI,Municipal,Primario
113311,2025.0,1.0,2.0,4.0,MSI,Municipal,Primario
113311,2025.0,2.0,8.0,12.0,MSI,Municipal,Primario
113311,2025.0,3.0,2.0,16.0,MSI,Municipal,Primario
113311,2025.0,4.0,,14.0,MSI,Municipal,Primario
113311,2025.0,5.0,2.0,6.0,MSI,Municipal,Primario
113311,2025.0,6.0,8.0,,MSI,Municipal,Primario
113311,2025.0,7.0,10.0,6.0,MSI,Municipal,Primario
113311,2025.0,8.0,6.0,14.0,MSI,Municipal,Primario
113311,2025.0,9.0,6.0,8.0,MSI,Municipal,Primario
113312,2024.0,10.0,,4.0,MSI,Municipal,Primario
113312,2024.0,11.0,,3.0,MSI,Municipal,Primario
113312,2024.0,12.0,,2.0,MSI,Municipal,Primario
113312,2025.0,1.0,2.0,0.0,MSI,Municipal,Primario
113312,2025.0,2.0,6.0,4.0,MSI,Municipal,Primario
113312,2025.0,3.0,0.0,12.0,MSI,Municipal,Primario
113312,2025.0,4.0,8.0,4.0,MSI,Municipal,Primario
113312,2025.0,5.0,0.0,,MSI,Municipal,Primario
113312,2025.0,6.0,4.0,2.0,MSI,Municipal,Primario
113312,2025.0,7.0,4.0,6.0,MSI,Municipal,Primario
113312,2025.0,8.0,2.0,2.0,MSI,Municipal,Primario
113312,2025.0,9.0,,2.0,MSI,Municipal,Primario
113312,2025.0,10.0,3.0,,MSI,Municipal,Primario
113313,2024.0,10.0,,2.0,MSI,Municipal,Primario
113313,2024.0,11.0,,2.0,MSI,Municipal,Primario
113313,2024.0,12.0,,1.0,MSI,Municipal,Primario
113313,2025.0,1.0,4.0,2.0,MSI,Municipal,Primario
113313,2025.0,2.0,,0.0,MSI,Municipal,Primario
113313,2025.0,3.0,0.0,4.0,MSI,Municipal,Primario
113313,2025.0,4.0,2.0,4.0,MSI,Municipal,Primario
113313,2025.0,5.0,2.0,2.0,MSI,Municipal,Primario
113313,2025.0,6.0,8.0,4.0,MSI,Municipal,Primario
113313,2025.0,7.0,0.0,4.0,MSI,Municipal,Primario
113313,2025.0,8.0,8.0,2.0,MSI,Municipal,Primario
113313,2025.0,9.0,,4.0,MSI,Municipal,Primario
113313,2025.0,10.0,2.0,,MSI,Municipal,Primario
113314,2024.0,10.0,,0.0,MSI,Municipal,Primario
113314,2024.0,11.0,,1.0,MSI,Municipal,Primario
113314,2024.0,12.0,,2.0,MSI,Municipal,Primario
113314,2025.0,1.0,0.0,0.0,MSI,Municipal,Primario
113314,2025.0,2.0,,0.0,MSI,Municipal,Primario
113314,2025.0,3.0,2.0,4.0,MSI,Municipal,Primario
113314,2025.0,4.0,2.0,6.0,MSI,Municipal,Primario
113314,2025.0,5.0,2.0,12.0,MSI,Municipal,Primario
113314,2025.0,6.0,2.0,0.0,MSI,Municipal,Primario
113314,2025.0,7.0,8.0,4.0,MSI,Municipal,Primario
113314,2025.0,8.0,2.0,4.0,MSI,Municipal,Primario
113314,2025.0,9.0,2.0,6.0,MSI,Municipal,Primario
113314,2025.0,10.0,1.0,,MSI,Municipal,Primario
113315,2024.0,10.0,,1.0,MSI,Municipal,Primario
113315,2024.0,11.0,,2.0,MSI,Municipal,Primario
113315,2024.0,12.0,,2.0,MSI,Municipal,Primario
113315,2025.0,1.0,2.0,6.0,MSI,Municipal,Primario
113315,2025.0,2.0,4.0,2.0,MSI,Municipal,Primario
113315,2025.0,3.0,4.0,2.0,MSI,Municipal,Primario
113315,2025.0,4.0,8.0,4.0,MSI,Municipal,Primario
113315,2025.0,5.0,,2.0,MSI,Municipal,Primario
113315,2025.0,6.0,2.0,6.0,MSI,Municipal,Primario
113315,2025.0,7.0,2.0,2.0,MSI,Municipal,Primario
113315,2025.0,8.0,8.0,2.0,MSI,Municipal,Primario
113315,2025.0,9.0,2.0,0.0,MSI,Municipal,Primario
113315,2025.0,10.0,1.0,,MSI,Municipal,Primario
113316,2024.0,10.0,,4.0,MSI,Municipal,Primario
113316,2024.0,11.0,,1.0,MSI,Municipal,Primario
113316,2024.0,12.0,,5.0,MSI,Municipal,Primario
113316,2025.0,1.0,0.0,8.0,MSI,Municipal,Primario
113316,2025.0,2.0,,4.0,MSI,Municipal,Primario
113316,2025.0,3.0,8.0,4.0,MSI,Municipal,Primario
113316,2025.0,4.0,12.0,2.0,MSI,Municipal,Primario
113316,2025.0,5.0,8.0,10.0,MSI,Municipal,Primario
113316,2025.0,6.0,0.0,6.0,MSI,Municipal,Primario
113316,2025.0,7.0,,2.0,MSI,Municipal,Primario
113316,2025.0,8.0,4.0,6.0,MSI,Municipal,Primario
113316,2025.0,9.0,8.0,6.0,MSI,Municipal,Primario
113317,2024.0,10.0,,3.0,MSI,Municipal,Primario
113317,2024.0,11.0,,4.0,MSI,Municipal,Primario
113317,2024.0,12.0,,3.0,MSI,Municipal,Primario
113317,2025.0,1.0,6.0,8.0,MSI,Municipal,Primario
113317,2025.0,2.0,8.0,14.0,MSI,Municipal,Primario
113317,2025.0,4.0,0.0,6.0,MSI,Municipal,Primario
113317,2025.0,5.0,12.0,4.0,MSI,Municipal,Primario
113317,2025.0,6.0,8.0,8.0,MSI,Municipal,Primario
113317,2025.0,7.0,6.0,4.0,MSI,Municipal,Primario
113317,2025.0,8.0,6.0,6.0,MSI,Municipal,Primario
113317,2025.0,9.0,2.0,6.0,MSI,Municipal,Primario
113317,2025.0,10.0,6.0,,MSI,Municipal,Primario
113318,2024.0,10.0,,0.0,MSI,Municipal,Primario
113318,2024.0,11.0,,8.0,MSI,Municipal,Primario
113318,2024.0,12.0,,2.0,MSI,Municipal,Primario
113318,2025.0,1.0,2.0,20.0,MSI,Municipal,Primario
113318,2025.0,2.0,0.0,6.0,MSI,Municipal,Primario
113318,2025.0,3.0,4.0,12.0,MSI,Municipal,Primario
113318,2025.0,4.0,12.0,10.0,MSI,Municipal,Primario
113318,2025.0,5.0,8.0,14.0,MSI,Municipal,Primario
113318,2025.0,6.0,12.0,10.0,MSI,Municipal,Primario
113318,2025.0,7.0,8.0,24.0,MSI,Municipal,Primario
113318,2025.0,8.0,0.0,14.0,MSI,Municipal,Primario
113318,2025.0,9.0,2.0,16.0,MSI,Municipal,Primario
113318,2025.0,10.0,5.0,,MSI,Municipal,Primario
113319,2024.0,10.0,,6.0,MSI,Municipal,Primario
113319,2024.0,11.0,,1.0,MSI,Municipal,Primario
113319,2024.0,12.0,,1.0,MSI,Municipal,Primario
113319,2025.0,1.0,0.0,0.0,MSI,Municipal,Primario
113319,2025.0,2.0,4.0,8.0,MSI,Municipal,Primario
113319,2025.0,3.0,4.0,8.0,MSI,Municipal,Primario
113319,2025.0,4.0,4.0,8.0,MSI,Municipal,Primario
113319,2025.0,5.0,0.0,2.0,MSI,Municipal,Primario
113319,2025.0,6.0,0.0,2.0,MSI,Municipal,Primario
113319,2025.0,7.0,2.0,2.0,MSI,Municipal,Primario
113319,2025.0,8.0,8.0,2.0,MSI,Municipal,Primario
113319,2025.0,9.0,8.0,0.0,MSI,Municipal,Primario
113319,2025.0,10.0,1.0,,MSI,Municipal,Primario
113320,2024.0,10.0,,3.0,MSI,Municipal,Primario
113320,2024.0,11.0,,2.0,MSI,Municipal,Primario
113320,2024.0,12.0,,0.0,MSI,Municipal,Primario
113320,2025.0,1.0,0.0,4.0,MSI,Municipal,Primario
113320,2025.0,2.0,2.0,2.0,MSI,Municipal,Primario
113320,2025.0,3.0,4.0,6.0,MSI,Municipal,Primario
113320,2025.0,4.0,4.0,4.0,MSI,Municipal,Primario
113320,2025.0,5.0,8.0,4.0,MSI,Municipal,Primario
113320,2025.0,6.0,,4.0,MSI,Municipal,Primario
113320,2025.0,7.0,2.0,10.0,MSI,Municipal,Primario
113320,2025.0,8.0,10.0,8.0,MSI,Municipal,Primario
113320,2025.0,9.0,2.0,2.0,MSI,Municipal,Primario
113320,2025.0,10.0,3.0,,MSI,Municipal,Primario
113321,2024.0,10.0,,1.0,MSI,Municipal,Primario
113321,2024.0,12.0,,0.0,MSI,Municipal,Primario
113321,2025.0,1.0,2.0,,MSI,Municipal,Primario
113321,2025.0,2.0,,2.0,MSI,Municipal,Primario
113321,2025.0,4.0,,2.0,MSI,Municipal,Primario
113321,2025.0,5.0,2.0,,MSI,Municipal,Primario
113321,2025.0,7.0,2.0,,MSI,Municipal,Primario
113321,2025.0,9.0,,2.0,MSI,Municipal,Primario
113322,2024.0,10.0,,8.0,MSI,Municipal,Primario
113322,2024.0,11.0,,5.0,MSI,Municipal,Primario
113322,2024.0,12.0,,4.0,MSI,Municipal,Primario
113322,2025.0,1.0,4.0,6.0,MSI,Municipal,Primario
113322,2025.0,2.0,4.0,8.0,MSI,Municipal,Primario
113322,2025.0,3.0,6.0,12.0,MSI,Municipal,Primario
113322,2025.0,4.0,0.0,4.0,MSI,Municipal,Primario
113322,2025.0,5.0,4.0,0.0,MSI,Municipal,Primario
113322,2025.0,6.0,4.0,10.0,MSI,Municipal,Primario
113322,2025.0,7.0,4.0,6.0,MSI,Municipal,Primario
113322,2025.0,8.0,2.0,0.0,MSI,Municipal,Primario
113322,2025.0,9.0,6.0,6.0,MSI,Municipal,Primario
113322,2025.0,10.0,2.0,,MSI,Municipal,Primario
113323,2024.0,10.0,,3.0,MSI,Municipal,Primario
113323,2024.0,11.0,,1.0,MSI,Municipal,Primario
113323,2024.0,12.0,,1.0,MSI,Municipal,Primario
113323,2025.0,1.0,0.0,8.0,MSI,Municipal,Primario
113323,2025.0,2.0,2.0,4.0,MSI,Municipal,Primario
113323,2025.0,3.0,2.0,,MSI,Municipal,Primario
113323,2025.0,4.0,2.0,6.0,MSI,Municipal,Primario
113323,2025.0,5.0,2.0,4.0,MSI,Municipal,Primario
113323,2025.0,6.0,4.0,2.0,MSI,Municipal,Primario
113323,2025.0,7.0,8.0,2.0,MSI,Municipal,Primario
113323,2025.0,8.0,0.0,2.0,MSI,Municipal,Primario
113323,2025.0,9.0,4.0,6.0,MSI,Municipal,Primario
113323,2025.0,10.0,1.0,,MSI,Municipal,Primario
113324,2024.0,10.0,,5.0,MSI,Municipal,Primario
113324,2024.0,11.0,,4.0,MSI,Municipal,Primario
113324,2024.0,12.0,,0.0,MSI,Municipal,Primario
113324,2025.0,1.0,4.0,0.0,MSI,Municipal,Primario
113324,2025.0,2.0,2.0,6.0,MSI,Municipal,Primario
113324,2025.0,3.0,2.0,8.0,MSI,Municipal,Primario
113324,2025.0,4.0,0.0,2.0,MSI,Municipal,Primario
113324,2025.0,5.0,6.0,6.0,MSI,Municipal,Primario
113324,2025.0,6.0,8.0,10.0,MSI,Municipal,Primario
113324,2025.0,7.0,8.0,12.0,MSI,Municipal,Primario
113324,2025.0,8.0,6.0,12.0,MSI,Municipal,Primario
113324,2025.0,9.0,6.0,10.0,MSI,Municipal,Primario
113326,2024.0,10.0,,2.0,MSI,Municipal,Primario
113326,2024.0,11.0,,2.0,MSI,Municipal,Primario
113326,2024.0,12.0,,2.0,MSI,Municipal,Primario
113326,2025.0,1.0,4.0,4.0,MSI,Municipal,Primario
113326,2025.0,2.0,2.0,4.0,MSI,Municipal,Primario
113326,2025.0,3.0,2.0,14.0,MSI,Municipal,Primario
113326,2025.0,4.0,2.0,10.0,MSI,Municipal,Primario
113326,2025.0,5.0,4.0,10.0,MSI,Municipal,Primario
113326,2025.0,6.0,,6.0,MSI,Municipal,Primario
113326,2025.0,7.0,14.0,6.0,MSI,Municipal,Primario
113326,2025.0,8.0,,6.0,MSI,Municipal,Primario
113326,2025.0,9.0,4.0,2.0,MSI,Municipal,Primario
113326,2025.0,10.0,2.0,,MSI,Municipal,Primario
113328,2024.0,10.0,,0.0,MSI,Municipal,Primario
113328,2024.0,11.0,,2.0,MSI,Municipal,Primario
113328,2024.0,12.0,,1.0,MSI,Municipal,Primario
113328,2025.0,1.0,,2.0,MSI,Municipal,Primario
113328,2025.0,2.0,0.0,10.0,MSI,Municipal,Primario
113328,2025.0,3.0,4.0,2.0,MSI,Municipal,Primario
113328,2025.0,4.0,6.0,4.0,MSI,Municipal,Primario
113328,2025.0,5.0,2.0,2.0,MSI,Municipal,Primario
113328,2025.0,6.0,2.0,8.0,MSI,Municipal,Primario
113328,2025.0,7.0,8.0,4.0,MSI,Municipal,Primario
113328,2025.0,8.0,10.0,8.0,MSI,Municipal,Primario
113328,2025.0,9.0,8.0,4.0,MSI,Municipal,Primario
113328,2025.0,10.0,7.0,,MSI,Municipal,Primario
113329,2024.0,10.0,,3.0,MSI,Municipal,Primario
113329,2024.0,11.0,,7.0,MSI,Municipal,Primario
113329,2024.0,12.0,,3.0,MSI,Municipal,Primario
113329,2025.0,1.0,4.0,4.0,MSI,Municipal,Primario
113329,2025.0,2.0,2.0,4.0,MSI,Municipal,Primario
113329,2025.0,3.0,6.0,10.0,MSI,Municipal,Primario
113329,2025.0,4.0,2.0,4.0,MSI,Municipal,Primario
113329,2025.0,5.0,6.0,2.0,MSI,Municipal,Primario
113329,2025.0,6.0,4.0,10.0,MSI,Municipal,Primario
113329,2025.0,7.0,2.0,0.0,MSI,Municipal,Primario
113329,2025.0,8.0,4.0,2.0,MSI,Municipal,Primario
113329,2025.0,9.0,,0.0,MSI,Municipal,Primario
113329,2025.0,10.0,2.0,,MSI,Municipal,Primario
113330,2024.0,10.0,,6.0,MSI,Municipal,Primario
113330,2024.0,11.0,,7.0,MSI,Municipal,Primario
113330,2024.0,12.0,,2.0,MSI,Municipal,Primario
113330,2025.0,1.0,0.0,4.0,MSI,Municipal,Primario
113330,2025.0,2.0,0.0,0.0,MSI,Municipal,Primario
113330,2025.0,3.0,0.0,4.0,MSI,Municipal,Primario
113330,2025.0,4.0,10.0,2.0,MSI,Municipal,Primario
113330,2025.0,5.0,6.0,6.0,MSI,Municipal,Primario
113330,2025.0,6.0,,2.0,MSI,Municipal,Primario
113330,2025.0,7.0,2.0,8.0,MSI,Municipal,Primario
113330,2025.0,8.0,8.0,0.0,MSI,Municipal,Primario
113330,2025.0,9.0,10.0,2.0,MSI,Municipal,Primario
113330,2025.0,10.0,3.0,,MSI,Municipal,Primario
113331,2024.0,10.0,,1.0,MSI,Municipal,Primario
113331,2024.0,11.0,,3.0,MSI,Municipal,Primario
113331,2024.0,12.0,,2.0,MSI,Municipal,Primario
113331,2025.0,1.0,0.0,2.0,MSI,Municipal,Primario
113331,2025.0,2.0,0.0,,MSI,Municipal,Primario
113331,2025.0,3.0,,2.0,MSI,Municipal,Primario
113331,2025.0,4.0,6.0,,MSI,Municipal,Primario
113331,2025.0,6.0,,0.0,MSI,Municipal,Primario
113331,2025.0,7.0,2.0,2.0,MSI,Municipal,Primario
113331,2025.0,8.0,,2.0,MSI,Municipal,Primario
113331,2025.0,9.0,,4.0,MSI,Municipal,Primario
113332,2024.0,10.0,,0.0,MSI,Municipal,Primario
113332,2024.0,11.0,,1.0,MSI,Municipal,Primario
113332,2024.0,12.0,,1.0,MSI,Municipal,Primario
113332,2025.0,1.0,,0.0,MSI,Municipal,Primario
113332,2025.0,2.0,0.0,2.0,MSI,Municipal,Primario
113332,2025.0,3.0,0.0,4.0,MSI,Municipal,Primario
113332,2025.0,4.0,2.0,2.0,MSI,Municipal,Primario
113332,2025.0,5.0,2.0,0.0,MSI,Municipal,Primario
113332,2025.0,6.0,2.0,2.0,MSI,Municipal,Primario
113332,2025.0,7.0,0.0,0.0,MSI,Municipal,Primario
113332,2025.0,8.0,0.0,4.0,MSI,Municipal,Primario
113332,2025.0,9.0,,2.0,MSI,Municipal,Primario
113332,2025.0,10.0,1.0,,MSI,Municipal,Primario
113333,2024.0,10.0,,0.0,MSI,Municipal,Primario
113333,2024.0,11.0,,2.0,MSI,Municipal,Primario
113333,2025.0,1.0,2.0,,MSI,Municipal,Primario
113333,2025.0,2.0,2.0,2.0,MSI,Municipal,Primario
113333,2025.0,3.0,,2.0,MSI,Municipal,Primario
113333,2025.0,4.0,4.0,6.0,MSI,Municipal,Primario
113333,2025.0,5.0,0.0,,MSI,Municipal,Primario
113333,2025.0,6.0,2.0,,MSI,Municipal,Primario
113333,2025.0,7.0,2.0,2.0,MSI,Municipal,Primario
113333,2025.0,8.0,0.0,0.0,MSI,Municipal,Primario
113333,2025.0,9.0,,6.0,MSI,Municipal,Primario
113334,2024.0,10.0,,0.0,MSI,Municipal,Primario
113334,2024.0,11.0,,1.0,MSI,Municipal,Primario
113334,2024.0,12.0,,2.0,MSI,Municipal,Primario
113334,2025.0,1.0,,4.0,MSI,Municipal,Primario
113334,2025.0,2.0,2.0,6.0,MSI,Municipal,Primario
113334,2025.0,4.0,,0.0,MSI,Municipal,Primario
113334,2025.0,5.0,6.0,0.0,MSI,Municipal,Primario
113334,2025.0,7.0,,0.0,MSI,Municipal,Primario
113334,2025.0,8.0,0.0,,MSI,Municipal,Primario
113334,2025.0,9.0,,2.0,MSI,Municipal,Primario
113390,2024.0,10.0,,7.0,MSI,Municipal,Primario
113390,2024.0,11.0,,2.0,MSI,Municipal,Primario
113390,2024.0,12.0,,1.0,MSI,Municipal,Primario
113390,2025.0,1.0,8.0,14.0,MSI,Municipal,Primario
113390,2025.0,2.0,6.0,2.0,MSI,Municipal,Primario
113390,2025.0,3.0,8.0,10.0,MSI,Municipal,Primario
113390,2025.0,4.0,10.0,10.0,MSI,Municipal,Primario
113390,2025.0,5.0,2.0,10.0,MSI,Municipal,Primario
113390,2025.0,6.0,14.0,6.0,MSI,Municipal,Primario
113390,2025.0,7.0,14.0,8.0,MSI,Municipal,Primario
113390,2025.0,8.0,12.0,2.0,MSI,Municipal,Primario
113390,2025.0,9.0,4.0,0.0,MSI,Municipal,Primario
113394,2024.0,10.0,,0.0,MSI,Municipal,Primario
113394,2024.0,11.0,,7.0,MSI,Municipal,Primario
113394,2024.0,12.0,,4.0,MSI,Municipal,Primario
113394,2025.0,1.0,0.0,4.0,MSI,Municipal,Primario
113394,2025.0,2.0,0.0,8.0,MSI,Municipal,Primario
113394,2025.0,3.0,2.0,2.0,MSI,Municipal,Primario
113394,2025.0,4.0,,2.0,MSI,Municipal,Primario
113394,2025.0,5.0,16.0,0.0,MSI,Municipal,Primario
113394,2025.0,6.0,4.0,2.0,MSI,Municipal,Primario
113394,2025.0,7.0,,4.0,MSI,Municipal,Primario
113394,2025.0,8.0,16.0,4.0,MSI,Municipal,Primario
113394,2025.0,9.0,2.0,0.0,MSI,Municipal,Primario
113394,2025.0,10.0,1.0,,MSI,Municipal,Primario
113396,2024.0,10.0,,2.0,MSI,Municipal,Primario
113396,2025.0,1.0,,2.0,MSI,Municipal,Primario
113396,2025.0,2.0,,4.0,MSI,Municipal,Primario
113396,2025.0,4.0,2.0,0.0,MSI,Municipal,Primario
113396,2025.0,5.0,4.0,,MSI,Municipal,Primario
113396,2025.0,7.0,0.0,2.0,MSI,Municipal,Primario
113396,2025.0,9.0,0.0,,MSI,Municipal,Primario
113396,2025.0,10.0,1.0,,MSI,Municipal,Primario
113402,2024.0,10.0,,0.0,MSI,Municipal,Primario
113402,2024.0,11.0,,1.0,MSI,Municipal,Primario
113402,2024.0,12.0,,0.0,MSI,Municipal,Primario
113402,2025.0,1.0,0.0,,MSI,Municipal,Primario
113402,2025.0,2.0,2.0,,MSI,Municipal,Primario
113402,2025.0,5.0,,2.0,MSI,Municipal,Primario
113402,2025.0,6.0,,2.0,MSI,Municipal,Primario
113402,2025.0,9.0,2.0,,MSI,Municipal,Primario
113402,2025.0,10.0,0.0,,MSI,Municipal,Primario
113404,2025.0,7.0,,0.0,MSI,Municipal,Primario
113404,2025.0,8.0,,2.0,MSI,Municipal,Primario
113405,2025.0,1.0,0.0,,MSI,Municipal,Primario
113405,2025.0,7.0,,4.0,MSI,Municipal,Primario
113405,2025.0,8.0,,0.0,MSI,Municipal,Primario
113405,2025.0,9.0,,2.0,MSI,Municipal,Primario
113405,2025.0,10.0,1.0,,MSI,Municipal,Primario
113406,2025.0,7.0,,0.0,MSI,Municipal,Primario
113407,2025.0,2.0,,0.0,MSI,Municipal,Primario
113407,2025.0,6.0,0.0,,MSI,Municipal,Primario
113407,2025.0,9.0,,2.0,MSI,Municipal,Primario
113408,2024.0,10.0,,1.0,MSI,Municipal,Primario
113408,2025.0,1.0,0.0,,MSI,Municipal,Primario
113408,2025.0,2.0,,2.0,MSI,Municipal,Primario
113408,2025.0,3.0,2.0,0.0,MSI,Municipal,Primario
113408,2025.0,4.0,,0.0,MSI,Municipal,Primario
113408,2025.0,5.0,,4.0,MSI,Municipal,Primario
113408,2025.0,6.0,0.0,2.0,MSI,Municipal,Primario
113408,2025.0,7.0,,2.0,MSI,Municipal,Primario
113408,2025.0,8.0,2.0,,MSI,Municipal,Primario
113408,2025.0,10.0,1.0,,MSI,Municipal,Primario
113409,2024.0,10.0,,1.0,MSI,Municipal,Primario
113409,2024.0,11.0,,1.0,MSI,Municipal,Primario
113409,2024.0,12.0,,1.0,MSI,Municipal,Primario
113409,2025.0,1.0,2.0,6.0,MSI,Municipal,Primario
113409,2025.0,2.0,0.0,2.0,MSI,Municipal,Primario
113409,2025.0,3.0,,6.0,MSI,Municipal,Primario
113409,2025.0,4.0,,4.0,MSI,Municipal,Primario
113409,2025.0,5.0,,4.0,MSI,Municipal,Primario
113409,2025.0,6.0,6.0,,MSI,Municipal,Primario
113409,2025.0,7.0,0.0,2.0,MSI,Municipal,Primario
113409,2025.0,8.0,4.0,,MSI,Municipal,Primario
113409,2025.0,9.0,0.0,,MSI,Municipal,Primario
113409,2025.0,10.0,1.0,,MSI,Municipal,Primario
113410,2025.0,5.0,0.0,,MSI,Municipal,Primario
113410,2025.0,8.0,,2.0,MSI,Municipal,Primario
113411,2025.0,1.0,2.0,,MSI,Municipal,Primario
113411,2025.0,2.0,,0.0,MSI,Municipal,Primario
113411,2025.0,3.0,,0.0,MSI,Municipal,Primario
113411,2025.0,4.0,,2.0,MSI,Municipal,Primario
113411,2025.0,5.0,0.0,,MSI,Municipal,Primario
113411,2025.0,8.0,0.0,,MSI,Municipal,Primario
113412,2024.0,10.0,,1.0,MSI,Municipal,Primario
113412,2024.0,11.0,,0.0,MSI,Municipal,Primario
113412,2024.0,12.0,,1.0,MSI,Municipal,Primario
113412,2025.0,2.0,,2.0,MSI,Municipal,Primario
113412,2025.0,3.0,,2.0,MSI,Municipal,Primario
113412,2025.0,4.0,,0.0,MSI,Municipal,Primario
113412,2025.0,5.0,,4.0,MSI,Municipal,Primario
113412,2025.0,8.0,4.0,,MSI,Municipal,Primario
113412,2025.0,10.0,1.0,,MSI,Municipal,Primario
113701,2024.0,10.0,,0.0,MSI,Municipal,Primario
113701,2024.0,12.0,,0.0,MSI,Municipal,Primario
113701,2025.0,2.0,0.0,0.0,MSI,Municipal,Primario
113701,2025.0,4.0,,0.0,MSI,Municipal,Primario
113701,2025.0,5.0,,2.0,MSI,Municipal,Primario
113701,2025.0,7.0,,2.0,MSI,Municipal,Primario
113701,2025.0,9.0,2.0,,MSI,Municipal,Primario
113702,2024.0,10.0,,0.0,MSI,Municipal,Primario
113702,2024.0,11.0,,1.0,MSI,Municipal,Primario
113702,2024.0,12.0,,0.0,MSI,Municipal,Primario
113702,2025.0,2.0,,0.0,MSI,Municipal,Primario
113702,2025.0,4.0,2.0,,MSI,Municipal,Primario
113702,2025.0,7.0,,2.0,MSI,Municipal,Primario
113702,2025.0,9.0,2.0,,MSI,Municipal,Primario
113703,2024.0,10.0,,0.0,MSI,Municipal,Primario
113703,2024.0,12.0,,1.0,MSI,Municipal,Primario
113703,2025.0,1.0,0.0,,MSI,Municipal,Primario
113703,2025.0,2.0,,0.0,MSI,Municipal,Primario
113703,2025.0,3.0,2.0,,MSI,Municipal,Primario
113703,2025.0,5.0,,0.0,MSI,Municipal,Primario
113703,2025.0,6.0,,2.0,MSI,Municipal,Primario
113703,2025.0,8.0,,2.0,MSI,Municipal,Primario
113703,2025.0,9.0,2.0,0.0,MSI,Municipal,Primario
113713,2024.0,10.0,,0.0,MSI,Municipal,Primario
113713,2024.0,11.0,,0.0,MSI,Municipal,Primario
113713,2025.0,1.0,,2.0,MSI,Municipal,Primario
113713,2025.0,2.0,,0.0,MSI,Municipal,Primario
113713,2025.0,3.0,,2.0,MSI,Municipal,Primario
113713,2025.0,4.0,0.0,,MSI,Municipal,Primario
113713,2025.0,6.0,0.0,,MSI,Municipal,Primario
113713,2025.0,7.0,4.0,0.0,MSI,Municipal,Primario
113713,2025.0,8.0,,2.0,MSI,Municipal,Primario
113713,2025.0,10.0,1.0,,MSI,Municipal,Primario
113716,2024.0,10.0,,1.0,MSI,Municipal,Primario
113716,2025.0,3.0,0.0,,MSI,Municipal,Primario
113716,2025.0,4.0,,2.0,MSI,Municipal,Primario
113716,2025.0,5.0,,2.0,MSI,Municipal,Primario
113716,2025.0,7.0,2.0,2.0,MSI,Municipal,Primario
113716,2025.0,8.0,2.0,0.0,MSI,Municipal,Primario
113716,2025.0,9.0,4.0,0.0,MSI,Municipal,Primario
113717,2025.0,1.0,,2.0,MSI,Municipal,Primario
113717,2025.0,2.0,,0.0,MSI,Municipal,Primario
113717,2025.0,3.0,,0.0,MSI,Municipal,Primario
113717,2025.0,4.0,,2.0,MSI,Municipal,Primario
113717,2025.0,5.0,,2.0,MSI,Municipal,Primario
113717,2025.0,7.0,,2.0,MSI,Municipal,Primario
113717,2025.0,9.0,0.0,0.0,MSI,Municipal,Primario
113722,2024.0,11.0,,1.0,MSI,Municipal,Primario
113722,2024.0,12.0,,0.0,MSI,Municipal,Primario
113722,2025.0,2.0,,0.0,MSI,Municipal,Primario
113722,2025.0,5.0,,0.0,MSI,Municipal,Primario
113722,2025.0,6.0,,0.0,MSI,Municipal,Primario
113722,2025.0,8.0,2.0,0.0,MSI,Municipal,Primario
113722,2025.0,9.0,2.0,2.0,MSI,Municipal,Primario
113728,2025.0,1.0,2.0,2.0,MSI,Municipal,Primario
113728,2025.0,4.0,,4.0,MSI,Municipal,Primario
113728,2025.0,6.0,2.0,,MSI,Municipal,Primario
113728,2025.0,7.0,2.0,,MSI,Municipal,Primario
113753,2024.0,12.0,,1.0,MSI,Municipal,Primario
113753,2025.0,1.0,,6.0,MSI,Municipal,Primario
113753,2025.0,4.0,4.0,,MSI,Municipal,Primario
113753,2025.0,5.0,2.0,,MSI,Municipal,Primario
113753,2025.0,6.0,,2.0,MSI,Municipal,Primario
113753,2025.0,7.0,,0.0,MSI,Municipal,Primario
113753,2025.0,8.0,2.0,,MSI,Municipal,Primario
113790,2024.0,10.0,,2.0,MSI,Municipal,Primario
113790,2024.0,11.0,,3.0,MSI,Municipal,Primario
113790,2024.0,12.0,,3.0,MSI,Municipal,Primario
113790,2025.0,1.0,0.0,2.0,MSI,Municipal,Primario
113790,2025.0,2.0,6.0,4.0,MSI,Municipal,Primario
113790,2025.0,3.0,6.0,2.0,MSI,Municipal,Primario
113790,2025.0,4.0,10.0,4.0,MSI,Municipal,Primario
113790,2025.0,5.0,4.0,,MSI,Municipal,Primario
113790,2025.0,6.0,2.0,6.0,MSI,Municipal,Primario
113790,2025.0,7.0,10.0,2.0,MSI,Municipal,Primario
113790,2025.0,8.0,2.0,2.0,MSI,Municipal,Primario
113790,2025.0,9.0,2.0,2.0,MSI,Municipal,Primario
114102,2024.0,10.0,,2.0,MSI,Servicio de Salud,Terciario
114102,2024.0,11.0,,0.0,MSI,Servicio de Salud,Terciario
114102,2024.0,12.0,,0.0,MSI,Servicio de Salud,Terciario
114102,2025.0,1.0,,0.0,MSI,Servicio de Salud,Terciario
114102,2025.0,2.0,6.0,,MSI,Servicio de Salud,Terciario
114102,2025.0,3.0,2.0,0.0,MSI,Servicio de Salud,Terciario
114102,2025.0,4.0,,6.0,MSI,Servicio de Salud,Terciario
114102,2025.0,5.0,1.0,1.0,MSI,Servicio de Salud,Terciario
114102,2025.0,6.0,0.0,,MSI,Servicio de Salud,Terciario
114102,2025.0,7.0,2.0,2.0,MSI,Servicio de Salud,Terciario
114102,2025.0,8.0,2.0,4.0,MSI,Servicio de Salud,Terciario
114102,2025.0,10.0,0.0,,MSI,Servicio de Salud,Terciario
114301,2024.0,10.0,,8.0,MSI,Municipal,Primario
114301,2024.0,11.0,,3.0,MSI,Municipal,Primario
114301,2024.0,12.0,,1.0,MSI,Municipal,Primario
114301,2025.0,1.0,14.0,10.0,MSI,Municipal,Primario
114301,2025.0,2.0,8.0,8.0,MSI,Municipal,Primario
114301,2025.0,3.0,4.0,2.0,MSI,Municipal,Primario
114301,2025.0,4.0,4.0,20.0,MSI,Municipal,Primario
114301,2025.0,5.0,8.0,10.0,MSI,Municipal,Primario
114301,2025.0,6.0,12.0,10.0,MSI,Municipal,Primario
114301,2025.0,7.0,14.0,8.0,MSI,Municipal,Primario
114301,2025.0,8.0,10.0,10.0,MSI,Municipal,Primario
114301,2025.0,9.0,2.0,10.0,MSI,Municipal,Primario
114301,2025.0,10.0,8.0,,MSI,Municipal,Primario
114302,2024.0,11.0,,0.0,MSI,Municipal,Primario
114302,2024.0,12.0,,0.0,MSI,Municipal,Primario
114302,2025.0,1.0,4.0,10.0,MSI,Municipal,Primario
114302,2025.0,2.0,8.0,12.0,MSI,Municipal,Primario
114302,2025.0,3.0,2.0,6.0,MSI,Municipal,Primario
114302,2025.0,4.0,4.0,8.0,MSI,Municipal,Primario
114302,2025.0,5.0,2.0,,MSI,Municipal,Primario
114302,2025.0,6.0,8.0,2.0,MSI,Municipal,Primario
114302,2025.0,7.0,4.0,2.0,MSI,Municipal,Primario
114302,2025.0,8.0,4.0,2.0,MSI,Municipal,Primario
114302,2025.0,9.0,4.0,13.0,MSI,Municipal,Primario
114302,2025.0,10.0,1.0,,MSI,Municipal,Primario
114303,2024.0,10.0,,6.0,MSI,Municipal,Primario
114303,2024.0,11.0,,1.0,MSI,Municipal,Primario
114303,2024.0,12.0,,4.0,MSI,Municipal,Primario
114303,2025.0,1.0,2.0,4.0,MSI,Municipal,Primario
114303,2025.0,2.0,,8.0,MSI,Municipal,Primario
114303,2025.0,3.0,12.0,6.0,MSI,Municipal,Primario
114303,2025.0,4.0,4.0,10.0,MSI,Municipal,Primario
114303,2025.0,5.0,10.0,2.0,MSI,Municipal,Primario
114303,2025.0,6.0,4.0,6.0,MSI,Municipal,Primario
114303,2025.0,7.0,2.0,8.0,MSI,Municipal,Primario
114303,2025.0,8.0,16.0,10.0,MSI,Municipal,Primario
114303,2025.0,9.0,,6.0,MSI,Municipal,Primario
114303,2025.0,10.0,7.0,,MSI,Municipal,Primario
114304,2024.0,10.0,,4.0,MSI,Municipal,Primario
114304,2024.0,11.0,,3.0,MSI,Municipal,Primario
114304,2024.0,12.0,,2.0,MSI,Municipal,Primario
114304,2025.0,1.0,6.0,10.0,MSI,Municipal,Primario
114304,2025.0,2.0,8.0,0.0,MSI,Municipal,Primario
114304,2025.0,3.0,4.0,12.0,MSI,Municipal,Primario
114304,2025.0,4.0,4.0,2.0,MSI,Municipal,Primario
114304,2025.0,5.0,8.0,8.0,MSI,Municipal,Primario
114304,2025.0,6.0,2.0,6.0,MSI,Municipal,Primario
114304,2025.0,7.0,8.0,4.0,MSI,Municipal,Primario
114304,2025.0,8.0,8.0,4.0,MSI,Municipal,Primario
114304,2025.0,9.0,4.0,12.0,MSI,Municipal,Primario
114304,2025.0,10.0,3.0,,MSI,Municipal,Primario
114305,2024.0,10.0,,3.0,MSI,Municipal,Primario
114305,2024.0,11.0,,3.0,MSI,Municipal,Primario
114305,2024.0,12.0,,0.0,MSI,Municipal,Primario
114305,2025.0,1.0,6.0,12.0,MSI,Municipal,Primario
114305,2025.0,2.0,2.0,6.0,MSI,Municipal,Primario
114305,2025.0,3.0,0.0,4.0,MSI,Municipal,Primario
114305,2025.0,4.0,10.0,2.0,MSI,Municipal,Primario
114305,2025.0,5.0,4.0,4.0,MSI,Municipal,Primario
114305,2025.0,6.0,4.0,6.0,MSI,Municipal,Primario
114305,2025.0,7.0,2.0,8.0,MSI,Municipal,Primario
114305,2025.0,8.0,4.0,2.0,MSI,Municipal,Primario
114305,2025.0,9.0,4.0,10.0,MSI,Municipal,Primario
114305,2025.0,10.0,4.0,,MSI,Municipal,Primario
114306,2024.0,10.0,,4.0,MSI,Municipal,Primario
114306,2024.0,11.0,,2.0,MSI,Municipal,Primario
114306,2024.0,12.0,,2.0,MSI,Municipal,Primario
114306,2025.0,1.0,2.0,6.0,MSI,Municipal,Primario
114306,2025.0,2.0,6.0,8.0,MSI,Municipal,Primario
114306,2025.0,3.0,4.0,8.0,MSI,Municipal,Primario
114306,2025.0,4.0,0.0,4.0,MSI,Municipal,Primario
114306,2025.0,5.0,8.0,0.0,MSI,Municipal,Primario
114306,2025.0,6.0,12.0,0.0,MSI,Municipal,Primario
114306,2025.0,7.0,6.0,6.0,MSI,Municipal,Primario
114306,2025.0,8.0,2.0,8.0,MSI,Municipal,Primario
114306,2025.0,9.0,,2.0,MSI,Municipal,Primario
114306,2025.0,10.0,4.0,,MSI,Municipal,Primario
114307,2025.0,1.0,,6.0,MSI,Municipal,Primario
114307,2025.0,3.0,2.0,6.0,MSI,Municipal,Primario
114307,2025.0,4.0,2.0,12.0,MSI,Municipal,Primario
114307,2025.0,5.0,,8.0,MSI,Municipal,Primario
114307,2025.0,6.0,4.0,10.0,MSI,Municipal,Primario
114307,2025.0,7.0,10.0,0.0,MSI,Municipal,Primario
114307,2025.0,8.0,6.0,4.0,MSI,Municipal,Primario
114307,2025.0,9.0,0.0,,MSI,Municipal,Primario
114307,2025.0,10.0,2.0,,MSI,Municipal,Primario
114308,2024.0,10.0,,1.0,MSI,Municipal,Primario
114308,2024.0,11.0,,2.0,MSI,Municipal,Primario
114308,2024.0,12.0,,3.0,MSI,Municipal,Primario
114308,2025.0,1.0,2.0,2.0,MSI,Municipal,Primario
114308,2025.0,2.0,2.0,4.0,MSI,Municipal,Primario
114308,2025.0,3.0,2.0,2.0,MSI,Municipal,Primario
114308,2025.0,4.0,4.0,12.0,MSI,Municipal,Primario
114308,2025.0,5.0,2.0,2.0,MSI,Municipal,Primario
114308,2025.0,6.0,4.0,0.0,MSI,Municipal,Primario
114308,2025.0,7.0,2.0,2.0,MSI,Municipal,Primario
114308,2025.0,8.0,2.0,8.0,MSI,Municipal,Primario
114308,2025.0,9.0,8.0,2.0,MSI,Municipal,Primario
114308,2025.0,10.0,0.0,,MSI,Municipal,Primario
114309,2024.0,10.0,,9.0,MSI,Municipal,Primario
114309,2024.0,11.0,,1.0,MSI,Municipal,Primario
114309,2024.0,12.0,,1.0,MSI,Municipal,Primario
114309,2025.0,1.0,10.0,4.0,MSI,Municipal,Primario
114309,2025.0,2.0,4.0,4.0,MSI,Municipal,Primario
114309,2025.0,3.0,0.0,6.0,MSI,Municipal,Primario
114309,2025.0,4.0,0.0,2.0,MSI,Municipal,Primario
114309,2025.0,5.0,4.0,6.0,MSI,Municipal,Primario
114309,2025.0,6.0,4.0,0.0,MSI,Municipal,Primario
114309,2025.0,7.0,2.0,6.0,MSI,Municipal,Primario
114309,2025.0,8.0,4.0,0.0,MSI,Municipal,Primario
114309,2025.0,9.0,4.0,2.0,MSI,Municipal,Primario
114309,2025.0,10.0,3.0,,MSI,Municipal,Primario
114310,2024.0,11.0,,2.0,MSI,Municipal,Primario
114310,2024.0,12.0,,0.0,MSI,Municipal,Primario
114310,2025.0,1.0,2.0,2.0,MSI,Municipal,Primario
114310,2025.0,3.0,2.0,,MSI,Municipal,Primario
114310,2025.0,4.0,,2.0,MSI,Municipal,Primario
114310,2025.0,5.0,,0.0,MSI,Municipal,Primario
114310,2025.0,6.0,,4.0,MSI,Municipal,Primario
114310,2025.0,7.0,,1.0,MSI,Municipal,Primario
114310,2025.0,9.0,2.0,0.0,MSI,Municipal,Primario
114310,2025.0,10.0,0.0,,MSI,Municipal,Primario
114311,2024.0,10.0,,3.0,MSI,Municipal,Primario
114311,2024.0,11.0,,2.0,MSI,Municipal,Primario
114311,2024.0,12.0,,0.0,MSI,Municipal,Primario
114311,2025.0,1.0,8.0,4.0,MSI,Municipal,Primario
114311,2025.0,2.0,2.0,0.0,MSI,Municipal,Primario
114311,2025.0,4.0,,2.0,MSI,Municipal,Primario
114311,2025.0,5.0,0.0,2.0,MSI,Municipal,Primario
114311,2025.0,7.0,2.0,2.0,MSI,Municipal,Primario
114311,2025.0,8.0,0.0,0.0,MSI,Municipal,Primario
114311,2025.0,9.0,0.0,,MSI,Municipal,Primario
114312,2024.0,10.0,,1.0,MSI,Municipal,Primario
114312,2024.0,11.0,,3.0,MSI,Municipal,Primario
114312,2024.0,12.0,,2.0,MSI,Municipal,Primario
114312,2025.0,1.0,0.0,2.0,MSI,Municipal,Primario
114312,2025.0,2.0,,0.0,MSI,Municipal,Primario
114312,2025.0,3.0,4.0,4.0,MSI,Municipal,Primario
114312,2025.0,4.0,,2.0,MSI,Municipal,Primario
114312,2025.0,5.0,0.0,4.0,MSI,Municipal,Primario
114312,2025.0,6.0,4.0,2.0,MSI,Municipal,Primario
114312,2025.0,7.0,2.0,0.0,MSI,Municipal,Primario
114312,2025.0,8.0,2.0,2.0,MSI,Municipal,Primario
114312,2025.0,9.0,4.0,20.0,MSI,Municipal,Primario
114313,2024.0,10.0,,2.0,MSI,Municipal,Primario
114313,2024.0,11.0,,1.0,MSI,Municipal,Primario
114313,2024.0,12.0,,2.0,MSI,Municipal,Primario
114313,2025.0,1.0,4.0,6.0,MSI,Municipal,Primario
114313,2025.0,2.0,2.0,4.0,MSI,Municipal,Primario
114313,2025.0,3.0,2.0,2.0,MSI,Municipal,Primario
114313,2025.0,4.0,2.0,4.0,MSI,Municipal,Primario
114313,2025.0,5.0,2.0,4.0,MSI,Municipal,Primario
114313,2025.0,6.0,6.0,2.0,MSI,Municipal,Primario
114313,2025.0,7.0,4.0,10.0,MSI,Municipal,Primario
114313,2025.0,8.0,,2.0,MSI,Municipal,Primario
114313,2025.0,9.0,2.0,16.0,MSI,Municipal,Primario
114313,2025.0,10.0,2.0,,MSI,Municipal,Primario
114314,2024.0,10.0,,1.0,MSI,Municipal,Primario
114314,2024.0,12.0,,0.0,MSI,Municipal,Primario
114314,2025.0,1.0,2.0,8.0,MSI,Municipal,Primario
114314,2025.0,2.0,,0.0,MSI,Municipal,Primario
114314,2025.0,3.0,0.0,4.0,MSI,Municipal,Primario
114314,2025.0,4.0,6.0,10.0,MSI,Municipal,Primario
114314,2025.0,5.0,0.0,4.0,MSI,Municipal,Primario
114314,2025.0,6.0,2.0,0.0,MSI,Municipal,Primario
114314,2025.0,7.0,6.0,3.0,MSI,Municipal,Primario
114314,2025.0,8.0,2.0,3.0,MSI,Municipal,Primario
114314,2025.0,9.0,0.0,2.0,MSI,Municipal,Primario
114314,2025.0,10.0,1.0,,MSI,Municipal,Primario
114315,2024.0,10.0,,2.0,MSI,Municipal,Primario
114315,2024.0,11.0,,1.0,MSI,Municipal,Primario
114315,2024.0,12.0,,2.0,MSI,Municipal,Primario
114315,2025.0,1.0,,4.0,MSI,Municipal,Primario
114315,2025.0,2.0,2.0,2.0,MSI,Municipal,Primario
114315,2025.0,3.0,0.0,6.0,MSI,Municipal,Primario
114315,2025.0,4.0,4.0,2.0,MSI,Municipal,Primario
114315,2025.0,5.0,2.0,2.0,MSI,Municipal,Primario
114315,2025.0,6.0,2.0,2.0,MSI,Municipal,Primario
114315,2025.0,7.0,2.0,4.0,MSI,Municipal,Primario
114315,2025.0,8.0,2.0,8.0,MSI,Municipal,Primario
114315,2025.0,9.0,2.0,2.0,MSI,Municipal,Primario
114315,2025.0,10.0,2.0,,MSI,Municipal,Primario
114316,2024.0,10.0,,1.0,MSI,Municipal,Primario
114316,2024.0,11.0,,1.0,MSI,Municipal,Primario
114316,2025.0,1.0,0.0,8.0,MSI,Municipal,Primario
114316,2025.0,2.0,4.0,2.0,MSI,Municipal,Primario
114316,2025.0,3.0,2.0,4.0,MSI,Municipal,Primario
114316,2025.0,4.0,2.0,2.0,MSI,Municipal,Primario
114316,2025.0,5.0,8.0,2.0,MSI,Municipal,Primario
114316,2025.0,6.0,4.0,4.0,MSI,Municipal,Primario
114316,2025.0,7.0,2.0,6.0,MSI,Municipal,Primario
114316,2025.0,8.0,2.0,2.0,MSI,Municipal,Primario
114316,2025.0,9.0,2.0,2.0,MSI,Municipal,Primario
114316,2025.0,10.0,3.0,,MSI,Municipal,Primario
114317,2024.0,10.0,,3.0,MSI,Municipal,Primario
114317,2024.0,11.0,,2.0,MSI,Municipal,Primario
114317,2024.0,12.0,,2.0,MSI,Municipal,Primario
114317,2025.0,1.0,,4.0,MSI,Municipal,Primario
114317,2025.0,2.0,2.0,10.0,MSI,Municipal,Primario
114317,2025.0,3.0,2.0,10.0,MSI,Municipal,Primario
114317,2025.0,4.0,2.0,6.0,MSI,Municipal,Primario
114317,2025.0,5.0,4.0,4.0,MSI,Municipal,Primario
114317,2025.0,6.0,6.0,2.0,MSI,Municipal,Primario
114317,2025.0,7.0,2.0,2.0,MSI,Municipal,Primario
114317,2025.0,8.0,6.0,10.0,MSI,Municipal,Primario
114317,2025.0,9.0,2.0,2.0,MSI,Municipal,Primario
114317,2025.0,10.0,2.0,,MSI,Municipal,Primario
114318,2024.0,10.0,,2.0,MSI,Municipal,Primario
114318,2024.0,11.0,,4.0,MSI,Municipal,Primario
114318,2024.0,12.0,,5.0,MSI,Municipal,Primario
114318,2025.0,1.0,2.0,4.0,MSI,Municipal,Primario
114318,2025.0,2.0,10.0,4.0,MSI,Municipal,Primario
114318,2025.0,3.0,2.0,4.0,MSI,Municipal,Primario
114318,2025.0,4.0,4.0,6.0,MSI,Municipal,Primario
114318,2025.0,5.0,,16.0,MSI,Municipal,Primario
114318,2025.0,6.0,2.0,8.0,MSI,Municipal,Primario
114318,2025.0,7.0,4.0,6.0,MSI,Municipal,Primario
114318,2025.0,8.0,8.0,4.0,MSI,Municipal,Primario
114318,2025.0,9.0,12.0,2.0,MSI,Municipal,Primario
114318,2025.0,10.0,1.0,,MSI,Municipal,Primario
114319,2024.0,10.0,,0.0,MSI,Municipal,Primario
114319,2024.0,11.0,,6.0,MSI,Municipal,Primario
114319,2024.0,12.0,,4.0,MSI,Municipal,Primario
114319,2025.0,1.0,2.0,8.0,MSI,Municipal,Primario
114319,2025.0,2.0,8.0,2.0,MSI,Municipal,Primario
114319,2025.0,3.0,16.0,18.0,MSI,Municipal,Primario
114319,2025.0,4.0,6.0,0.0,MSI,Municipal,Primario
114319,2025.0,5.0,6.0,4.0,MSI,Municipal,Primario
114319,2025.0,6.0,6.0,6.0,MSI,Municipal,Primario
114319,2025.0,7.0,6.0,0.0,MSI,Municipal,Primario
114319,2025.0,8.0,6.0,12.0,MSI,Municipal,Primario
114319,2025.0,9.0,2.0,10.0,MSI,Municipal,Primario
114319,2025.0,10.0,0.0,,MSI,Municipal,Primario
114320,2024.0,10.0,,6.0,MSI,Municipal,Primario
114320,2024.0,11.0,,5.0,MSI,Municipal,Primario
114320,2024.0,12.0,,6.0,MSI,Municipal,Primario
114320,2025.0,1.0,20.0,8.0,MSI,Municipal,Primario
114320,2025.0,2.0,2.0,14.0,MSI,Municipal,Primario
114320,2025.0,3.0,2.0,8.0,MSI,Municipal,Primario
114320,2025.0,4.0,14.0,6.0,MSI,Municipal,Primario
114320,2025.0,5.0,12.0,10.0,MSI,Municipal,Primario
114320,2025.0,6.0,6.0,2.0,MSI,Municipal,Primario
114320,2025.0,7.0,4.0,6.0,MSI,Municipal,Primario
114320,2025.0,8.0,0.0,4.0,MSI,Municipal,Primario
114320,2025.0,9.0,12.0,14.0,MSI,Municipal,Primario
114320,2025.0,10.0,3.0,,MSI,Municipal,Primario
114321,2024.0,10.0,,2.0,MSI,Municipal,Primario
114321,2024.0,11.0,,3.0,MSI,Municipal,Primario
114321,2024.0,12.0,,1.0,MSI,Municipal,Primario
114321,2025.0,1.0,2.0,12.0,MSI,Municipal,Primario
114321,2025.0,2.0,4.0,10.0,MSI,Municipal,Primario
114321,2025.0,3.0,12.0,0.0,MSI,Municipal,Primario
114321,2025.0,4.0,4.0,2.0,MSI,Municipal,Primario
114321,2025.0,5.0,2.0,2.0,MSI,Municipal,Primario
114321,2025.0,6.0,,2.0,MSI,Municipal,Primario
114321,2025.0,7.0,2.0,14.0,MSI,Municipal,Primario
114321,2025.0,8.0,2.0,,MSI,Municipal,Primario
114321,2025.0,9.0,2.0,2.0,MSI,Municipal,Primario
114322,2024.0,10.0,,4.0,MSI,Municipal,Primario
114322,2024.0,11.0,,1.0,MSI,Municipal,Primario
114322,2024.0,12.0,,3.0,MSI,Municipal,Primario
114322,2025.0,1.0,10.0,14.0,MSI,Municipal,Primario
114322,2025.0,2.0,,14.0,MSI,Municipal,Primario
114322,2025.0,3.0,4.0,12.0,MSI,Municipal,Primario
114322,2025.0,4.0,14.0,2.0,MSI,Municipal,Primario
114322,2025.0,5.0,16.0,14.0,MSI,Municipal,Primario
114322,2025.0,6.0,6.0,8.0,MSI,Municipal,Primario
114322,2025.0,7.0,24.0,6.0,MSI,Municipal,Primario
114322,2025.0,8.0,,2.0,MSI,Municipal,Primario
114322,2025.0,9.0,6.0,16.0,MSI,Municipal,Primario
114323,2024.0,10.0,,2.0,MSI,Delegados ,Primario
114323,2024.0,11.0,,2.0,MSI,Delegados ,Primario
114323,2024.0,12.0,,2.0,MSI,Delegados ,Primario
114323,2025.0,1.0,2.0,2.0,MSI,Delegados ,Primario
114323,2025.0,2.0,2.0,6.0,MSI,Delegados ,Primario
114323,2025.0,3.0,,0.0,MSI,Delegados ,Primario
114323,2025.0,4.0,0.0,0.0,MSI,Delegados ,Primario
114323,2025.0,5.0,0.0,2.0,MSI,Delegados ,Primario
114323,2025.0,6.0,0.0,2.0,MSI,Delegados ,Primario
114323,2025.0,7.0,2.0,2.0,MSI,Delegados ,Primario
114323,2025.0,8.0,2.0,0.0,MSI,Delegados ,Primario
114323,2025.0,9.0,2.0,2.0,MSI,Delegados ,Primario
114324,2024.0,10.0,,0.0,MSI,Municipal,Primario
114324,2024.0,11.0,,0.0,MSI,Municipal,Primario
114324,2024.0,12.0,,2.0,MSI,Municipal,Primario
114324,2025.0,1.0,6.0,10.0,MSI,Municipal,Primario
114324,2025.0,2.0,,6.0,MSI,Municipal,Primario
114324,2025.0,3.0,6.0,,MSI,Municipal,Primario
114324,2025.0,4.0,2.0,8.0,MSI,Municipal,Primario
114324,2025.0,5.0,4.0,2.0,MSI,Municipal,Primario
114324,2025.0,6.0,8.0,2.0,MSI,Municipal,Primario
114324,2025.0,7.0,,4.0,MSI,Municipal,Primario
114324,2025.0,8.0,6.0,4.0,MSI,Municipal,Primario
114324,2025.0,9.0,4.0,2.0,MSI,Municipal,Primario
114324,2025.0,10.0,1.0,,MSI,Municipal,Primario
114325,2024.0,10.0,,3.0,MSI,Municipal,Primario
114325,2024.0,11.0,,4.0,MSI,Municipal,Primario
114325,2024.0,12.0,,7.0,MSI,Municipal,Primario
114325,2025.0,1.0,10.0,12.0,MSI,Municipal,Primario
114325,2025.0,2.0,2.0,2.0,MSI,Municipal,Primario
114325,2025.0,3.0,4.0,2.0,MSI,Municipal,Primario
114325,2025.0,4.0,8.0,4.0,MSI,Municipal,Primario
114325,2025.0,5.0,10.0,6.0,MSI,Municipal,Primario
114325,2025.0,6.0,4.0,8.0,MSI,Municipal,Primario
114325,2025.0,7.0,0.0,14.0,MSI,Municipal,Primario
114325,2025.0,8.0,2.0,6.0,MSI,Municipal,Primario
114325,2025.0,9.0,,8.0,MSI,Municipal,Primario
114325,2025.0,10.0,5.0,,MSI,Municipal,Primario
114326,2024.0,10.0,,2.0,MSI,Municipal,Primario
114326,2024.0,11.0,,0.0,MSI,Municipal,Primario
114326,2024.0,12.0,,1.0,MSI,Municipal,Primario
114326,2025.0,1.0,6.0,4.0,MSI,Municipal,Primario
114326,2025.0,2.0,0.0,14.0,MSI,Municipal,Primario
114326,2025.0,3.0,0.0,2.0,MSI,Municipal,Primario
114326,2025.0,4.0,12.0,2.0,MSI,Municipal,Primario
114326,2025.0,5.0,8.0,8.0,MSI,Municipal,Primario
114326,2025.0,6.0,4.0,8.0,MSI,Municipal,Primario
114326,2025.0,7.0,4.0,6.0,MSI,Municipal,Primario
114326,2025.0,8.0,2.0,2.0,MSI,Municipal,Primario
114326,2025.0,9.0,,4.0,MSI,Municipal,Primario
114326,2025.0,10.0,3.0,,MSI,Municipal,Primario
114327,2024.0,10.0,,3.0,MSI,Delegados ,Primario
114327,2024.0,11.0,,5.0,MSI,Delegados ,Primario
114327,2024.0,12.0,,1.0,MSI,Delegados ,Primario
114327,2025.0,1.0,,2.0,MSI,Delegados ,Primario
114327,2025.0,2.0,0.0,4.0,MSI,Delegados ,Primario
114327,2025.0,3.0,4.0,6.0,MSI,Delegados ,Primario
114327,2025.0,4.0,2.0,2.0,MSI,Delegados ,Primario
114327,2025.0,5.0,,2.0,MSI,Delegados ,Primario
114327,2025.0,6.0,2.0,2.0,MSI,Delegados ,Primario
114327,2025.0,7.0,2.0,4.0,MSI,Delegados ,Primario
114327,2025.0,8.0,0.0,2.0,MSI,Delegados ,Primario
114327,2025.0,9.0,2.0,2.0,MSI,Delegados ,Primario
114327,2025.0,10.0,1.0,,MSI,Delegados ,Primario
114328,2024.0,10.0,,0.0,MSI,Municipal,Primario
114328,2025.0,1.0,,0.0,MSI,Municipal,Primario
114328,2025.0,2.0,,4.0,MSI,Municipal,Primario
114328,2025.0,3.0,0.0,0.0,MSI,Municipal,Primario
114328,2025.0,4.0,,2.0,MSI,Municipal,Primario
114328,2025.0,5.0,4.0,2.0,MSI,Municipal,Primario
114328,2025.0,6.0,0.0,6.0,MSI,Municipal,Primario
114328,2025.0,7.0,2.0,8.0,MSI,Municipal,Primario
114328,2025.0,8.0,2.0,4.0,MSI,Municipal,Primario
114328,2025.0,9.0,6.0,4.0,MSI,Municipal,Primario
114328,2025.0,10.0,3.0,,MSI,Municipal,Primario
114329,2024.0,10.0,,1.0,MSI,Delegados ,Primario
114329,2024.0,11.0,,0.0,MSI,Delegados ,Primario
114329,2024.0,12.0,,1.0,MSI,Delegados ,Primario
114329,2025.0,1.0,,2.0,MSI,Delegados ,Primario
114329,2025.0,2.0,2.0,12.0,MSI,Delegados ,Primario
114329,2025.0,3.0,0.0,0.0,MSI,Delegados ,Primario
114329,2025.0,4.0,,2.0,MSI,Delegados ,Primario
114329,2025.0,5.0,2.0,4.0,MSI,Delegados ,Primario
114329,2025.0,6.0,6.0,6.0,MSI,Delegados ,Primario
114329,2025.0,7.0,2.0,8.0,MSI,Delegados ,Primario
114329,2025.0,8.0,2.0,0.0,MSI,Delegados ,Primario
114329,2025.0,9.0,4.0,4.0,MSI,Delegados ,Primario
114329,2025.0,10.0,0.0,,MSI,Delegados ,Primario
114330,2024.0,10.0,,2.0,MSI,Municipal,Primario
114330,2024.0,11.0,,0.0,MSI,Municipal,Primario
114330,2024.0,12.0,,2.0,MSI,Municipal,Primario
114330,2025.0,1.0,0.0,4.0,MSI,Municipal,Primario
114330,2025.0,2.0,,0.0,MSI,Municipal,Primario
114330,2025.0,3.0,8.0,2.0,MSI,Municipal,Primario
114330,2025.0,4.0,0.0,2.0,MSI,Municipal,Primario
114330,2025.0,5.0,2.0,2.0,MSI,Municipal,Primario
114330,2025.0,6.0,,4.0,MSI,Municipal,Primario
114330,2025.0,7.0,2.0,4.0,MSI,Municipal,Primario
114330,2025.0,8.0,2.0,2.0,MSI,Municipal,Primario
114330,2025.0,9.0,2.0,,MSI,Municipal,Primario
114330,2025.0,10.0,1.0,,MSI,Municipal,Primario
114331,2024.0,10.0,,4.0,MSI,Municipal,Primario
114331,2024.0,11.0,,4.0,MSI,Municipal,Primario
114331,2024.0,12.0,,1.0,MSI,Municipal,Primario
114331,2025.0,1.0,0.0,8.0,MSI,Municipal,Primario
114331,2025.0,2.0,2.0,10.0,MSI,Municipal,Primario
114331,2025.0,3.0,4.0,10.0,MSI,Municipal,Primario
114331,2025.0,4.0,10.0,8.0,MSI,Municipal,Primario
114331,2025.0,5.0,8.0,2.0,MSI,Municipal,Primario
114331,2025.0,6.0,10.0,4.0,MSI,Municipal,Primario
114331,2025.0,7.0,8.0,2.0,MSI,Municipal,Primario
114331,2025.0,8.0,10.0,4.0,MSI,Municipal,Primario
114331,2025.0,9.0,2.0,2.0,MSI,Municipal,Primario
114331,2025.0,10.0,3.0,,MSI,Municipal,Primario
114332,2024.0,10.0,,1.0,MSI,Municipal,Primario
114332,2024.0,11.0,,1.0,MSI,Municipal,Primario
114332,2024.0,12.0,,0.0,MSI,Municipal,Primario
114332,2025.0,1.0,4.0,2.0,MSI,Municipal,Primario
114332,2025.0,2.0,,4.0,MSI,Municipal,Primario
114332,2025.0,3.0,0.0,0.0,MSI,Municipal,Primario
114332,2025.0,4.0,8.0,,MSI,Municipal,Primario
114332,2025.0,5.0,,0.0,MSI,Municipal,Primario
114332,2025.0,6.0,0.0,0.0,MSI,Municipal,Primario
114332,2025.0,7.0,0.0,6.0,MSI,Municipal,Primario
114332,2025.0,9.0,4.0,4.0,MSI,Municipal,Primario
114333,2024.0,10.0,,1.0,MSI,Municipal,Primario
114333,2024.0,11.0,,3.0,MSI,Municipal,Primario
114333,2025.0,1.0,0.0,2.0,MSI,Municipal,Primario
114333,2025.0,2.0,,4.0,MSI,Municipal,Primario
114333,2025.0,3.0,2.0,,MSI,Municipal,Primario
114333,2025.0,4.0,,8.0,MSI,Municipal,Primario
114333,2025.0,5.0,,2.0,MSI,Municipal,Primario
114333,2025.0,6.0,,2.0,MSI,Municipal,Primario
114333,2025.0,7.0,4.0,4.0,MSI,Municipal,Primario
114333,2025.0,8.0,,2.0,MSI,Municipal,Primario
114333,2025.0,9.0,0.0,0.0,MSI,Municipal,Primario
114334,2024.0,10.0,,2.0,MSI,Municipal,Primario
114334,2024.0,11.0,,2.0,MSI,Municipal,Primario
114334,2024.0,12.0,,5.0,MSI,Municipal,Primario
114334,2025.0,1.0,2.0,2.0,MSI,Municipal,Primario
114334,2025.0,2.0,6.0,0.0,MSI,Municipal,Primario
114334,2025.0,3.0,4.0,0.0,MSI,Municipal,Primario
114334,2025.0,4.0,4.0,2.0,MSI,Municipal,Primario
114334,2025.0,5.0,4.0,0.0,MSI,Municipal,Primario
114334,2025.0,6.0,0.0,0.0,MSI,Municipal,Primario
114334,2025.0,7.0,0.0,0.0,MSI,Municipal,Primario
114334,2025.0,8.0,0.0,,MSI,Municipal,Primario
114334,2025.0,9.0,,0.0,MSI,Municipal,Primario
114334,2025.0,10.0,0.0,,MSI,Municipal,Primario
114407,2024.0,10.0,,2.0,MSI,Municipal,Primario
114407,2024.0,11.0,,0.0,MSI,Municipal,Primario
114407,2024.0,12.0,,1.0,MSI,Municipal,Primario
114407,2025.0,1.0,,0.0,MSI,Municipal,Primario
114407,2025.0,2.0,0.0,2.0,MSI,Municipal,Primario
114407,2025.0,3.0,,2.0,MSI,Municipal,Primario
114407,2025.0,4.0,0.0,,MSI,Municipal,Primario
114407,2025.0,5.0,0.0,,MSI,Municipal,Primario
114407,2025.0,6.0,,2.0,MSI,Municipal,Primario
114407,2025.0,7.0,6.0,,MSI,Municipal,Primario
114407,2025.0,8.0,2.0,,MSI,Municipal,Primario
114407,2025.0,9.0,2.0,4.0,MSI,Municipal,Primario
114407,2025.0,10.0,1.0,,MSI,Municipal,Primario
114706,2024.0,11.0,,0.0,MSI,Municipal,Primario
114706,2025.0,1.0,,0.0,MSI,Municipal,Primario
114706,2025.0,6.0,,0.0,MSI,Municipal,Primario
114706,2025.0,7.0,2.0,0.0,MSI,Municipal,Primario
114706,2025.0,8.0,,4.0,MSI,Municipal,Primario
114714,2024.0,10.0,,0.0,MSI,Municipal,Primario
114714,2025.0,1.0,,4.0,MSI,Municipal,Primario
114714,2025.0,2.0,,2.0,MSI,Municipal,Primario
114714,2025.0,3.0,,0.0,MSI,Municipal,Primario
114714,2025.0,4.0,,0.0,MSI,Municipal,Primario
114714,2025.0,5.0,,0.0,MSI,Municipal,Primario
114796,2025.0,4.0,0.0,2.0,MSI,Municipal,Primario
114796,2025.0,5.0,,2.0,MSI,Municipal,Primario
114796,2025.0,8.0,,2.0,MSI,Municipal,Primario
114796,2025.0,10.0,0.0,,MSI,Municipal,Primario
114819,2025.0,10.0,0.0,,MSI,Municipal,Primario
200037,2024.0,11.0,,1.0,MSI,Municipal,Primario
200037,2025.0,1.0,0.0,,MSI,Municipal,Primario
200037,2025.0,2.0,,4.0,MSI,Municipal,Primario
200037,2025.0,3.0,,0.0,MSI,Municipal,Primario
200037,2025.0,4.0,2.0,,MSI,Municipal,Primario
200037,2025.0,5.0,2.0,2.0,MSI,Municipal,Primario
200037,2025.0,6.0,,2.0,MSI,Municipal,Primario
200037,2025.0,7.0,2.0,0.0,MSI,Municipal,Primario
200037,2025.0,8.0,,2.0,MSI,Municipal,Primario
200037,2025.0,9.0,,2.0,MSI,Municipal,Primario
200037,2025.0,10.0,0.0,,MSI,Municipal,Primario
200210,2024.0,11.0,,0.0,MSI,Municipal,Primario
200210,2024.0,12.0,,0.0,MSI,Municipal,Primario
200210,2025.0,1.0,,4.0,MSI,Municipal,Primario
200210,2025.0,2.0,0.0,2.0,MSI,Municipal,Primario
200210,2025.0,3.0,0.0,0.0,MSI,Municipal,Primario
200210,2025.0,4.0,6.0,6.0,MSI,Municipal,Primario
200210,2025.0,5.0,8.0,,MSI,Municipal,Primario
200210,2025.0,6.0,0.0,0.0,MSI,Municipal,Primario
200210,2025.0,8.0,2.0,4.0,MSI,Municipal,Primario
200210,2025.0,10.0,0.0,,MSI,Municipal,Primario
200236,2024.0,12.0,,0.0,MSI,Municipal,Primario
200236,2025.0,1.0,,4.0,MSI,Municipal,Primario
200236,2025.0,3.0,0.0,2.0,MSI,Municipal,Primario
200236,2025.0,4.0,2.0,,MSI,Municipal,Primario
200236,2025.0,5.0,,2.0,MSI,Municipal,Primario
200236,2025.0,6.0,,2.0,MSI,Municipal,Primario
200265,2025.0,6.0,,0.0,MSI,Municipal,Primario
200265,2025.0,10.0,0.0,,MSI,Municipal,Primario
200304,2025.0,3.0,,0.0,MSI,Municipal,Primario
200304,2025.0,7.0,,2.0,MSI,Municipal,Primario
200304,2025.0,8.0,,2.0,MSI,Municipal,Primario
200304,2025.0,9.0,4.0,,MSI,Municipal,Primario
200337,2024.0,11.0,,1.0,MSI,Municipal,Primario
200337,2024.0,12.0,,0.0,MSI,Municipal,Primario
200337,2025.0,1.0,,4.0,MSI,Municipal,Primario
200337,2025.0,2.0,2.0,2.0,MSI,Municipal,Primario
200337,2025.0,4.0,2.0,2.0,MSI,Municipal,Primario
200337,2025.0,5.0,,2.0,MSI,Municipal,Primario
200337,2025.0,6.0,6.0,2.0,MSI,Municipal,Primario
200337,2025.0,7.0,,2.0,MSI,Municipal,Primario
200337,2025.0,8.0,,2.0,MSI,Municipal,Primario
200337,2025.0,10.0,2.0,,MSI,Municipal,Primario
200342,2024.0,10.0,,0.0,MSI,Municipal,Primario
200342,2024.0,11.0,,0.0,MSI,Municipal,Primario
200342,2024.0,12.0,,2.0,MSI,Municipal,Primario
200342,2025.0,1.0,,6.0,MSI,Municipal,Primario
200342,2025.0,2.0,2.0,2.0,MSI,Municipal,Primario
200342,2025.0,4.0,,0.0,MSI,Municipal,Primario
200342,2025.0,5.0,2.0,,MSI,Municipal,Primario
200342,2025.0,6.0,2.0,4.0,MSI,Municipal,Primario
200342,2025.0,7.0,4.0,2.0,MSI,Municipal,Primario
200342,2025.0,8.0,,2.0,MSI,Municipal,Primario
200342,2025.0,9.0,,0.0,MSI,Municipal,Primario
200342,2025.0,10.0,3.0,,MSI,Municipal,Primario
200346,2024.0,10.0,,2.0,MSI,Servicio de Salud,Primario
200346,2024.0,12.0,,1.0,MSI,Servicio de Salud,Primario
200346,2025.0,1.0,,4.0,MSI,Servicio de Salud,Primario
200346,2025.0,2.0,,2.0,MSI,Servicio de Salud,Primario
200346,2025.0,4.0,,2.0,MSI,Servicio de Salud,Primario
200346,2025.0,5.0,2.0,4.0,MSI,Servicio de Salud,Primario
200347,2024.0,10.0,,0.0,MSI,Municipal,Primario
200347,2024.0,11.0,,1.0,MSI,Municipal,Primario
200347,2025.0,1.0,2.0,2.0,MSI,Municipal,Primario
200347,2025.0,4.0,4.0,2.0,MSI,Municipal,Primario
200347,2025.0,5.0,2.0,2.0,MSI,Municipal,Primario
200347,2025.0,6.0,4.0,0.0,MSI,Municipal,Primario
200347,2025.0,7.0,,2.0,MSI,Municipal,Primario
200347,2025.0,8.0,,0.0,MSI,Municipal,Primario
200347,2025.0,9.0,2.0,,MSI,Municipal,Primario
200360,2024.0,10.0,,2.0,MSI,Municipal,Primario
200360,2025.0,2.0,,2.0,MSI,Municipal,Primario
200360,2025.0,3.0,2.0,,MSI,Municipal,Primario
200360,2025.0,4.0,0.0,2.0,MSI,Municipal,Primario
200360,2025.0,5.0,2.0,0.0,MSI,Municipal,Primario
200360,2025.0,7.0,2.0,2.0,MSI,Municipal,Primario
200360,2025.0,8.0,,0.0,MSI,Municipal,Primario
200360,2025.0,9.0,,0.0,MSI,Municipal,Primario
200360,2025.0,10.0,0.0,,MSI,Municipal,Primario
200361,2024.0,11.0,,2.0,MSI,Municipal,Primario
200361,2024.0,12.0,,1.0,MSI,Municipal,Primario
200361,2025.0,1.0,,0.0,MSI,Municipal,Primario
200361,2025.0,2.0,2.0,,MSI,Municipal,Primario
200361,2025.0,3.0,4.0,,MSI,Municipal,Primario
200361,2025.0,8.0,,0.0,MSI,Municipal,Primario
200365,2024.0,11.0,,0.0,MSI,Municipal,Primario
200365,2025.0,1.0,,2.0,MSI,Municipal,Primario
200365,2025.0,2.0,,0.0,MSI,Municipal,Primario
200365,2025.0,3.0,0.0,,MSI,Municipal,Primario
200365,2025.0,4.0,2.0,,MSI,Municipal,Primario
200365,2025.0,5.0,0.0,,MSI,Municipal,Primario
200365,2025.0,6.0,,0.0,MSI,Municipal,Primario
200365,2025.0,7.0,,0.0,MSI,Municipal,Primario
200365,2025.0,8.0,,0.0,MSI,Municipal,Primario
200365,2025.0,9.0,2.0,,MSI,Municipal,Primario
200377,2024.0,10.0,,0.0,MSI,Municipal,Primario
200377,2025.0,4.0,,2.0,MSI,Municipal,Primario
200377,2025.0,6.0,,0.0,MSI,Municipal,Primario
200377,2025.0,8.0,,0.0,MSI,Municipal,Primario
200377,2025.0,10.0,1.0,,MSI,Municipal,Primario
200385,2024.0,12.0,,1.0,MSI,Municipal,Primario
200385,2025.0,5.0,0.0,,MSI,Municipal,Primario
200385,2025.0,9.0,,2.0,MSI,Municipal,Primario
200454,2024.0,10.0,,0.0,MSI,Municipal,Primario
200454,2024.0,11.0,,0.0,MSI,Municipal,Primario
200454,2025.0,1.0,,4.0,MSI,Municipal,Primario
200454,2025.0,2.0,,0.0,MSI,Municipal,Primario
200454,2025.0,3.0,,8.0,MSI,Municipal,Primario
200454,2025.0,5.0,,0.0,MSI,Municipal,Primario
200454,2025.0,6.0,,0.0,MSI,Municipal,Primario
200454,2025.0,7.0,,2.0,MSI,Municipal,Primario
200454,2025.0,8.0,6.0,,MSI,Municipal,Primario
200454,2025.0,9.0,4.0,0.0,MSI,Municipal,Primario
200475,2024.0,12.0,,0.0,MSI,Municipal,Primario
200475,2025.0,7.0,,0.0,MSI,Municipal,Primario
200554,2025.0,5.0,,0.0,MSI,Municipal,Primario
200554,2025.0,7.0,,2.0,MSI,Municipal,Primario
200554,2025.0,9.0,,0.0,MSI,Municipal,Primario
200554,2025.0,10.0,0.0,,MSI,Municipal,Primario
200609,2024.0,10.0,,1.0,MSI,Municipal,Primario
200609,2025.0,9.0,2.0,0.0,MSI,Municipal,Primario
200643,2024.0,12.0,,2.0,MSI,Municipal,Primario
200643,2025.0,2.0,,0.0,MSI,Municipal,Primario
200643,2025.0,3.0,,2.0,MSI,Municipal,Primario
200643,2025.0,4.0,0.0,0.0,MSI,Municipal,Primario
200643,2025.0,7.0,,0.0,MSI,Municipal,Primario
200643,2025.0,8.0,,4.0,MSI,Municipal,Primario
200961,2024.0,10.0,,0.0,MSI,Municipal,Primario
200961,2025.0,1.0,,0.0,MSI,Municipal,Primario
200961,2025.0,2.0,,2.0,MSI,Municipal,Primario
200961,2025.0,4.0,2.0,0.0,MSI,Municipal,Primario
200961,2025.0,5.0,,0.0,MSI,Municipal,Primario
200961,2025.0,7.0,0.0,2.0,MSI,Municipal,Primario
200961,2025.0,8.0,,2.0,MSI,Municipal,Primario
200961,2025.0,9.0,0.0,0.0,MSI,Municipal,Primario
200962,2024.0,10.0,,1.0,MSI,Municipal,Primario
200962,2025.0,5.0,0.0,,MSI,Municipal,Primario
200962,2025.0,9.0,,0.0,MSI,Municipal,Primario
200965,2024.0,10.0,,0.0,MSI,Municipal,Primario
200965,2024.0,11.0,,1.0,MSI,Municipal,Primario
200965,2024.0,12.0,,1.0,MSI,Municipal,Primario
200965,2025.0,1.0,,4.0,MSI,Municipal,Primario
200965,2025.0,2.0,2.0,6.0,MSI,Municipal,Primario
200965,2025.0,3.0,,12.0,MSI,Municipal,Primario
200965,2025.0,4.0,2.0,4.0,MSI,Municipal,Primario
200965,2025.0,5.0,12.0,16.0,MSI,Municipal,Primario
200965,2025.0,6.0,8.0,4.0,MSI,Municipal,Primario
200965,2025.0,7.0,4.0,2.0,MSI,Municipal,Primario
200965,2025.0,8.0,10.0,6.0,MSI,Municipal,Primario
200965,2025.0,9.0,2.0,2.0,MSI,Municipal,Primario
201091,2024.0,10.0,,5.0,MSI,Municipal,Primario
201091,2024.0,11.0,,0.0,MSI,Municipal,Primario
201091,2024.0,12.0,,2.0,MSI,Municipal,Primario
201091,2025.0,1.0,2.0,4.0,MSI,Municipal,Primario
201091,2025.0,2.0,2.0,4.0,MSI,Municipal,Primario
201091,2025.0,3.0,6.0,2.0,MSI,Municipal,Primario
201091,2025.0,5.0,2.0,0.0,MSI,Municipal,Primario
201091,2025.0,6.0,2.0,,MSI,Municipal,Primario
201091,2025.0,7.0,2.0,20.0,MSI,Municipal,Primario
201091,2025.0,8.0,,2.0,MSI,Municipal,Primario
201091,2025.0,9.0,0.0,4.0,MSI,Municipal,Primario
201091,2025.0,10.0,2.0,,MSI,Municipal,Primario
201112,2024.0,10.0,,1.0,MSI,Municipal,Primario
201112,2024.0,11.0,,1.0,MSI,Municipal,Primario
201112,2024.0,12.0,,0.0,MSI,Municipal,Primario
201112,2025.0,1.0,,2.0,MSI,Municipal,Primario
201112,2025.0,2.0,4.0,4.0,MSI,Municipal,Primario
201112,2025.0,3.0,0.0,2.0,MSI,Municipal,Primario
201112,2025.0,4.0,2.0,2.0,MSI,Municipal,Primario
201112,2025.0,5.0,0.0,2.0,MSI,Municipal,Primario
201112,2025.0,6.0,,4.0,MSI,Municipal,Primario
201112,2025.0,7.0,4.0,2.0,MSI,Municipal,Primario
201112,2025.0,8.0,8.0,2.0,MSI,Municipal,Primario
201112,2025.0,9.0,2.0,0.0,MSI,Municipal,Primario
201129,2024.0,12.0,,2.0,MSI,Municipal,Primario
201129,2025.0,2.0,,2.0,MSI,Municipal,Primario
201129,2025.0,9.0,,0.0,MSI,Municipal,Primario
201212,2024.0,11.0,,0.0,MSI,Municipal,Primario
201212,2025.0,1.0,,0.0,MSI,Municipal,Primario
201212,2025.0,4.0,,2.0,MSI,Municipal,Primario
201212,2025.0,5.0,2.0,0.0,MSI,Municipal,Primario
201212,2025.0,7.0,0.0,,MSI,Municipal,Primario
201212,2025.0,8.0,2.0,0.0,MSI,Municipal,Primario
201212,2025.0,9.0,,0.0,MSI,Municipal,Primario
201212,2025.0,10.0,0.0,,MSI,Municipal,Primario
201353,2024.0,10.0,,0.0,MSI,Municipal,Primario
201462,2024.0,10.0,,2.0,MSI,Municipal,Primario
201462,2024.0,11.0,,0.0,MSI,Municipal,Primario
201462,2024.0,12.0,,3.0,MSI,Municipal,Primario
201462,2025.0,1.0,4.0,,MSI,Municipal,Primario
201462,2025.0,2.0,,2.0,MSI,Municipal,Primario
201462,2025.0,3.0,6.0,2.0,MSI,Municipal,Primario
201462,2025.0,4.0,0.0,4.0,MSI,Municipal,Primario
201462,2025.0,5.0,,6.0,MSI,Municipal,Primario
201462,2025.0,6.0,2.0,0.0,MSI,Municipal,Primario
201462,2025.0,7.0,4.0,2.0,MSI,Municipal,Primario
201462,2025.0,8.0,2.0,2.0,MSI,Municipal,Primario
201462,2025.0,9.0,0.0,2.0,MSI,Municipal,Primario
201462,2025.0,10.0,0.0,,MSI,Municipal,Primario
201674,2025.0,1.0,,8.0,MSI,Municipal,Primario
201674,2025.0,2.0,,2.0,MSI,Municipal,Primario
201674,2025.0,3.0,,8.0,MSI,Municipal,Primario
201674,2025.0,4.0,,0.0,MSI,Municipal,Primario
201674,2025.0,5.0,2.0,6.0,MSI,Municipal,Primario
201674,2025.0,6.0,4.0,4.0,MSI,Municipal,Primario
201674,2025.0,7.0,4.0,8.0,MSI,Municipal,Primario
201674,2025.0,8.0,4.0,0.0,MSI,Municipal,Primario
201674,2025.0,9.0,,0.0,MSI,Municipal,Primario
109104,2025.0,6.0,2140.0,,MSII,Servicio de Salud,Primario
109300,2025.0,6.0,24756.0,24079.0,MSII,Municipal,Primario
109301,2025.0,6.0,12892.0,14262.0,MSII,Municipal,Primario
109302,2025.0,6.0,9252.0,9525.0,MSII,Municipal,Primario
109303,2025.0,6.0,9386.0,9904.0,MSII,Municipal,Primario
109304,2025.0,6.0,3154.0,3244.0,MSII,Municipal,Primario
109305,2025.0,6.0,9856.0,7664.0,MSII,Municipal,Primario
109307,2025.0,6.0,7834.0,7288.0,MSII,Municipal,Primario
109308,2025.0,6.0,9576.0,8755.0,MSII,Municipal,Primario
109309,2025.0,6.0,6942.0,7330.0,MSII,Municipal,Primario
109310,2025.0,6.0,15070.0,17109.0,MSII,Municipal,Primario
109311,2025.0,6.0,14098.0,13150.0,MSII,Municipal,Primario
109312,2025.0,6.0,5446.0,4607.0,MSII,Municipal,Primario
109313,2025.0,6.0,12780.0,12822.0,MSII,Municipal,Primario
109314,2025.0,6.0,10056.0,7850.0,MSII,Municipal,Primario
109315,2025.0,6.0,12528.0,13054.0,MSII,Municipal,Primario
109316,2025.0,6.0,14488.0,15812.0,MSII,Municipal,Primario
109317,2025.0,6.0,5516.0,3839.0,MSII,Municipal,Primario
109320,2025.0,6.0,1888.0,3608.0,MSII,Municipal,Primario
109321,2025.0,6.0,9668.0,8781.0,MSII,Municipal,Primario
109323,2025.0,6.0,6674.0,5386.0,MSII,Municipal,Primario
109324,2025.0,6.0,15670.0,17559.0,MSII,Municipal,Primario
109390,2025.0,6.0,7648.0,7466.0,MSII,Otra Institución,Primario
109407,,,,2881.0,MSII,,
109410,2025.0,6.0,146.0,125.0,MSII,Municipal,Primario
109412,2025.0,6.0,148.0,156.0,MSII,Municipal,Primario
109413,2025.0,6.0,220.0,160.0,MSII,Municipal,Primario
109414,2025.0,6.0,756.0,650.0,MSII,Municipal,Primario
109416,2025.0,6.0,386.0,10.0,MSII,Municipal,Primario
109417,2025.0,6.0,342.0,28.0,MSII,Municipal,Primario
109418,2025.0,6.0,494.0,37.0,MSII,Municipal,Primario
109419,2025.0,6.0,388.0,22.0,MSII,Municipal,Primario
109420,2025.0,6.0,334.0,13.0,MSII,Municipal,Primario
109709,2025.0,6.0,2880.0,1619.0,MSII,Municipal,Primario
109711,2025.0,6.0,2126.0,1760.0,MSII,Municipal,Primario
109712,2025.0,6.0,2554.0,1965.0,MSII,Municipal,Primario
109713,2025.0,6.0,1604.0,1026.0,MSII,Municipal,Primario
109715,2025.0,6.0,964.0,1144.0,MSII,Municipal,Primario
109716,2025.0,6.0,1312.0,348.0,MSII,Municipal,Primario
109718,2025.0,6.0,3592.0,2704.0,MSII,Municipal,Primario
110160,2025.0,6.0,9060.0,6011.0,MSII,Servicio de Salud,Primario
110300,,,,2.0,MSII,Servicio de Salud,Secundario
110308,2025.0,6.0,13046.0,11787.0,MSII,Municipal,Primario
110310,2025.0,6.0,10000.0,8746.0,MSII,Servicio de Salud,Primario
110315,2025.0,6.0,10124.0,11624.0,MSII,Municipal,Primario
110316,2025.0,6.0,7600.0,8979.0,MSII,Municipal,Primario
110320,2025.0,6.0,10440.0,12203.0,MSII,Municipal,Primario
110325,2025.0,6.0,9672.0,9946.0,MSII,Municipal,Primario
110330,2025.0,6.0,12402.0,11461.0,MSII,Municipal,Primario
110331,2025.0,6.0,7326.0,6885.0,MSII,Municipal,Primario
110335,2025.0,6.0,9772.0,9131.0,MSII,Municipal,Primario
110340,2025.0,6.0,10646.0,11343.0,MSII,Municipal,Primario
110345,2025.0,6.0,8650.0,8707.0,MSII,Municipal,Primario
110350,2025.0,6.0,15042.0,16835.0,MSII,Municipal,Primario
110351,2025.0,6.0,11428.0,11792.0,MSII,Municipal,Primario
110352,2025.0,6.0,12960.0,11523.0,MSII,Municipal,Primario
110353,2025.0,6.0,8778.0,7791.0,MSII,Municipal,Primario
110354,2025.0,6.0,14756.0,16043.0,MSII,Municipal,Primario
110355,2025.0,6.0,11066.0,10177.0,MSII,Municipal,Primario
110360,2025.0,6.0,15528.0,17348.0,MSII,Municipal,Primario
110361,2025.0,6.0,11696.0,10906.0,MSII,Municipal,Primario
110362,2025.0,6.0,8976.0,8168.0,MSII,Municipal,Primario
110364,2025.0,6.0,6384.0,5179.0,MSII,Municipal,Primario
110366,2025.0,6.0,22940.0,17519.0,MSII,Municipal,Primario
110369,2025.0,6.0,13326.0,12177.0,MSII,Municipal,Primario
110370,2025.0,6.0,10336.0,9113.0,MSII,Municipal,Primario
110375,2025.0,6.0,4272.0,6476.0,MSII,Municipal,Primario
110378,2025.0,6.0,9146.0,10243.0,MSII,Municipal,Primario
110379,2025.0,6.0,9094.0,9776.0,MSII,Municipal,Primario
110380,2025.0,6.0,2534.0,2744.0,MSII,Municipal,Primario
110381,2025.0,6.0,2314.0,1956.0,MSII,Municipal,Primario
110385,2025.0,6.0,2916.0,2267.0,MSII,Municipal,Primario
110387,2025.0,6.0,2398.0,2896.0,MSII,Municipal,Primario
110390,2025.0,6.0,18676.0,17360.0,MSII,Municipal,Primario
110393,2025.0,6.0,1744.0,2074.0,MSII,Municipal,Primario
110400,2025.0,6.0,886.0,172.0,MSII,Municipal,Primario
110410,2025.0,6.0,1016.0,153.0,MSII,Municipal,Primario
110425,2025.0,6.0,4956.0,2120.0,MSII,Municipal,Primario
110430,2025.0,6.0,936.0,223.0,MSII,Municipal,Primario
110431,2025.0,6.0,594.0,246.0,MSII,Municipal,Primario
110432,2025.0,6.0,456.0,229.0,MSII,Municipal,Primario
110440,2025.0,6.0,1820.0,2118.0,MSII,Municipal,Primario
110445,2025.0,6.0,1518.0,1367.0,MSII,Municipal,Primario
110455,,,,515.0,MSII,Municipal,Primario
110465,2025.0,6.0,920.0,943.0,MSII,Municipal,Primario
110470,2025.0,6.0,404.0,427.0,MSII,Municipal,Primario
110475,2025.0,6.0,1104.0,965.0,MSII,Municipal,Primario
110477,,,,317.0,MSII,Servicio de Salud,Primario
110485,2025.0,6.0,410.0,362.0,MSII,Municipal,Primario
110490,2025.0,6.0,122.0,136.0,MSII,Municipal,Primario
110492,2025.0,6.0,196.0,153.0,MSII,Municipal,Primario
110495,2025.0,6.0,296.0,434.0,MSII,Municipal,Primario
110503,2025.0,6.0,678.0,358.0,MSII,Municipal,Primario
110505,2025.0,6.0,76.0,5.0,MSII,Municipal,Primario
110510,2025.0,6.0,176.0,24.0,MSII,Municipal,Primario
110515,,,,6.0,MSII,,
110720,2025.0,6.0,1028.0,6.0,MSII,Municipal,Primario
110725,,,,8.0,MSII,Municipal,Primario
110735,2025.0,6.0,1418.0,28.0,MSII,Municipal,Primario
110750,2025.0,6.0,576.0,53.0,MSII,Municipal,Primario
110752,2025.0,6.0,1812.0,205.0,MSII,Municipal,Primario
110754,2025.0,6.0,1016.0,125.0,MSII,Municipal,Primario
110756,2025.0,6.0,568.0,150.0,MSII,Municipal,Primario
110758,2025.0,6.0,590.0,126.0,MSII,Municipal,Primario
110760,,,,650.0,MSII,Servicio de Salud,Primario
110775,,,,474.0,MSII,Municipal,Primario
110778,2025.0,6.0,1682.0,1406.0,MSII,Municipal,Primario
110781,2025.0,6.0,972.0,769.0,MSII,Municipal,Primario
110783,2025.0,6.0,516.0,414.0,MSII,Municipal,Primario
111300,2025.0,6.0,13764.0,21554.0,MSII,Servicio de Salud,Primario
111301,2025.0,6.0,7196.0,9097.0,MSII,Servicio de Salud,Primario
111302,2025.0,6.0,8254.0,6985.0,MSII,Servicio de Salud,Primario
111303,2025.0,6.0,7868.0,5028.0,MSII,Municipal,Primario
111304,2025.0,6.0,12144.0,14476.0,MSII,Servicio de Salud,Primario
111305,2025.0,6.0,9910.0,9092.0,MSII,Servicio de Salud,Primario
111306,2025.0,6.0,10908.0,8647.0,MSII,Servicio de Salud,Primario
111307,2025.0,6.0,8064.0,6856.0,MSII,Servicio de Salud,Primario
111308,2025.0,6.0,10642.0,9561.0,MSII,Servicio de Salud,Primario
111309,2025.0,6.0,8114.0,8332.0,MSII,Servicio de Salud,Primario
111310,2025.0,6.0,12038.0,18592.0,MSII,Servicio de Salud,Primario
111351,,,,126.0,MSII,Servicio de Salud,Secundario
111370,2025.0,6.0,12310.0,16894.0,MSII,Municipal,Primario
111372,2025.0,6.0,6212.0,6889.0,MSII,Municipal,Primario
111376,2025.0,6.0,11620.0,12327.0,MSII,Municipal,Primario
111378,2025.0,6.0,10502.0,10399.0,MSII,Municipal,Primario
111379,2025.0,6.0,12802.0,12249.0,MSII,Municipal,Primario
111380,2025.0,6.0,12084.0,13893.0,MSII,Municipal,Primario
111381,2025.0,6.0,22640.0,29130.0,MSII,Municipal,Primario
111382,2025.0,6.0,12078.0,14294.0,MSII,Municipal,Primario
111383,2025.0,6.0,8632.0,9664.0,MSII,Municipal,Primario
111400,,,,9.0,MSII,Servicio de Salud,Primario
111704,2025.0,6.0,108.0,73.0,MSII,Servicio de Salud,Primario
111780,,,,66.0,MSII,Servicio de Salud,Primario
111781,,,,25.0,MSII,Servicio de Salud,Primario
111782,,,,258.0,MSII,,
111783,,,,698.0,MSII,Municipal,Primario
111784,,,,421.0,MSII,Municipal,Primario
112300,,,,4.0,MSII,Servicio de Salud,Secundario
112301,2025.0,6.0,12036.0,10456.0,MSII,Municipal,Primario
112302,2025.0,6.0,9036.0,6777.0,MSII,Municipal,Primario
112303,2025.0,6.0,10256.0,7950.0,MSII,Municipal,Primario
112304,2025.0,6.0,11746.0,11038.0,MSII,Municipal,Primario
112306,2025.0,6.0,17444.0,17140.0,MSII,Municipal,Primario
112307,2025.0,6.0,20074.0,16481.0,MSII,Municipal,Primario
112309,2025.0,6.0,9304.0,8556.0,MSII,Municipal,Primario
112310,2025.0,6.0,14508.0,14236.0,MSII,Municipal,Primario
112311,2025.0,6.0,18192.0,15535.0,MSII,Municipal,Primario
112312,2025.0,6.0,15076.0,14081.0,MSII,Municipal,Primario
112313,2025.0,6.0,14448.0,14099.0,MSII,Municipal,Primario
112314,2025.0,6.0,17040.0,11120.0,MSII,Municipal,Primario
112315,2025.0,6.0,12046.0,6910.0,MSII,Municipal,Primario
112316,2025.0,6.0,19240.0,13544.0,MSII,Municipal,Primario
112317,2025.0,6.0,8764.0,3967.0,MSII,Municipal,Primario
112318,2025.0,6.0,11738.0,8448.0,MSII,Municipal,Primario
112319,2025.0,6.0,11962.0,11771.0,MSII,Municipal,Primario
112320,2025.0,6.0,6618.0,5577.0,MSII,Municipal,Primario
112321,2025.0,6.0,10558.0,6965.0,MSII,Municipal,Primario
112322,2025.0,6.0,9686.0,7025.0,MSII,Municipal,Primario
112323,,,,10.0,MSII,Municipal,No Aplica
112407,,,,4.0,MSII,Municipal,Primario
112707,,,,636.0,MSII,Municipal,Primario
112716,,,,94.0,MSII,Municipal,Primario
112717,,,,3976.0,MSII,Municipal,Primario
112799,,,,3.0,MSII,Municipal,Primario
113181,,,,6.0,MSII,Servicio de Salud,Secundario
113300,2025.0,6.0,16290.0,17677.0,MSII,Municipal,Primario
113301,2025.0,6.0,10932.0,6323.0,MSII,Municipal,Primario
113302,2025.0,6.0,14202.0,13171.0,MSII,Municipal,Primario
113303,2025.0,6.0,11216.0,9890.0,MSII,Municipal,Primario
113304,,,,210.0,MSII,Municipal,Primario
113305,2025.0,6.0,6704.0,4971.0,MSII,Municipal,Primario
113306,2025.0,6.0,9362.0,7891.0,MSII,Municipal,Primario
113307,2025.0,6.0,7802.0,7928.0,MSII,Municipal,Primario
113308,2025.0,6.0,6632.0,7552.0,MSII,Municipal,Primario
113309,2025.0,6.0,8206.0,7908.0,MSII,Municipal,Primario
113310,2025.0,6.0,8180.0,7444.0,MSII,Municipal,Primario
113311,2025.0,6.0,12162.0,12433.0,MSII,Municipal,Primario
113312,2025.0,6.0,11702.0,10229.0,MSII,Municipal,Primario
113313,2025.0,6.0,15600.0,11523.0,MSII,Municipal,Primario
113314,2025.0,6.0,9224.0,8659.0,MSII,Municipal,Primario
113315,2025.0,6.0,9392.0,7634.0,MSII,Municipal,Primario
113316,2025.0,6.0,13624.0,10316.0,MSII,Municipal,Primario
113317,2025.0,6.0,9580.0,7954.0,MSII,Municipal,Primario
113318,2025.0,6.0,13946.0,12035.0,MSII,Municipal,Primario
113319,2025.0,6.0,5712.0,4133.0,MSII,Municipal,Primario
113320,2025.0,6.0,6992.0,4930.0,MSII,Municipal,Primario
113321,2025.0,6.0,2588.0,2515.0,MSII,Municipal,Primario
113322,2025.0,6.0,12208.0,8415.0,MSII,Municipal,Primario
113323,2025.0,6.0,8128.0,6818.0,MSII,Municipal,Primario
113324,2025.0,6.0,8634.0,8530.0,MSII,Municipal,Primario
113326,2025.0,6.0,9772.0,10109.0,MSII,Municipal,Primario
113328,2025.0,6.0,14134.0,13267.0,MSII,Municipal,Primario
113329,2025.0,6.0,6826.0,7128.0,MSII,Municipal,Primario
113330,2025.0,6.0,13222.0,10872.0,MSII,Municipal,Primario
113331,2025.0,6.0,9544.0,8525.0,MSII,Municipal,Primario
113332,2025.0,6.0,8918.0,8910.0,MSII,Municipal,Primario
113333,2025.0,6.0,4990.0,3151.0,MSII,Municipal,Primario
113334,2025.0,6.0,3648.0,3184.0,MSII,Municipal,Primario
113390,2025.0,6.0,19220.0,12947.0,MSII,Municipal,Primario
113394,2025.0,6.0,8446.0,6601.0,MSII,Municipal,Primario
113396,2025.0,6.0,6180.0,5871.0,MSII,Municipal,Primario
113402,2025.0,6.0,3772.0,2074.0,MSII,Municipal,Primario
113404,2025.0,6.0,1376.0,1008.0,MSII,Municipal,Primario
113405,2025.0,6.0,1924.0,1539.0,MSII,Municipal,Primario
113406,2025.0,6.0,784.0,422.0,MSII,Municipal,Primario
113407,2025.0,6.0,1564.0,929.0,MSII,Municipal,Primario
113408,2025.0,6.0,1192.0,785.0,MSII,Municipal,Primario
113409,2025.0,6.0,2606.0,2207.0,MSII,Municipal,Primario
113410,2025.0,6.0,550.0,361.0,MSII,Municipal,Primario
113411,2025.0,6.0,1158.0,804.0,MSII,Municipal,Primario
113412,2025.0,6.0,748.0,563.0,MSII,Municipal,Primario
113413,,,,38.0,MSII,Municipal,Primario
113701,,,,2262.0,MSII,Municipal,Primario
113702,,,,878.0,MSII,Municipal,Primario
113703,,,,1416.0,MSII,Municipal,Primario
113713,,,,1179.0,MSII,Municipal,Primario
113716,,,,1762.0,MSII,Municipal,Primario
113717,2025.0,6.0,448.0,1208.0,MSII,Municipal,Primario
113722,,,,1728.0,MSII,Municipal,Primario
113728,,,,1696.0,MSII,Municipal,Primario
113753,,,,839.0,MSII,Municipal,Primario
113790,,,,1976.0,MSII,Municipal,Primario
114010,,,,1.0,MSII,Servicio de Salud,No Aplica
114102,2025.0,6.0,3656.0,1920.0,MSII,Servicio de Salud,Terciario
114150,,,,5.0,MSII,,
114301,2025.0,6.0,24836.0,26453.0,MSII,Municipal,Primario
114302,2025.0,6.0,9170.0,8597.0,MSII,Municipal,Primario
114303,2025.0,6.0,13320.0,15849.0,MSII,Municipal,Primario
114304,2025.0,6.0,8956.0,9696.0,MSII,Municipal,Primario
114305,2025.0,6.0,14238.0,12739.0,MSII,Municipal,Primario
114306,2025.0,6.0,12726.0,14641.0,MSII,Municipal,Primario
114307,2025.0,6.0,6736.0,6784.0,MSII,Municipal,Primario
114308,2025.0,6.0,8398.0,7417.0,MSII,Municipal,Primario
114309,2025.0,6.0,8550.0,7663.0,MSII,Municipal,Primario
114310,2025.0,6.0,4154.0,3364.0,MSII,Municipal,Primario
114311,2025.0,6.0,7242.0,6330.0,MSII,Municipal,Primario
114312,2025.0,6.0,13944.0,14007.0,MSII,Municipal,Primario
114313,2025.0,6.0,6866.0,6297.0,MSII,Municipal,Primario
114314,2025.0,6.0,8416.0,7492.0,MSII,Municipal,Primario
114315,2025.0,6.0,5552.0,5458.0,MSII,Municipal,Primario
114316,2025.0,6.0,11888.0,12554.0,MSII,Municipal,Primario
114317,2025.0,6.0,8164.0,6884.0,MSII,Municipal,Primario
114318,2025.0,6.0,4088.0,3113.0,MSII,Municipal,Primario
114319,2025.0,6.0,9952.0,9268.0,MSII,Municipal,Primario
114320,2025.0,6.0,12482.0,13764.0,MSII,Municipal,Primario
114321,2025.0,6.0,9264.0,10710.0,MSII,Municipal,Primario
114322,2025.0,6.0,20262.0,24567.0,MSII,Municipal,Primario
114323,2025.0,6.0,6462.0,6496.0,MSII,Delegados ,Primario
114324,2025.0,6.0,12318.0,14116.0,MSII,Municipal,Primario
114325,2025.0,6.0,13312.0,12324.0,MSII,Municipal,Primario
114326,2025.0,6.0,8898.0,9496.0,MSII,Municipal,Primario
114327,2025.0,6.0,5694.0,4421.0,MSII,Delegados ,Primario
114328,2025.0,6.0,8700.0,7821.0,MSII,Municipal,Primario
114329,2025.0,6.0,7586.0,7292.0,MSII,Delegados ,Primario
114330,2025.0,6.0,8332.0,8129.0,MSII,Municipal,Primario
114331,2025.0,6.0,12846.0,14202.0,MSII,Municipal,Primario
114332,2025.0,6.0,9958.0,11344.0,MSII,Municipal,Primario
114333,2025.0,6.0,3488.0,3177.0,MSII,Municipal,Primario
114334,2025.0,6.0,8408.0,9547.0,MSII,Municipal,Primario
114401,2025.0,6.0,660.0,460.0,MSII,Municipal,Primario
114403,2025.0,6.0,112.0,65.0,MSII,Municipal,Primario
114406,2025.0,6.0,170.0,155.0,MSII,Municipal,Primario
114407,2025.0,6.0,1360.0,757.0,MSII,Municipal,Primario
114408,,,,6.0,MSII,Municipal,Primario
114409,,,,7.0,MSII,Municipal,Primario
114410,2025.0,6.0,64.0,86.0,MSII,Municipal,Primario
114706,,,,37.0,MSII,Municipal,Primario
114714,,,,1418.0,MSII,Municipal,Primario
114796,,,,50.0,MSII,Municipal,Primario
200037,,,,50.0,MSII,Municipal,Primario
200080,,,,24.0,MSII,Municipal,No Aplica
200188,,,,16.0,MSII,Municipal,No Aplica
200210,,,,1929.0,MSII,Municipal,Primario
200236,,,,16.0,MSII,Municipal,Primario
200265,,,,29.0,MSII,Municipal,Primario
200282,,,,3.0,MSII,Servicio de Salud,Secundario
200304,2025.0,6.0,1172.0,691.0,MSII,Municipal,Primario
200337,,,,1769.0,MSII,Municipal,Primario
200342,,,,12.0,MSII,Municipal,Primario
200346,2025.0,6.0,1030.0,358.0,MSII,Servicio de Salud,Primario
200347,2025.0,6.0,2084.0,694.0,MSII,Municipal,Primario
200360,,,,995.0,MSII,Municipal,Primario
200361,2025.0,6.0,2274.0,2991.0,MSII,Municipal,Primario
200365,2025.0,6.0,818.0,175.0,MSII,Municipal,Primario
200377,,,,1370.0,MSII,Municipal,Primario
200385,,,,275.0,MSII,Municipal,Primario
200454,,,,576.0,MSII,Municipal,Primario
200554,2025.0,6.0,2020.0,301.0,MSII,Municipal,Primario
200609,2025.0,6.0,2194.0,273.0,MSII,Municipal,Primario
200643,,,,127.0,MSII,Municipal,Primario
200961,2025.0,6.0,3604.0,2763.0,MSII,Municipal,Primario
200962,,,,1350.0,MSII,Municipal,Primario
200965,2025.0,6.0,5302.0,4707.0,MSII,Municipal,Primario
201091,2025.0,6.0,12090.0,7692.0,MSII,Municipal,Primario
201112,2025.0,6.0,15270.0,9564.0,MSII,Municipal,Primario
201129,,,,183.0,MSII,Municipal,Primario
201212,2025.0,6.0,3436.0,,MSII,Municipal,Primario
201353,2025.0,6.0,180.0,,MSII,Municipal,Primario
201462,2025.0,6.0,3856.0,1180.0,MSII,Municipal,Primario
201674,2025.0,6.0,1198.0,,MSII,Municipal,Primario
311001,,,,2529.0,MSII,,
109104,2025.0,1.0,112.0,,MSIIIa,Servicio de Salud,Primario
109104,2025.0,2.0,88.0,,MSIIIa,Servicio de Salud,Primario
109104,2025.0,3.0,68.0,,MSIIIa,Servicio de Salud,Primario
109104,2025.0,4.0,80.0,,MSIIIa,Servicio de Salud,Primario
109104,2025.0,5.0,36.0,,MSIIIa,Servicio de Salud,Primario
109104,2025.0,6.0,68.0,,MSIIIa,Servicio de Salud,Primario
109104,2025.0,7.0,74.0,,MSIIIa,Servicio de Salud,Primario
109104,2025.0,8.0,80.0,,MSIIIa,Servicio de Salud,Primario
109104,2025.0,9.0,54.0,,MSIIIa,Servicio de Salud,Primario
109104,2025.0,10.0,48.0,,MSIIIa,Servicio de Salud,Primario
109300,2025.0,1.0,952.0,9819.0,MSIIIa,Municipal,Primario
109300,2025.0,2.0,542.0,9819.0,MSIIIa,Municipal,Primario
109300,2025.0,3.0,738.0,9819.0,MSIIIa,Municipal,Primario
109300,2025.0,4.0,1326.0,9819.0,MSIIIa,Municipal,Primario
109300,2025.0,5.0,718.0,9819.0,MSIIIa,Municipal,Primario
109300,2025.0,6.0,836.0,9819.0,MSIIIa,Municipal,Primario
109300,2025.0,7.0,1256.0,9819.0,MSIIIa,Municipal,Primario
109300,2025.0,8.0,1026.0,9819.0,MSIIIa,Municipal,Primario
109300,2025.0,9.0,1044.0,9819.0,MSIIIa,Municipal,Primario
109300,2025.0,10.0,296.0,9819.0,MSIIIa,Municipal,Primario
109301,2025.0,1.0,254.0,5384.0,MSIIIa,Municipal,Primario
109301,2025.0,2.0,400.0,5384.0,MSIIIa,Municipal,Primario
109301,2025.0,3.0,348.0,5384.0,MSIIIa,Municipal,Primario
109301,2025.0,4.0,506.0,5384.0,MSIIIa,Municipal,Primario
109301,2025.0,5.0,544.0,5384.0,MSIIIa,Municipal,Primario
109301,2025.0,6.0,474.0,5384.0,MSIIIa,Municipal,Primario
109301,2025.0,7.0,624.0,5384.0,MSIIIa,Municipal,Primario
109301,2025.0,8.0,336.0,5384.0,MSIIIa,Municipal,Primario
109301,2025.0,9.0,168.0,5384.0,MSIIIa,Municipal,Primario
109301,2025.0,10.0,157.0,5384.0,MSIIIa,Municipal,Primario
109302,2025.0,1.0,360.0,3203.0,MSIIIa,Municipal,Primario
109302,2025.0,2.0,262.0,3203.0,MSIIIa,Municipal,Primario
109302,2025.0,3.0,212.0,3203.0,MSIIIa,Municipal,Primario
109302,2025.0,4.0,312.0,3203.0,MSIIIa,Municipal,Primario
109302,2025.0,5.0,250.0,3203.0,MSIIIa,Municipal,Primario
109302,2025.0,6.0,188.0,3203.0,MSIIIa,Municipal,Primario
109302,2025.0,7.0,234.0,3203.0,MSIIIa,Municipal,Primario
109302,2025.0,8.0,270.0,3203.0,MSIIIa,Municipal,Primario
109302,2025.0,9.0,224.0,3203.0,MSIIIa,Municipal,Primario
109302,2025.0,10.0,92.0,3203.0,MSIIIa,Municipal,Primario
109303,2025.0,1.0,210.0,3853.0,MSIIIa,Municipal,Primario
109303,2025.0,2.0,560.0,3853.0,MSIIIa,Municipal,Primario
109303,2025.0,3.0,210.0,3853.0,MSIIIa,Municipal,Primario
109303,2025.0,4.0,188.0,3853.0,MSIIIa,Municipal,Primario
109303,2025.0,5.0,178.0,3853.0,MSIIIa,Municipal,Primario
109303,2025.0,6.0,228.0,3853.0,MSIIIa,Municipal,Primario
109303,2025.0,7.0,296.0,3853.0,MSIIIa,Municipal,Primario
109303,2025.0,8.0,236.0,3853.0,MSIIIa,Municipal,Primario
109303,2025.0,9.0,212.0,3853.0,MSIIIa,Municipal,Primario
109303,2025.0,10.0,79.0,3853.0,MSIIIa,Municipal,Primario
109304,2025.0,1.0,78.0,925.0,MSIIIa,Municipal,Primario
109304,2025.0,2.0,100.0,925.0,MSIIIa,Municipal,Primario
109304,2025.0,3.0,104.0,925.0,MSIIIa,Municipal,Primario
109304,2025.0,4.0,226.0,925.0,MSIIIa,Municipal,Primario
109304,2025.0,5.0,102.0,925.0,MSIIIa,Municipal,Primario
109304,2025.0,6.0,74.0,925.0,MSIIIa,Municipal,Primario
109304,2025.0,7.0,138.0,925.0,MSIIIa,Municipal,Primario
109304,2025.0,8.0,110.0,925.0,MSIIIa,Municipal,Primario
109304,2025.0,9.0,74.0,925.0,MSIIIa,Municipal,Primario
109304,2025.0,10.0,20.0,925.0,MSIIIa,Municipal,Primario
109305,2025.0,1.0,298.0,2865.0,MSIIIa,Municipal,Primario
109305,2025.0,2.0,168.0,2865.0,MSIIIa,Municipal,Primario
109305,2025.0,3.0,228.0,2865.0,MSIIIa,Municipal,Primario
109305,2025.0,4.0,244.0,2865.0,MSIIIa,Municipal,Primario
109305,2025.0,5.0,168.0,2865.0,MSIIIa,Municipal,Primario
109305,2025.0,6.0,226.0,2865.0,MSIIIa,Municipal,Primario
109305,2025.0,7.0,250.0,2865.0,MSIIIa,Municipal,Primario
109305,2025.0,8.0,226.0,2865.0,MSIIIa,Municipal,Primario
109305,2025.0,9.0,198.0,2865.0,MSIIIa,Municipal,Primario
109305,2025.0,10.0,105.0,2865.0,MSIIIa,Municipal,Primario
109307,2025.0,1.0,350.0,2332.0,MSIIIa,Municipal,Primario
109307,2025.0,2.0,196.0,2332.0,MSIIIa,Municipal,Primario
109307,2025.0,3.0,268.0,2332.0,MSIIIa,Municipal,Primario
109307,2025.0,4.0,232.0,2332.0,MSIIIa,Municipal,Primario
109307,2025.0,5.0,222.0,2332.0,MSIIIa,Municipal,Primario
109307,2025.0,6.0,172.0,2332.0,MSIIIa,Municipal,Primario
109307,2025.0,7.0,172.0,2332.0,MSIIIa,Municipal,Primario
109307,2025.0,8.0,166.0,2332.0,MSIIIa,Municipal,Primario
109307,2025.0,9.0,134.0,2332.0,MSIIIa,Municipal,Primario
109307,2025.0,10.0,63.0,2332.0,MSIIIa,Municipal,Primario
109308,2025.0,1.0,316.0,2655.0,MSIIIa,Municipal,Primario
109308,2025.0,2.0,336.0,2655.0,MSIIIa,Municipal,Primario
109308,2025.0,3.0,334.0,2655.0,MSIIIa,Municipal,Primario
109308,2025.0,4.0,384.0,2655.0,MSIIIa,Municipal,Primario
109308,2025.0,5.0,274.0,2655.0,MSIIIa,Municipal,Primario
109308,2025.0,6.0,322.0,2655.0,MSIIIa,Municipal,Primario
109308,2025.0,7.0,250.0,2655.0,MSIIIa,Municipal,Primario
109308,2025.0,8.0,238.0,2655.0,MSIIIa,Municipal,Primario
109308,2025.0,9.0,140.0,2655.0,MSIIIa,Municipal,Primario
109308,2025.0,10.0,76.0,2655.0,MSIIIa,Municipal,Primario
109309,2025.0,1.0,180.0,2172.0,MSIIIa,Municipal,Primario
109309,2025.0,2.0,198.0,2172.0,MSIIIa,Municipal,Primario
109309,2025.0,3.0,168.0,2172.0,MSIIIa,Municipal,Primario
109309,2025.0,4.0,206.0,2172.0,MSIIIa,Municipal,Primario
109309,2025.0,5.0,200.0,2172.0,MSIIIa,Municipal,Primario
109309,2025.0,6.0,178.0,2172.0,MSIIIa,Municipal,Primario
109309,2025.0,7.0,170.0,2172.0,MSIIIa,Municipal,Primario
109309,2025.0,8.0,206.0,2172.0,MSIIIa,Municipal,Primario
109309,2025.0,9.0,174.0,2172.0,MSIIIa,Municipal,Primario
109309,2025.0,10.0,57.0,2172.0,MSIIIa,Municipal,Primario
109310,2025.0,1.0,412.0,8062.0,MSIIIa,Municipal,Primario
109310,2025.0,2.0,416.0,8062.0,MSIIIa,Municipal,Primario
109310,2025.0,3.0,536.0,8062.0,MSIIIa,Municipal,Primario
109310,2025.0,4.0,718.0,8062.0,MSIIIa,Municipal,Primario
109310,2025.0,5.0,528.0,8062.0,MSIIIa,Municipal,Primario
109310,2025.0,6.0,480.0,8062.0,MSIIIa,Municipal,Primario
109310,2025.0,7.0,728.0,8062.0,MSIIIa,Municipal,Primario
109310,2025.0,8.0,390.0,8062.0,MSIIIa,Municipal,Primario
109310,2025.0,9.0,428.0,8062.0,MSIIIa,Municipal,Primario
109310,2025.0,10.0,332.0,8062.0,MSIIIa,Municipal,Primario
109311,2025.0,1.0,888.0,7019.0,MSIIIa,Municipal,Primario
109311,2025.0,2.0,822.0,7019.0,MSIIIa,Municipal,Primario
109311,2025.0,3.0,636.0,7019.0,MSIIIa,Municipal,Primario
109311,2025.0,4.0,690.0,7019.0,MSIIIa,Municipal,Primario
109311,2025.0,5.0,870.0,7019.0,MSIIIa,Municipal,Primario
109311,2025.0,6.0,548.0,7019.0,MSIIIa,Municipal,Primario
109311,2025.0,7.0,532.0,7019.0,MSIIIa,Municipal,Primario
109311,2025.0,8.0,872.0,7019.0,MSIIIa,Municipal,Primario
109311,2025.0,9.0,660.0,7019.0,MSIIIa,Municipal,Primario
109311,2025.0,10.0,201.0,7019.0,MSIIIa,Municipal,Primario
109312,2025.0,1.0,210.0,2246.0,MSIIIa,Municipal,Primario
109312,2025.0,2.0,164.0,2246.0,MSIIIa,Municipal,Primario
109312,2025.0,3.0,264.0,2246.0,MSIIIa,Municipal,Primario
109312,2025.0,4.0,266.0,2246.0,MSIIIa,Municipal,Primario
109312,2025.0,5.0,262.0,2246.0,MSIIIa,Municipal,Primario
109312,2025.0,6.0,312.0,2246.0,MSIIIa,Municipal,Primario
109312,2025.0,7.0,372.0,2246.0,MSIIIa,Municipal,Primario
109312,2025.0,8.0,258.0,2246.0,MSIIIa,Municipal,Primario
109312,2025.0,9.0,204.0,2246.0,MSIIIa,Municipal,Primario
109312,2025.0,10.0,52.0,2246.0,MSIIIa,Municipal,Primario
109313,2025.0,1.0,370.0,5145.0,MSIIIa,Municipal,Primario
109313,2025.0,2.0,150.0,5145.0,MSIIIa,Municipal,Primario
109313,2025.0,3.0,408.0,5145.0,MSIIIa,Municipal,Primario
109313,2025.0,4.0,348.0,5145.0,MSIIIa,Municipal,Primario
109313,2025.0,5.0,334.0,5145.0,MSIIIa,Municipal,Primario
109313,2025.0,6.0,392.0,5145.0,MSIIIa,Municipal,Primario
109313,2025.0,7.0,614.0,5145.0,MSIIIa,Municipal,Primario
109313,2025.0,8.0,420.0,5145.0,MSIIIa,Municipal,Primario
109313,2025.0,9.0,360.0,5145.0,MSIIIa,Municipal,Primario
109313,2025.0,10.0,205.0,5145.0,MSIIIa,Municipal,Primario
109314,2025.0,1.0,240.0,2050.0,MSIIIa,Municipal,Primario
109314,2025.0,2.0,242.0,2050.0,MSIIIa,Municipal,Primario
109314,2025.0,3.0,204.0,2050.0,MSIIIa,Municipal,Primario
109314,2025.0,4.0,348.0,2050.0,MSIIIa,Municipal,Primario
109314,2025.0,5.0,268.0,2050.0,MSIIIa,Municipal,Primario
109314,2025.0,6.0,236.0,2050.0,MSIIIa,Municipal,Primario
109314,2025.0,7.0,222.0,2050.0,MSIIIa,Municipal,Primario
109314,2025.0,8.0,188.0,2050.0,MSIIIa,Municipal,Primario
109314,2025.0,9.0,132.0,2050.0,MSIIIa,Municipal,Primario
109314,2025.0,10.0,62.0,2050.0,MSIIIa,Municipal,Primario
109315,2025.0,1.0,296.0,3818.0,MSIIIa,Municipal,Primario
109315,2025.0,2.0,268.0,3818.0,MSIIIa,Municipal,Primario
109315,2025.0,3.0,236.0,3818.0,MSIIIa,Municipal,Primario
109315,2025.0,4.0,324.0,3818.0,MSIIIa,Municipal,Primario
109315,2025.0,5.0,242.0,3818.0,MSIIIa,Municipal,Primario
109315,2025.0,6.0,220.0,3818.0,MSIIIa,Municipal,Primario
109315,2025.0,7.0,274.0,3818.0,MSIIIa,Municipal,Primario
109315,2025.0,8.0,324.0,3818.0,MSIIIa,Municipal,Primario
109315,2025.0,9.0,198.0,3818.0,MSIIIa,Municipal,Primario
109315,2025.0,10.0,172.0,3818.0,MSIIIa,Municipal,Primario
109316,2025.0,1.0,494.0,6936.0,MSIIIa,Municipal,Primario
109316,2025.0,2.0,464.0,6936.0,MSIIIa,Municipal,Primario
109316,2025.0,3.0,686.0,6936.0,MSIIIa,Municipal,Primario
109316,2025.0,4.0,574.0,6936.0,MSIIIa,Municipal,Primario
109316,2025.0,5.0,480.0,6936.0,MSIIIa,Municipal,Primario
109316,2025.0,6.0,388.0,6936.0,MSIIIa,Municipal,Primario
109316,2025.0,7.0,454.0,6936.0,MSIIIa,Municipal,Primario
109316,2025.0,8.0,288.0,6936.0,MSIIIa,Municipal,Primario
109316,2025.0,9.0,228.0,6936.0,MSIIIa,Municipal,Primario
109316,2025.0,10.0,116.0,6936.0,MSIIIa,Municipal,Primario
109317,2025.0,1.0,178.0,1490.0,MSIIIa,Municipal,Primario
109317,2025.0,2.0,124.0,1490.0,MSIIIa,Municipal,Primario
109317,2025.0,3.0,136.0,1490.0,MSIIIa,Municipal,Primario
109317,2025.0,4.0,110.0,1490.0,MSIIIa,Municipal,Primario
109317,2025.0,5.0,126.0,1490.0,MSIIIa,Municipal,Primario
109317,2025.0,6.0,98.0,1490.0,MSIIIa,Municipal,Primario
109317,2025.0,7.0,120.0,1490.0,MSIIIa,Municipal,Primario
109317,2025.0,8.0,108.0,1490.0,MSIIIa,Municipal,Primario
109317,2025.0,9.0,96.0,1490.0,MSIIIa,Municipal,Primario
109317,2025.0,10.0,65.0,1490.0,MSIIIa,Municipal,Primario
109320,2025.0,1.0,64.0,1157.0,MSIIIa,Municipal,Primario
109320,2025.0,2.0,42.0,1157.0,MSIIIa,Municipal,Primario
109320,2025.0,3.0,44.0,1157.0,MSIIIa,Municipal,Primario
109320,2025.0,4.0,92.0,1157.0,MSIIIa,Municipal,Primario
109320,2025.0,5.0,68.0,1157.0,MSIIIa,Municipal,Primario
109320,2025.0,6.0,26.0,1157.0,MSIIIa,Municipal,Primario
109320,2025.0,7.0,78.0,1157.0,MSIIIa,Municipal,Primario
109320,2025.0,8.0,58.0,1157.0,MSIIIa,Municipal,Primario
109320,2025.0,9.0,80.0,1157.0,MSIIIa,Municipal,Primario
109320,2025.0,10.0,73.0,1157.0,MSIIIa,Municipal,Primario
109321,2025.0,1.0,178.0,3166.0,MSIIIa,Municipal,Primario
109321,2025.0,2.0,218.0,3166.0,MSIIIa,Municipal,Primario
109321,2025.0,3.0,212.0,3166.0,MSIIIa,Municipal,Primario
109321,2025.0,4.0,212.0,3166.0,MSIIIa,Municipal,Primario
109321,2025.0,5.0,200.0,3166.0,MSIIIa,Municipal,Primario
109321,2025.0,6.0,296.0,3166.0,MSIIIa,Municipal,Primario
109321,2025.0,7.0,278.0,3166.0,MSIIIa,Municipal,Primario
109321,2025.0,8.0,222.0,3166.0,MSIIIa,Municipal,Primario
109321,2025.0,9.0,210.0,3166.0,MSIIIa,Municipal,Primario
109321,2025.0,10.0,103.0,3166.0,MSIIIa,Municipal,Primario
109323,2025.0,1.0,230.0,2337.0,MSIIIa,Municipal,Primario
109323,2025.0,2.0,168.0,2337.0,MSIIIa,Municipal,Primario
109323,2025.0,3.0,232.0,2337.0,MSIIIa,Municipal,Primario
109323,2025.0,4.0,268.0,2337.0,MSIIIa,Municipal,Primario
109323,2025.0,5.0,174.0,2337.0,MSIIIa,Municipal,Primario
109323,2025.0,6.0,154.0,2337.0,MSIIIa,Municipal,Primario
109323,2025.0,7.0,168.0,2337.0,MSIIIa,Municipal,Primario
109323,2025.0,8.0,178.0,2337.0,MSIIIa,Municipal,Primario
109323,2025.0,9.0,100.0,2337.0,MSIIIa,Municipal,Primario
109323,2025.0,10.0,71.0,2337.0,MSIIIa,Municipal,Primario
109324,2025.0,1.0,686.0,6377.0,MSIIIa,Municipal,Primario
109324,2025.0,2.0,554.0,6377.0,MSIIIa,Municipal,Primario
109324,2025.0,3.0,450.0,6377.0,MSIIIa,Municipal,Primario
109324,2025.0,4.0,502.0,6377.0,MSIIIa,Municipal,Primario
109324,2025.0,5.0,472.0,6377.0,MSIIIa,Municipal,Primario
109324,2025.0,6.0,394.0,6377.0,MSIIIa,Municipal,Primario
109324,2025.0,7.0,438.0,6377.0,MSIIIa,Municipal,Primario
109324,2025.0,8.0,386.0,6377.0,MSIIIa,Municipal,Primario
109324,2025.0,9.0,338.0,6377.0,MSIIIa,Municipal,Primario
109324,2025.0,10.0,125.0,6377.0,MSIIIa,Municipal,Primario
109390,2025.0,1.0,244.0,2535.0,MSIIIa,Otra Institución,Primario
109390,2025.0,2.0,178.0,2535.0,MSIIIa,Otra Institución,Primario
109390,2025.0,3.0,222.0,2535.0,MSIIIa,Otra Institución,Primario
109390,2025.0,4.0,228.0,2535.0,MSIIIa,Otra Institución,Primario
109390,2025.0,5.0,150.0,2535.0,MSIIIa,Otra Institución,Primario
109390,2025.0,6.0,218.0,2535.0,MSIIIa,Otra Institución,Primario
109390,2025.0,7.0,220.0,2535.0,MSIIIa,Otra Institución,Primario
109390,2025.0,8.0,196.0,2535.0,MSIIIa,Otra Institución,Primario
109390,2025.0,9.0,216.0,2535.0,MSIIIa,Otra Institución,Primario
109390,2025.0,10.0,85.0,2535.0,MSIIIa,Otra Institución,Primario
109407,,,,1379.0,MSIIIa,,
109410,2025.0,1.0,12.0,41.0,MSIIIa,Municipal,Primario
109410,2025.0,2.0,6.0,41.0,MSIIIa,Municipal,Primario
109410,2025.0,3.0,4.0,41.0,MSIIIa,Municipal,Primario
109410,2025.0,4.0,18.0,41.0,MSIIIa,Municipal,Primario
109410,2025.0,5.0,46.0,41.0,MSIIIa,Municipal,Primario
109410,2025.0,6.0,16.0,41.0,MSIIIa,Municipal,Primario
109410,2025.0,7.0,10.0,41.0,MSIIIa,Municipal,Primario
109410,2025.0,8.0,6.0,41.0,MSIIIa,Municipal,Primario
109410,2025.0,9.0,4.0,41.0,MSIIIa,Municipal,Primario
109410,2025.0,10.0,2.0,41.0,MSIIIa,Municipal,Primario
109412,2025.0,1.0,14.0,78.0,MSIIIa,Municipal,Primario
109412,2025.0,2.0,24.0,78.0,MSIIIa,Municipal,Primario
109412,2025.0,3.0,14.0,78.0,MSIIIa,Municipal,Primario
109412,2025.0,4.0,18.0,78.0,MSIIIa,Municipal,Primario
109412,2025.0,5.0,12.0,78.0,MSIIIa,Municipal,Primario
109412,2025.0,6.0,4.0,78.0,MSIIIa,Municipal,Primario
109412,2025.0,7.0,20.0,78.0,MSIIIa,Municipal,Primario
109412,2025.0,8.0,8.0,78.0,MSIIIa,Municipal,Primario
109412,2025.0,9.0,8.0,78.0,MSIIIa,Municipal,Primario
109412,2025.0,10.0,3.0,78.0,MSIIIa,Municipal,Primario
109413,2025.0,1.0,22.0,87.0,MSIIIa,Municipal,Primario
109413,2025.0,2.0,20.0,87.0,MSIIIa,Municipal,Primario
109413,2025.0,3.0,22.0,87.0,MSIIIa,Municipal,Primario
109413,2025.0,4.0,28.0,87.0,MSIIIa,Municipal,Primario
109413,2025.0,5.0,18.0,87.0,MSIIIa,Municipal,Primario
109413,2025.0,6.0,8.0,87.0,MSIIIa,Municipal,Primario
109413,2025.0,7.0,4.0,87.0,MSIIIa,Municipal,Primario
109413,2025.0,8.0,6.0,87.0,MSIIIa,Municipal,Primario
109413,2025.0,9.0,8.0,87.0,MSIIIa,Municipal,Primario
109414,2025.0,1.0,60.0,674.0,MSIIIa,Municipal,Primario
109414,2025.0,2.0,30.0,674.0,MSIIIa,Municipal,Primario
109414,2025.0,3.0,60.0,674.0,MSIIIa,Municipal,Primario
109414,2025.0,4.0,22.0,674.0,MSIIIa,Municipal,Primario
109414,2025.0,5.0,52.0,674.0,MSIIIa,Municipal,Primario
109414,2025.0,6.0,32.0,674.0,MSIIIa,Municipal,Primario
109414,2025.0,7.0,48.0,674.0,MSIIIa,Municipal,Primario
109414,2025.0,8.0,40.0,674.0,MSIIIa,Municipal,Primario
109414,2025.0,9.0,20.0,674.0,MSIIIa,Municipal,Primario
109414,2025.0,10.0,27.0,674.0,MSIIIa,Municipal,Primario
109416,,,,5.0,MSIIIa,Municipal,Primario
109417,,,,12.0,MSIIIa,Municipal,Primario
109418,,,,13.0,MSIIIa,Municipal,Primario
109419,,,,10.0,MSIIIa,Municipal,Primario
109420,,,,11.0,MSIIIa,Municipal,Primario
109709,2025.0,1.0,128.0,861.0,MSIIIa,Municipal,Primario
109709,2025.0,2.0,64.0,861.0,MSIIIa,Municipal,Primario
109709,2025.0,3.0,86.0,861.0,MSIIIa,Municipal,Primario
109709,2025.0,4.0,162.0,861.0,MSIIIa,Municipal,Primario
109709,2025.0,5.0,128.0,861.0,MSIIIa,Municipal,Primario
109709,2025.0,6.0,76.0,861.0,MSIIIa,Municipal,Primario
109709,2025.0,7.0,64.0,861.0,MSIIIa,Municipal,Primario
109709,2025.0,8.0,176.0,861.0,MSIIIa,Municipal,Primario
109709,2025.0,9.0,82.0,861.0,MSIIIa,Municipal,Primario
109709,2025.0,10.0,42.0,861.0,MSIIIa,Municipal,Primario
109711,2025.0,1.0,114.0,1115.0,MSIIIa,Municipal,Primario
109711,2025.0,2.0,106.0,1115.0,MSIIIa,Municipal,Primario
109711,2025.0,3.0,152.0,1115.0,MSIIIa,Municipal,Primario
109711,2025.0,4.0,218.0,1115.0,MSIIIa,Municipal,Primario
109711,2025.0,5.0,92.0,1115.0,MSIIIa,Municipal,Primario
109711,2025.0,6.0,82.0,1115.0,MSIIIa,Municipal,Primario
109711,2025.0,7.0,156.0,1115.0,MSIIIa,Municipal,Primario
109711,2025.0,8.0,110.0,1115.0,MSIIIa,Municipal,Primario
109711,2025.0,9.0,88.0,1115.0,MSIIIa,Municipal,Primario
109711,2025.0,10.0,33.0,1115.0,MSIIIa,Municipal,Primario
109712,2025.0,1.0,60.0,1042.0,MSIIIa,Municipal,Primario
109712,2025.0,2.0,166.0,1042.0,MSIIIa,Municipal,Primario
109712,2025.0,3.0,144.0,1042.0,MSIIIa,Municipal,Primario
109712,2025.0,4.0,138.0,1042.0,MSIIIa,Municipal,Primario
109712,2025.0,5.0,98.0,1042.0,MSIIIa,Municipal,Primario
109712,2025.0,6.0,88.0,1042.0,MSIIIa,Municipal,Primario
109712,2025.0,7.0,72.0,1042.0,MSIIIa,Municipal,Primario
109712,2025.0,8.0,96.0,1042.0,MSIIIa,Municipal,Primario
109712,2025.0,9.0,72.0,1042.0,MSIIIa,Municipal,Primario
109712,2025.0,10.0,31.0,1042.0,MSIIIa,Municipal,Primario
109713,2025.0,1.0,46.0,331.0,MSIIIa,Municipal,Primario
109713,2025.0,2.0,38.0,331.0,MSIIIa,Municipal,Primario
109713,2025.0,3.0,6.0,331.0,MSIIIa,Municipal,Primario
109713,2025.0,4.0,62.0,331.0,MSIIIa,Municipal,Primario
109713,2025.0,5.0,28.0,331.0,MSIIIa,Municipal,Primario
109713,2025.0,6.0,50.0,331.0,MSIIIa,Municipal,Primario
109713,2025.0,7.0,42.0,331.0,MSIIIa,Municipal,Primario
109713,2025.0,8.0,22.0,331.0,MSIIIa,Municipal,Primario
109713,2025.0,9.0,12.0,331.0,MSIIIa,Municipal,Primario
109713,2025.0,10.0,19.0,331.0,MSIIIa,Municipal,Primario
109715,2025.0,1.0,20.0,540.0,MSIIIa,Municipal,Primario
109715,2025.0,2.0,20.0,540.0,MSIIIa,Municipal,Primario
109715,2025.0,3.0,52.0,540.0,MSIIIa,Municipal,Primario
109715,2025.0,4.0,44.0,540.0,MSIIIa,Municipal,Primario
109715,2025.0,5.0,38.0,540.0,MSIIIa,Municipal,Primario
109715,2025.0,6.0,30.0,540.0,MSIIIa,Municipal,Primario
109715,2025.0,7.0,40.0,540.0,MSIIIa,Municipal,Primario
109715,2025.0,8.0,62.0,540.0,MSIIIa,Municipal,Primario
109715,2025.0,9.0,52.0,540.0,MSIIIa,Municipal,Primario
109715,2025.0,10.0,32.0,540.0,MSIIIa,Municipal,Primario
109716,2025.0,1.0,38.0,358.0,MSIIIa,Municipal,Primario
109716,2025.0,2.0,30.0,358.0,MSIIIa,Municipal,Primario
109716,2025.0,3.0,28.0,358.0,MSIIIa,Municipal,Primario
109716,2025.0,4.0,36.0,358.0,MSIIIa,Municipal,Primario
109716,2025.0,5.0,32.0,358.0,MSIIIa,Municipal,Primario
109716,2025.0,6.0,16.0,358.0,MSIIIa,Municipal,Primario
109716,2025.0,7.0,36.0,358.0,MSIIIa,Municipal,Primario
109716,2025.0,8.0,36.0,358.0,MSIIIa,Municipal,Primario
109716,2025.0,9.0,8.0,358.0,MSIIIa,Municipal,Primario
109716,2025.0,10.0,24.0,358.0,MSIIIa,Municipal,Primario
109718,2025.0,1.0,162.0,790.0,MSIIIa,Municipal,Primario
109718,2025.0,2.0,104.0,790.0,MSIIIa,Municipal,Primario
109718,2025.0,3.0,84.0,790.0,MSIIIa,Municipal,Primario
109718,2025.0,4.0,92.0,790.0,MSIIIa,Municipal,Primario
109718,2025.0,5.0,56.0,790.0,MSIIIa,Municipal,Primario
109718,2025.0,6.0,66.0,790.0,MSIIIa,Municipal,Primario
109718,2025.0,7.0,82.0,790.0,MSIIIa,Municipal,Primario
109718,2025.0,8.0,38.0,790.0,MSIIIa,Municipal,Primario
109718,2025.0,9.0,36.0,790.0,MSIIIa,Municipal,Primario
109718,2025.0,10.0,13.0,790.0,MSIIIa,Municipal,Primario
110160,2025.0,1.0,112.0,877.0,MSIIIa,Servicio de Salud,Primario
110160,2025.0,2.0,166.0,877.0,MSIIIa,Servicio de Salud,Primario
110160,2025.0,3.0,126.0,877.0,MSIIIa,Servicio de Salud,Primario
110160,2025.0,4.0,138.0,877.0,MSIIIa,Servicio de Salud,Primario
110160,2025.0,5.0,154.0,877.0,MSIIIa,Servicio de Salud,Primario
110160,2025.0,6.0,98.0,877.0,MSIIIa,Servicio de Salud,Primario
110160,2025.0,7.0,124.0,877.0,MSIIIa,Servicio de Salud,Primario
110160,2025.0,8.0,102.0,877.0,MSIIIa,Servicio de Salud,Primario
110160,2025.0,9.0,106.0,877.0,MSIIIa,Servicio de Salud,Primario
110160,2025.0,10.0,73.0,877.0,MSIIIa,Servicio de Salud,Primario
110308,2025.0,1.0,346.0,4127.0,MSIIIa,Municipal,Primario
110308,2025.0,2.0,298.0,4127.0,MSIIIa,Municipal,Primario
110308,2025.0,3.0,364.0,4127.0,MSIIIa,Municipal,Primario
110308,2025.0,4.0,538.0,4127.0,MSIIIa,Municipal,Primario
110308,2025.0,5.0,252.0,4127.0,MSIIIa,Municipal,Primario
110308,2025.0,6.0,234.0,4127.0,MSIIIa,Municipal,Primario
110308,2025.0,7.0,236.0,4127.0,MSIIIa,Municipal,Primario
110308,2025.0,8.0,304.0,4127.0,MSIIIa,Municipal,Primario
110308,2025.0,9.0,202.0,4127.0,MSIIIa,Municipal,Primario
110308,2025.0,10.0,88.0,4127.0,MSIIIa,Municipal,Primario
110310,2025.0,1.0,124.0,2657.0,MSIIIa,Servicio de Salud,Primario
110310,2025.0,2.0,354.0,2657.0,MSIIIa,Servicio de Salud,Primario
110310,2025.0,3.0,296.0,2657.0,MSIIIa,Servicio de Salud,Primario
110310,2025.0,4.0,246.0,2657.0,MSIIIa,Servicio de Salud,Primario
110310,2025.0,5.0,258.0,2657.0,MSIIIa,Servicio de Salud,Primario
110310,2025.0,6.0,262.0,2657.0,MSIIIa,Servicio de Salud,Primario
110310,2025.0,7.0,284.0,2657.0,MSIIIa,Servicio de Salud,Primario
110310,2025.0,8.0,244.0,2657.0,MSIIIa,Servicio de Salud,Primario
110310,2025.0,9.0,190.0,2657.0,MSIIIa,Servicio de Salud,Primario
110315,2025.0,1.0,290.0,3850.0,MSIIIa,Municipal,Primario
110315,2025.0,2.0,228.0,3850.0,MSIIIa,Municipal,Primario
110315,2025.0,3.0,242.0,3850.0,MSIIIa,Municipal,Primario
110315,2025.0,4.0,192.0,3850.0,MSIIIa,Municipal,Primario
110315,2025.0,5.0,452.0,3850.0,MSIIIa,Municipal,Primario
110315,2025.0,6.0,404.0,3850.0,MSIIIa,Municipal,Primario
110315,2025.0,7.0,330.0,3850.0,MSIIIa,Municipal,Primario
110315,2025.0,8.0,216.0,3850.0,MSIIIa,Municipal,Primario
110315,2025.0,9.0,274.0,3850.0,MSIIIa,Municipal,Primario
110315,2025.0,10.0,123.0,3850.0,MSIIIa,Municipal,Primario
110316,2025.0,1.0,304.0,3160.0,MSIIIa,Municipal,Primario
110316,2025.0,2.0,254.0,3160.0,MSIIIa,Municipal,Primario
110316,2025.0,3.0,218.0,3160.0,MSIIIa,Municipal,Primario
110316,2025.0,4.0,288.0,3160.0,MSIIIa,Municipal,Primario
110316,2025.0,5.0,204.0,3160.0,MSIIIa,Municipal,Primario
110316,2025.0,6.0,190.0,3160.0,MSIIIa,Municipal,Primario
110316,2025.0,7.0,244.0,3160.0,MSIIIa,Municipal,Primario
110316,2025.0,8.0,142.0,3160.0,MSIIIa,Municipal,Primario
110316,2025.0,9.0,174.0,3160.0,MSIIIa,Municipal,Primario
110316,2025.0,10.0,93.0,3160.0,MSIIIa,Municipal,Primario
110320,2025.0,1.0,288.0,4178.0,MSIIIa,Municipal,Primario
110320,2025.0,2.0,264.0,4178.0,MSIIIa,Municipal,Primario
110320,2025.0,3.0,252.0,4178.0,MSIIIa,Municipal,Primario
110320,2025.0,4.0,292.0,4178.0,MSIIIa,Municipal,Primario
110320,2025.0,5.0,190.0,4178.0,MSIIIa,Municipal,Primario
110320,2025.0,6.0,218.0,4178.0,MSIIIa,Municipal,Primario
110320,2025.0,7.0,196.0,4178.0,MSIIIa,Municipal,Primario
110320,2025.0,8.0,166.0,4178.0,MSIIIa,Municipal,Primario
110320,2025.0,9.0,162.0,4178.0,MSIIIa,Municipal,Primario
110320,2025.0,10.0,154.0,4178.0,MSIIIa,Municipal,Primario
110325,2025.0,1.0,278.0,3333.0,MSIIIa,Municipal,Primario
110325,2025.0,2.0,178.0,3333.0,MSIIIa,Municipal,Primario
110325,2025.0,3.0,208.0,3333.0,MSIIIa,Municipal,Primario
110325,2025.0,4.0,164.0,3333.0,MSIIIa,Municipal,Primario
110325,2025.0,5.0,186.0,3333.0,MSIIIa,Municipal,Primario
110325,2025.0,6.0,194.0,3333.0,MSIIIa,Municipal,Primario
110325,2025.0,7.0,188.0,3333.0,MSIIIa,Municipal,Primario
110325,2025.0,8.0,130.0,3333.0,MSIIIa,Municipal,Primario
110325,2025.0,9.0,140.0,3333.0,MSIIIa,Municipal,Primario
110325,2025.0,10.0,73.0,3333.0,MSIIIa,Municipal,Primario
110330,2025.0,1.0,384.0,4091.0,MSIIIa,Municipal,Primario
110330,2025.0,2.0,268.0,4091.0,MSIIIa,Municipal,Primario
110330,2025.0,3.0,340.0,4091.0,MSIIIa,Municipal,Primario
110330,2025.0,4.0,344.0,4091.0,MSIIIa,Municipal,Primario
110330,2025.0,5.0,356.0,4091.0,MSIIIa,Municipal,Primario
110330,2025.0,6.0,438.0,4091.0,MSIIIa,Municipal,Primario
110330,2025.0,7.0,356.0,4091.0,MSIIIa,Municipal,Primario
110330,2025.0,8.0,280.0,4091.0,MSIIIa,Municipal,Primario
110330,2025.0,9.0,210.0,4091.0,MSIIIa,Municipal,Primario
110330,2025.0,10.0,141.0,4091.0,MSIIIa,Municipal,Primario
110331,2025.0,1.0,308.0,2658.0,MSIIIa,Municipal,Primario
110331,2025.0,2.0,250.0,2658.0,MSIIIa,Municipal,Primario
110331,2025.0,3.0,206.0,2658.0,MSIIIa,Municipal,Primario
110331,2025.0,4.0,316.0,2658.0,MSIIIa,Municipal,Primario
110331,2025.0,5.0,220.0,2658.0,MSIIIa,Municipal,Primario
110331,2025.0,6.0,224.0,2658.0,MSIIIa,Municipal,Primario
110331,2025.0,7.0,210.0,2658.0,MSIIIa,Municipal,Primario
110331,2025.0,8.0,220.0,2658.0,MSIIIa,Municipal,Primario
110331,2025.0,9.0,154.0,2658.0,MSIIIa,Municipal,Primario
110331,2025.0,10.0,83.0,2658.0,MSIIIa,Municipal,Primario
110335,2025.0,1.0,488.0,3146.0,MSIIIa,Municipal,Primario
110335,2025.0,2.0,246.0,3146.0,MSIIIa,Municipal,Primario
110335,2025.0,3.0,342.0,3146.0,MSIIIa,Municipal,Primario
110335,2025.0,4.0,376.0,3146.0,MSIIIa,Municipal,Primario
110335,2025.0,5.0,314.0,3146.0,MSIIIa,Municipal,Primario
110335,2025.0,6.0,278.0,3146.0,MSIIIa,Municipal,Primario
110335,2025.0,7.0,240.0,3146.0,MSIIIa,Municipal,Primario
110335,2025.0,8.0,174.0,3146.0,MSIIIa,Municipal,Primario
110335,2025.0,9.0,158.0,3146.0,MSIIIa,Municipal,Primario
110335,2025.0,10.0,52.0,3146.0,MSIIIa,Municipal,Primario
110340,2025.0,1.0,368.0,3290.0,MSIIIa,Municipal,Primario
110340,2025.0,2.0,294.0,3290.0,MSIIIa,Municipal,Primario
110340,2025.0,3.0,148.0,3290.0,MSIIIa,Municipal,Primario
110340,2025.0,4.0,396.0,3290.0,MSIIIa,Municipal,Primario
110340,2025.0,5.0,218.0,3290.0,MSIIIa,Municipal,Primario
110340,2025.0,6.0,216.0,3290.0,MSIIIa,Municipal,Primario
110340,2025.0,7.0,206.0,3290.0,MSIIIa,Municipal,Primario
110340,2025.0,8.0,272.0,3290.0,MSIIIa,Municipal,Primario
110340,2025.0,9.0,188.0,3290.0,MSIIIa,Municipal,Primario
110340,2025.0,10.0,83.0,3290.0,MSIIIa,Municipal,Primario
110345,2025.0,1.0,100.0,2896.0,MSIIIa,Municipal,Primario
110345,2025.0,2.0,110.0,2896.0,MSIIIa,Municipal,Primario
110345,2025.0,3.0,260.0,2896.0,MSIIIa,Municipal,Primario
110345,2025.0,4.0,82.0,2896.0,MSIIIa,Municipal,Primario
110345,2025.0,5.0,282.0,2896.0,MSIIIa,Municipal,Primario
110345,2025.0,6.0,386.0,2896.0,MSIIIa,Municipal,Primario
110345,2025.0,7.0,290.0,2896.0,MSIIIa,Municipal,Primario
110345,2025.0,8.0,112.0,2896.0,MSIIIa,Municipal,Primario
110345,2025.0,9.0,172.0,2896.0,MSIIIa,Municipal,Primario
110345,2025.0,10.0,147.0,2896.0,MSIIIa,Municipal,Primario
110350,2025.0,1.0,350.0,5385.0,MSIIIa,Municipal,Primario
110350,2025.0,2.0,222.0,5385.0,MSIIIa,Municipal,Primario
110350,2025.0,3.0,284.0,5385.0,MSIIIa,Municipal,Primario
110350,2025.0,4.0,372.0,5385.0,MSIIIa,Municipal,Primario
110350,2025.0,5.0,394.0,5385.0,MSIIIa,Municipal,Primario
110350,2025.0,6.0,306.0,5385.0,MSIIIa,Municipal,Primario
110350,2025.0,7.0,482.0,5385.0,MSIIIa,Municipal,Primario
110350,2025.0,8.0,384.0,5385.0,MSIIIa,Municipal,Primario
110350,2025.0,9.0,304.0,5385.0,MSIIIa,Municipal,Primario
110350,2025.0,10.0,217.0,5385.0,MSIIIa,Municipal,Primario
110351,2025.0,1.0,244.0,4303.0,MSIIIa,Municipal,Primario
110351,2025.0,2.0,186.0,4303.0,MSIIIa,Municipal,Primario
110351,2025.0,3.0,298.0,4303.0,MSIIIa,Municipal,Primario
110351,2025.0,4.0,340.0,4303.0,MSIIIa,Municipal,Primario
110351,2025.0,5.0,358.0,4303.0,MSIIIa,Municipal,Primario
110351,2025.0,6.0,370.0,4303.0,MSIIIa,Municipal,Primario
110351,2025.0,7.0,396.0,4303.0,MSIIIa,Municipal,Primario
110351,2025.0,8.0,368.0,4303.0,MSIIIa,Municipal,Primario
110351,2025.0,9.0,260.0,4303.0,MSIIIa,Municipal,Primario
110351,2025.0,10.0,104.0,4303.0,MSIIIa,Municipal,Primario
110352,2025.0,1.0,228.0,3376.0,MSIIIa,Municipal,Primario
110352,2025.0,2.0,232.0,3376.0,MSIIIa,Municipal,Primario
110352,2025.0,3.0,136.0,3376.0,MSIIIa,Municipal,Primario
110352,2025.0,4.0,168.0,3376.0,MSIIIa,Municipal,Primario
110352,2025.0,5.0,364.0,3376.0,MSIIIa,Municipal,Primario
110352,2025.0,6.0,308.0,3376.0,MSIIIa,Municipal,Primario
110352,2025.0,7.0,406.0,3376.0,MSIIIa,Municipal,Primario
110352,2025.0,8.0,302.0,3376.0,MSIIIa,Municipal,Primario
110352,2025.0,9.0,164.0,3376.0,MSIIIa,Municipal,Primario
110352,2025.0,10.0,108.0,3376.0,MSIIIa,Municipal,Primario
110353,2025.0,1.0,174.0,2853.0,MSIIIa,Municipal,Primario
110353,2025.0,2.0,350.0,2853.0,MSIIIa,Municipal,Primario
110353,2025.0,3.0,218.0,2853.0,MSIIIa,Municipal,Primario
110353,2025.0,4.0,242.0,2853.0,MSIIIa,Municipal,Primario
110353,2025.0,5.0,200.0,2853.0,MSIIIa,Municipal,Primario
110353,2025.0,6.0,256.0,2853.0,MSIIIa,Municipal,Primario
110353,2025.0,7.0,280.0,2853.0,MSIIIa,Municipal,Primario
110353,2025.0,8.0,170.0,2853.0,MSIIIa,Municipal,Primario
110353,2025.0,9.0,162.0,2853.0,MSIIIa,Municipal,Primario
110353,2025.0,10.0,76.0,2853.0,MSIIIa,Municipal,Primario
110354,2025.0,1.0,212.0,4707.0,MSIIIa,Municipal,Primario
110354,2025.0,2.0,170.0,4707.0,MSIIIa,Municipal,Primario
110354,2025.0,3.0,194.0,4707.0,MSIIIa,Municipal,Primario
110354,2025.0,4.0,232.0,4707.0,MSIIIa,Municipal,Primario
110354,2025.0,5.0,228.0,4707.0,MSIIIa,Municipal,Primario
110354,2025.0,6.0,266.0,4707.0,MSIIIa,Municipal,Primario
110354,2025.0,7.0,364.0,4707.0,MSIIIa,Municipal,Primario
110354,2025.0,8.0,276.0,4707.0,MSIIIa,Municipal,Primario
110354,2025.0,9.0,304.0,4707.0,MSIIIa,Municipal,Primario
110354,2025.0,10.0,133.0,4707.0,MSIIIa,Municipal,Primario
110355,2025.0,1.0,300.0,3401.0,MSIIIa,Municipal,Primario
110355,2025.0,2.0,158.0,3401.0,MSIIIa,Municipal,Primario
110355,2025.0,3.0,246.0,3401.0,MSIIIa,Municipal,Primario
110355,2025.0,4.0,266.0,3401.0,MSIIIa,Municipal,Primario
110355,2025.0,5.0,204.0,3401.0,MSIIIa,Municipal,Primario
110355,2025.0,6.0,278.0,3401.0,MSIIIa,Municipal,Primario
110355,2025.0,7.0,296.0,3401.0,MSIIIa,Municipal,Primario
110355,2025.0,8.0,298.0,3401.0,MSIIIa,Municipal,Primario
110355,2025.0,9.0,232.0,3401.0,MSIIIa,Municipal,Primario
110355,2025.0,10.0,159.0,3401.0,MSIIIa,Municipal,Primario
110360,2025.0,1.0,564.0,6239.0,MSIIIa,Municipal,Primario
110360,2025.0,2.0,372.0,6239.0,MSIIIa,Municipal,Primario
110360,2025.0,3.0,328.0,6239.0,MSIIIa,Municipal,Primario
110360,2025.0,4.0,546.0,6239.0,MSIIIa,Municipal,Primario
110360,2025.0,5.0,388.0,6239.0,MSIIIa,Municipal,Primario
110360,2025.0,6.0,484.0,6239.0,MSIIIa,Municipal,Primario
110360,2025.0,7.0,422.0,6239.0,MSIIIa,Municipal,Primario
110360,2025.0,8.0,342.0,6239.0,MSIIIa,Municipal,Primario
110360,2025.0,9.0,278.0,6239.0,MSIIIa,Municipal,Primario
110360,2025.0,10.0,169.0,6239.0,MSIIIa,Municipal,Primario
110361,2025.0,1.0,488.0,5432.0,MSIIIa,Municipal,Primario
110361,2025.0,2.0,266.0,5432.0,MSIIIa,Municipal,Primario
110361,2025.0,3.0,428.0,5432.0,MSIIIa,Municipal,Primario
110361,2025.0,4.0,422.0,5432.0,MSIIIa,Municipal,Primario
110361,2025.0,5.0,376.0,5432.0,MSIIIa,Municipal,Primario
110361,2025.0,6.0,290.0,5432.0,MSIIIa,Municipal,Primario
110361,2025.0,7.0,288.0,5432.0,MSIIIa,Municipal,Primario
110361,2025.0,8.0,298.0,5432.0,MSIIIa,Municipal,Primario
110361,2025.0,9.0,276.0,5432.0,MSIIIa,Municipal,Primario
110361,2025.0,10.0,278.0,5432.0,MSIIIa,Municipal,Primario
110362,2025.0,1.0,224.0,3512.0,MSIIIa,Municipal,Primario
110362,2025.0,2.0,168.0,3512.0,MSIIIa,Municipal,Primario
110362,2025.0,3.0,306.0,3512.0,MSIIIa,Municipal,Primario
110362,2025.0,4.0,258.0,3512.0,MSIIIa,Municipal,Primario
110362,2025.0,5.0,224.0,3512.0,MSIIIa,Municipal,Primario
110362,2025.0,6.0,190.0,3512.0,MSIIIa,Municipal,Primario
110362,2025.0,7.0,314.0,3512.0,MSIIIa,Municipal,Primario
110362,2025.0,8.0,268.0,3512.0,MSIIIa,Municipal,Primario
110362,2025.0,9.0,234.0,3512.0,MSIIIa,Municipal,Primario
110362,2025.0,10.0,150.0,3512.0,MSIIIa,Municipal,Primario
110364,2025.0,1.0,146.0,2150.0,MSIIIa,Municipal,Primario
110364,2025.0,2.0,142.0,2150.0,MSIIIa,Municipal,Primario
110364,2025.0,3.0,264.0,2150.0,MSIIIa,Municipal,Primario
110364,2025.0,4.0,216.0,2150.0,MSIIIa,Municipal,Primario
110364,2025.0,5.0,206.0,2150.0,MSIIIa,Municipal,Primario
110364,2025.0,6.0,206.0,2150.0,MSIIIa,Municipal,Primario
110364,2025.0,7.0,76.0,2150.0,MSIIIa,Municipal,Primario
110364,2025.0,8.0,102.0,2150.0,MSIIIa,Municipal,Primario
110364,2025.0,9.0,146.0,2150.0,MSIIIa,Municipal,Primario
110364,2025.0,10.0,109.0,2150.0,MSIIIa,Municipal,Primario
110366,2025.0,1.0,520.0,6663.0,MSIIIa,Municipal,Primario
110366,2025.0,2.0,306.0,6663.0,MSIIIa,Municipal,Primario
110366,2025.0,3.0,496.0,6663.0,MSIIIa,Municipal,Primario
110366,2025.0,4.0,654.0,6663.0,MSIIIa,Municipal,Primario
110366,2025.0,5.0,710.0,6663.0,MSIIIa,Municipal,Primario
110366,2025.0,6.0,606.0,6663.0,MSIIIa,Municipal,Primario
110366,2025.0,7.0,436.0,6663.0,MSIIIa,Municipal,Primario
110366,2025.0,8.0,610.0,6663.0,MSIIIa,Municipal,Primario
110366,2025.0,9.0,486.0,6663.0,MSIIIa,Municipal,Primario
110366,2025.0,10.0,296.0,6663.0,MSIIIa,Municipal,Primario
110369,2025.0,1.0,570.0,4474.0,MSIIIa,Municipal,Primario
110369,2025.0,2.0,396.0,4474.0,MSIIIa,Municipal,Primario
110369,2025.0,3.0,458.0,4474.0,MSIIIa,Municipal,Primario
110369,2025.0,4.0,542.0,4474.0,MSIIIa,Municipal,Primario
110369,2025.0,5.0,412.0,4474.0,MSIIIa,Municipal,Primario
110369,2025.0,6.0,348.0,4474.0,MSIIIa,Municipal,Primario
110369,2025.0,7.0,320.0,4474.0,MSIIIa,Municipal,Primario
110369,2025.0,8.0,228.0,4474.0,MSIIIa,Municipal,Primario
110369,2025.0,9.0,382.0,4474.0,MSIIIa,Municipal,Primario
110369,2025.0,10.0,128.0,4474.0,MSIIIa,Municipal,Primario
110370,2025.0,1.0,192.0,2963.0,MSIIIa,Municipal,Primario
110370,2025.0,2.0,208.0,2963.0,MSIIIa,Municipal,Primario
110370,2025.0,3.0,178.0,2963.0,MSIIIa,Municipal,Primario
110370,2025.0,4.0,366.0,2963.0,MSIIIa,Municipal,Primario
110370,2025.0,5.0,214.0,2963.0,MSIIIa,Municipal,Primario
110370,2025.0,6.0,260.0,2963.0,MSIIIa,Municipal,Primario
110370,2025.0,7.0,210.0,2963.0,MSIIIa,Municipal,Primario
110370,2025.0,8.0,352.0,2963.0,MSIIIa,Municipal,Primario
110370,2025.0,9.0,208.0,2963.0,MSIIIa,Municipal,Primario
110370,2025.0,10.0,62.0,2963.0,MSIIIa,Municipal,Primario
110375,2025.0,1.0,82.0,1629.0,MSIIIa,Municipal,Primario
110375,2025.0,2.0,108.0,1629.0,MSIIIa,Municipal,Primario
110375,2025.0,3.0,72.0,1629.0,MSIIIa,Municipal,Primario
110375,2025.0,4.0,53.0,1629.0,MSIIIa,Municipal,Primario
110375,2025.0,5.0,72.0,1629.0,MSIIIa,Municipal,Primario
110375,2025.0,6.0,42.0,1629.0,MSIIIa,Municipal,Primario
110375,2025.0,7.0,100.0,1629.0,MSIIIa,Municipal,Primario
110375,2025.0,8.0,68.0,1629.0,MSIIIa,Municipal,Primario
110375,2025.0,9.0,60.0,1629.0,MSIIIa,Municipal,Primario
110375,2025.0,10.0,39.0,1629.0,MSIIIa,Municipal,Primario
110378,2025.0,1.0,92.0,3041.0,MSIIIa,Municipal,Primario
110378,2025.0,2.0,122.0,3041.0,MSIIIa,Municipal,Primario
110378,2025.0,3.0,136.0,3041.0,MSIIIa,Municipal,Primario
110378,2025.0,4.0,218.0,3041.0,MSIIIa,Municipal,Primario
110378,2025.0,5.0,168.0,3041.0,MSIIIa,Municipal,Primario
110378,2025.0,6.0,262.0,3041.0,MSIIIa,Municipal,Primario
110378,2025.0,7.0,238.0,3041.0,MSIIIa,Municipal,Primario
110378,2025.0,8.0,196.0,3041.0,MSIIIa,Municipal,Primario
110378,2025.0,9.0,330.0,3041.0,MSIIIa,Municipal,Primario
110378,2025.0,10.0,240.0,3041.0,MSIIIa,Municipal,Primario
110379,2025.0,1.0,140.0,3767.0,MSIIIa,Municipal,Primario
110379,2025.0,2.0,236.0,3767.0,MSIIIa,Municipal,Primario
110379,2025.0,3.0,144.0,3767.0,MSIIIa,Municipal,Primario
110379,2025.0,4.0,136.0,3767.0,MSIIIa,Municipal,Primario
110379,2025.0,5.0,182.0,3767.0,MSIIIa,Municipal,Primario
110379,2025.0,6.0,222.0,3767.0,MSIIIa,Municipal,Primario
110379,2025.0,7.0,214.0,3767.0,MSIIIa,Municipal,Primario
110379,2025.0,8.0,444.0,3767.0,MSIIIa,Municipal,Primario
110379,2025.0,9.0,520.0,3767.0,MSIIIa,Municipal,Primario
110379,2025.0,10.0,224.0,3767.0,MSIIIa,Municipal,Primario
110380,2025.0,1.0,84.0,1145.0,MSIIIa,Municipal,Primario
110380,2025.0,2.0,72.0,1145.0,MSIIIa,Municipal,Primario
110380,2025.0,3.0,62.0,1145.0,MSIIIa,Municipal,Primario
110380,2025.0,4.0,112.0,1145.0,MSIIIa,Municipal,Primario
110380,2025.0,5.0,94.0,1145.0,MSIIIa,Municipal,Primario
110380,2025.0,6.0,88.0,1145.0,MSIIIa,Municipal,Primario
110380,2025.0,7.0,88.0,1145.0,MSIIIa,Municipal,Primario
110380,2025.0,8.0,70.0,1145.0,MSIIIa,Municipal,Primario
110380,2025.0,9.0,80.0,1145.0,MSIIIa,Municipal,Primario
110380,2025.0,10.0,30.0,1145.0,MSIIIa,Municipal,Primario
110381,2025.0,1.0,72.0,899.0,MSIIIa,Municipal,Primario
110381,2025.0,2.0,56.0,899.0,MSIIIa,Municipal,Primario
110381,2025.0,3.0,76.0,899.0,MSIIIa,Municipal,Primario
110381,2025.0,4.0,84.0,899.0,MSIIIa,Municipal,Primario
110381,2025.0,5.0,16.0,899.0,MSIIIa,Municipal,Primario
110381,2025.0,6.0,46.0,899.0,MSIIIa,Municipal,Primario
110381,2025.0,7.0,104.0,899.0,MSIIIa,Municipal,Primario
110381,2025.0,8.0,68.0,899.0,MSIIIa,Municipal,Primario
110381,2025.0,9.0,58.0,899.0,MSIIIa,Municipal,Primario
110381,2025.0,10.0,29.0,899.0,MSIIIa,Municipal,Primario
110385,2025.0,1.0,164.0,1047.0,MSIIIa,Municipal,Primario
110385,2025.0,2.0,144.0,1047.0,MSIIIa,Municipal,Primario
110385,2025.0,3.0,116.0,1047.0,MSIIIa,Municipal,Primario
110385,2025.0,4.0,82.0,1047.0,MSIIIa,Municipal,Primario
110385,2025.0,5.0,84.0,1047.0,MSIIIa,Municipal,Primario
110385,2025.0,6.0,68.0,1047.0,MSIIIa,Municipal,Primario
110385,2025.0,7.0,106.0,1047.0,MSIIIa,Municipal,Primario
110385,2025.0,8.0,168.0,1047.0,MSIIIa,Municipal,Primario
110385,2025.0,9.0,60.0,1047.0,MSIIIa,Municipal,Primario
110385,2025.0,10.0,25.0,1047.0,MSIIIa,Municipal,Primario
110387,2025.0,1.0,102.0,1230.0,MSIIIa,Municipal,Primario
110387,2025.0,2.0,80.0,1230.0,MSIIIa,Municipal,Primario
110387,2025.0,3.0,66.0,1230.0,MSIIIa,Municipal,Primario
110387,2025.0,4.0,82.0,1230.0,MSIIIa,Municipal,Primario
110387,2025.0,5.0,72.0,1230.0,MSIIIa,Municipal,Primario
110387,2025.0,6.0,68.0,1230.0,MSIIIa,Municipal,Primario
110387,2025.0,7.0,68.0,1230.0,MSIIIa,Municipal,Primario
110387,2025.0,8.0,96.0,1230.0,MSIIIa,Municipal,Primario
110387,2025.0,9.0,68.0,1230.0,MSIIIa,Municipal,Primario
110387,2025.0,10.0,54.0,1230.0,MSIIIa,Municipal,Primario
110390,2025.0,1.0,398.0,4528.0,MSIIIa,Municipal,Primario
110390,2025.0,2.0,366.0,4528.0,MSIIIa,Municipal,Primario
110390,2025.0,3.0,370.0,4528.0,MSIIIa,Municipal,Primario
110390,2025.0,4.0,222.0,4528.0,MSIIIa,Municipal,Primario
110390,2025.0,5.0,246.0,4528.0,MSIIIa,Municipal,Primario
110390,2025.0,6.0,222.0,4528.0,MSIIIa,Municipal,Primario
110390,2025.0,7.0,294.0,4528.0,MSIIIa,Municipal,Primario
110390,2025.0,8.0,300.0,4528.0,MSIIIa,Municipal,Primario
110390,2025.0,9.0,308.0,4528.0,MSIIIa,Municipal,Primario
110390,2025.0,10.0,129.0,4528.0,MSIIIa,Municipal,Primario
110393,2025.0,1.0,40.0,563.0,MSIIIa,Municipal,Primario
110393,2025.0,2.0,26.0,563.0,MSIIIa,Municipal,Primario
110393,2025.0,3.0,52.0,563.0,MSIIIa,Municipal,Primario
110393,2025.0,4.0,32.0,563.0,MSIIIa,Municipal,Primario
110393,2025.0,5.0,36.0,563.0,MSIIIa,Municipal,Primario
110393,2025.0,6.0,30.0,563.0,MSIIIa,Municipal,Primario
110393,2025.0,7.0,76.0,563.0,MSIIIa,Municipal,Primario
110393,2025.0,8.0,52.0,563.0,MSIIIa,Municipal,Primario
110393,2025.0,9.0,72.0,563.0,MSIIIa,Municipal,Primario
110393,2025.0,10.0,27.0,563.0,MSIIIa,Municipal,Primario
110400,2025.0,1.0,14.0,88.0,MSIIIa,Municipal,Primario
110400,2025.0,2.0,6.0,88.0,MSIIIa,Municipal,Primario
110400,2025.0,3.0,0.0,88.0,MSIIIa,Municipal,Primario
110400,2025.0,4.0,6.0,88.0,MSIIIa,Municipal,Primario
110400,2025.0,5.0,12.0,88.0,MSIIIa,Municipal,Primario
110400,2025.0,6.0,38.0,88.0,MSIIIa,Municipal,Primario
110400,2025.0,7.0,44.0,88.0,MSIIIa,Municipal,Primario
110400,2025.0,8.0,46.0,88.0,MSIIIa,Municipal,Primario
110400,2025.0,9.0,24.0,88.0,MSIIIa,Municipal,Primario
110400,2025.0,10.0,14.0,88.0,MSIIIa,Municipal,Primario
110410,2025.0,1.0,50.0,95.0,MSIIIa,Municipal,Primario
110410,2025.0,2.0,4.0,95.0,MSIIIa,Municipal,Primario
110410,2025.0,3.0,38.0,95.0,MSIIIa,Municipal,Primario
110410,2025.0,4.0,48.0,95.0,MSIIIa,Municipal,Primario
110410,2025.0,5.0,36.0,95.0,MSIIIa,Municipal,Primario
110410,2025.0,6.0,6.0,95.0,MSIIIa,Municipal,Primario
110410,2025.0,8.0,64.0,95.0,MSIIIa,Municipal,Primario
110410,2025.0,9.0,34.0,95.0,MSIIIa,Municipal,Primario
110410,2025.0,10.0,28.0,95.0,MSIIIa,Municipal,Primario
110425,2025.0,1.0,116.0,1127.0,MSIIIa,Municipal,Primario
110425,2025.0,2.0,28.0,1127.0,MSIIIa,Municipal,Primario
110425,2025.0,3.0,104.0,1127.0,MSIIIa,Municipal,Primario
110425,2025.0,4.0,100.0,1127.0,MSIIIa,Municipal,Primario
110425,2025.0,5.0,106.0,1127.0,MSIIIa,Municipal,Primario
110425,2025.0,6.0,72.0,1127.0,MSIIIa,Municipal,Primario
110425,2025.0,7.0,98.0,1127.0,MSIIIa,Municipal,Primario
110425,2025.0,8.0,56.0,1127.0,MSIIIa,Municipal,Primario
110425,2025.0,9.0,72.0,1127.0,MSIIIa,Municipal,Primario
110425,2025.0,10.0,35.0,1127.0,MSIIIa,Municipal,Primario
110430,2025.0,1.0,12.0,142.0,MSIIIa,Municipal,Primario
110430,2025.0,2.0,8.0,142.0,MSIIIa,Municipal,Primario
110430,2025.0,3.0,12.0,142.0,MSIIIa,Municipal,Primario
110430,2025.0,4.0,32.0,142.0,MSIIIa,Municipal,Primario
110430,2025.0,5.0,12.0,142.0,MSIIIa,Municipal,Primario
110430,2025.0,6.0,30.0,142.0,MSIIIa,Municipal,Primario
110430,2025.0,7.0,44.0,142.0,MSIIIa,Municipal,Primario
110430,2025.0,8.0,4.0,142.0,MSIIIa,Municipal,Primario
110430,2025.0,9.0,22.0,142.0,MSIIIa,Municipal,Primario
110430,2025.0,10.0,4.0,142.0,MSIIIa,Municipal,Primario
110431,2025.0,1.0,18.0,164.0,MSIIIa,Municipal,Primario
110431,2025.0,2.0,20.0,164.0,MSIIIa,Municipal,Primario
110431,2025.0,3.0,16.0,164.0,MSIIIa,Municipal,Primario
110431,2025.0,4.0,20.0,164.0,MSIIIa,Municipal,Primario
110431,2025.0,5.0,14.0,164.0,MSIIIa,Municipal,Primario
110431,2025.0,6.0,14.0,164.0,MSIIIa,Municipal,Primario
110431,2025.0,7.0,18.0,164.0,MSIIIa,Municipal,Primario
110431,2025.0,8.0,4.0,164.0,MSIIIa,Municipal,Primario
110431,2025.0,9.0,12.0,164.0,MSIIIa,Municipal,Primario
110431,2025.0,10.0,13.0,164.0,MSIIIa,Municipal,Primario
110432,2025.0,1.0,10.0,116.0,MSIIIa,Municipal,Primario
110432,2025.0,2.0,26.0,116.0,MSIIIa,Municipal,Primario
110432,2025.0,3.0,20.0,116.0,MSIIIa,Municipal,Primario
110432,2025.0,4.0,22.0,116.0,MSIIIa,Municipal,Primario
110432,2025.0,5.0,8.0,116.0,MSIIIa,Municipal,Primario
110432,2025.0,6.0,18.0,116.0,MSIIIa,Municipal,Primario
110432,2025.0,7.0,12.0,116.0,MSIIIa,Municipal,Primario
110432,2025.0,8.0,24.0,116.0,MSIIIa,Municipal,Primario
110432,2025.0,9.0,14.0,116.0,MSIIIa,Municipal,Primario
110432,2025.0,10.0,8.0,116.0,MSIIIa,Municipal,Primario
110440,2025.0,1.0,8.0,913.0,MSIIIa,Municipal,Primario
110440,2025.0,2.0,12.0,913.0,MSIIIa,Municipal,Primario
110440,2025.0,4.0,120.0,913.0,MSIIIa,Municipal,Primario
110440,2025.0,5.0,106.0,913.0,MSIIIa,Municipal,Primario
110440,2025.0,6.0,100.0,913.0,MSIIIa,Municipal,Primario
110440,2025.0,7.0,102.0,913.0,MSIIIa,Municipal,Primario
110440,2025.0,8.0,82.0,913.0,MSIIIa,Municipal,Primario
110440,2025.0,9.0,102.0,913.0,MSIIIa,Municipal,Primario
110440,2025.0,10.0,27.0,913.0,MSIIIa,Municipal,Primario
110445,2025.0,1.0,48.0,498.0,MSIIIa,Municipal,Primario
110445,2025.0,2.0,26.0,498.0,MSIIIa,Municipal,Primario
110445,2025.0,3.0,60.0,498.0,MSIIIa,Municipal,Primario
110445,2025.0,4.0,52.0,498.0,MSIIIa,Municipal,Primario
110445,2025.0,5.0,22.0,498.0,MSIIIa,Municipal,Primario
110445,2025.0,6.0,56.0,498.0,MSIIIa,Municipal,Primario
110445,2025.0,7.0,48.0,498.0,MSIIIa,Municipal,Primario
110445,2025.0,8.0,46.0,498.0,MSIIIa,Municipal,Primario
110445,2025.0,9.0,46.0,498.0,MSIIIa,Municipal,Primario
110445,2025.0,10.0,9.0,498.0,MSIIIa,Municipal,Primario
110455,,,,293.0,MSIIIa,Municipal,Primario
110465,2025.0,1.0,90.0,207.0,MSIIIa,Municipal,Primario
110465,2025.0,2.0,60.0,207.0,MSIIIa,Municipal,Primario
110465,2025.0,3.0,50.0,207.0,MSIIIa,Municipal,Primario
110465,2025.0,4.0,22.0,207.0,MSIIIa,Municipal,Primario
110465,2025.0,5.0,36.0,207.0,MSIIIa,Municipal,Primario
110465,2025.0,6.0,28.0,207.0,MSIIIa,Municipal,Primario
110465,2025.0,7.0,22.0,207.0,MSIIIa,Municipal,Primario
110465,2025.0,8.0,26.0,207.0,MSIIIa,Municipal,Primario
110465,2025.0,9.0,20.0,207.0,MSIIIa,Municipal,Primario
110465,2025.0,10.0,14.0,207.0,MSIIIa,Municipal,Primario
110470,2025.0,1.0,16.0,116.0,MSIIIa,Municipal,Primario
110470,2025.0,2.0,6.0,116.0,MSIIIa,Municipal,Primario
110470,2025.0,3.0,12.0,116.0,MSIIIa,Municipal,Primario
110470,2025.0,4.0,14.0,116.0,MSIIIa,Municipal,Primario
110470,2025.0,5.0,12.0,116.0,MSIIIa,Municipal,Primario
110470,2025.0,6.0,14.0,116.0,MSIIIa,Municipal,Primario
110470,2025.0,7.0,18.0,116.0,MSIIIa,Municipal,Primario
110470,2025.0,8.0,6.0,116.0,MSIIIa,Municipal,Primario
110470,2025.0,9.0,4.0,116.0,MSIIIa,Municipal,Primario
110470,2025.0,10.0,6.0,116.0,MSIIIa,Municipal,Primario
110475,2025.0,1.0,66.0,355.0,MSIIIa,Municipal,Primario
110475,2025.0,2.0,50.0,355.0,MSIIIa,Municipal,Primario
110475,2025.0,3.0,40.0,355.0,MSIIIa,Municipal,Primario
110475,2025.0,4.0,26.0,355.0,MSIIIa,Municipal,Primario
110475,2025.0,5.0,28.0,355.0,MSIIIa,Municipal,Primario
110475,2025.0,6.0,42.0,355.0,MSIIIa,Municipal,Primario
110475,2025.0,7.0,10.0,355.0,MSIIIa,Municipal,Primario
110475,2025.0,8.0,34.0,355.0,MSIIIa,Municipal,Primario
110475,2025.0,9.0,30.0,355.0,MSIIIa,Municipal,Primario
110475,2025.0,10.0,13.0,355.0,MSIIIa,Municipal,Primario
110477,2025.0,1.0,56.0,165.0,MSIIIa,Servicio de Salud,Primario
110477,2025.0,2.0,42.0,165.0,MSIIIa,Servicio de Salud,Primario
110477,2025.0,3.0,54.0,165.0,MSIIIa,Servicio de Salud,Primario
110477,2025.0,4.0,60.0,165.0,MSIIIa,Servicio de Salud,Primario
110477,2025.0,5.0,52.0,165.0,MSIIIa,Servicio de Salud,Primario
110477,2025.0,6.0,66.0,165.0,MSIIIa,Servicio de Salud,Primario
110477,2025.0,7.0,70.0,165.0,MSIIIa,Servicio de Salud,Primario
110477,2025.0,8.0,60.0,165.0,MSIIIa,Servicio de Salud,Primario
110477,2025.0,9.0,76.0,165.0,MSIIIa,Servicio de Salud,Primario
110477,2025.0,10.0,29.0,165.0,MSIIIa,Servicio de Salud,Primario
110485,2025.0,1.0,32.0,261.0,MSIIIa,Municipal,Primario
110485,2025.0,2.0,36.0,261.0,MSIIIa,Municipal,Primario
110485,2025.0,3.0,34.0,261.0,MSIIIa,Municipal,Primario
110485,2025.0,4.0,20.0,261.0,MSIIIa,Municipal,Primario
110485,2025.0,5.0,32.0,261.0,MSIIIa,Municipal,Primario
110485,2025.0,6.0,22.0,261.0,MSIIIa,Municipal,Primario
110485,2025.0,7.0,38.0,261.0,MSIIIa,Municipal,Primario
110485,2025.0,8.0,14.0,261.0,MSIIIa,Municipal,Primario
110485,2025.0,9.0,24.0,261.0,MSIIIa,Municipal,Primario
110485,2025.0,10.0,14.0,261.0,MSIIIa,Municipal,Primario
110490,,,,80.0,MSIIIa,Municipal,Primario
110492,,,,85.0,MSIIIa,Municipal,Primario
110495,2025.0,1.0,66.0,295.0,MSIIIa,Municipal,Primario
110495,2025.0,2.0,24.0,295.0,MSIIIa,Municipal,Primario
110495,2025.0,3.0,12.0,295.0,MSIIIa,Municipal,Primario
110495,2025.0,4.0,50.0,295.0,MSIIIa,Municipal,Primario
110495,2025.0,5.0,14.0,295.0,MSIIIa,Municipal,Primario
110495,2025.0,6.0,20.0,295.0,MSIIIa,Municipal,Primario
110495,2025.0,7.0,46.0,295.0,MSIIIa,Municipal,Primario
110495,2025.0,8.0,24.0,295.0,MSIIIa,Municipal,Primario
110495,2025.0,9.0,28.0,295.0,MSIIIa,Municipal,Primario
110495,2025.0,10.0,19.0,295.0,MSIIIa,Municipal,Primario
110503,2025.0,1.0,64.0,311.0,MSIIIa,Municipal,Primario
110503,2025.0,2.0,40.0,311.0,MSIIIa,Municipal,Primario
110503,2025.0,3.0,38.0,311.0,MSIIIa,Municipal,Primario
110503,2025.0,4.0,28.0,311.0,MSIIIa,Municipal,Primario
110503,2025.0,5.0,28.0,311.0,MSIIIa,Municipal,Primario
110503,2025.0,6.0,34.0,311.0,MSIIIa,Municipal,Primario
110503,2025.0,8.0,40.0,311.0,MSIIIa,Municipal,Primario
110503,2025.0,9.0,102.0,311.0,MSIIIa,Municipal,Primario
110503,2025.0,10.0,27.0,311.0,MSIIIa,Municipal,Primario
110505,2025.0,5.0,4.0,5.0,MSIIIa,Municipal,Primario
110505,2025.0,6.0,2.0,5.0,MSIIIa,Municipal,Primario
110505,2025.0,7.0,4.0,5.0,MSIIIa,Municipal,Primario
110505,2025.0,8.0,4.0,5.0,MSIIIa,Municipal,Primario
110505,2025.0,10.0,0.0,5.0,MSIIIa,Municipal,Primario
110510,2025.0,2.0,2.0,9.0,MSIIIa,Municipal,Primario
110510,2025.0,5.0,0.0,9.0,MSIIIa,Municipal,Primario
110510,2025.0,6.0,2.0,9.0,MSIIIa,Municipal,Primario
110510,2025.0,7.0,4.0,9.0,MSIIIa,Municipal,Primario
110510,2025.0,8.0,6.0,9.0,MSIIIa,Municipal,Primario
110510,2025.0,9.0,2.0,9.0,MSIIIa,Municipal,Primario
110510,2025.0,10.0,2.0,9.0,MSIIIa,Municipal,Primario
110515,,,,1.0,MSIIIa,,
110601,,,,1.0,MSIIIa,Privado,Secundario
110720,2025.0,1.0,50.0,2.0,MSIIIa,Municipal,Primario
110720,2025.0,2.0,30.0,2.0,MSIIIa,Municipal,Primario
110720,2025.0,3.0,44.0,2.0,MSIIIa,Municipal,Primario
110720,2025.0,4.0,54.0,2.0,MSIIIa,Municipal,Primario
110720,2025.0,5.0,18.0,2.0,MSIIIa,Municipal,Primario
110720,2025.0,6.0,20.0,2.0,MSIIIa,Municipal,Primario
110720,2025.0,7.0,24.0,2.0,MSIIIa,Municipal,Primario
110720,2025.0,8.0,34.0,2.0,MSIIIa,Municipal,Primario
110720,2025.0,9.0,10.0,2.0,MSIIIa,Municipal,Primario
110720,2025.0,10.0,14.0,2.0,MSIIIa,Municipal,Primario
110725,2025.0,1.0,46.0,1.0,MSIIIa,Municipal,Primario
110725,2025.0,3.0,28.0,1.0,MSIIIa,Municipal,Primario
110725,2025.0,4.0,16.0,1.0,MSIIIa,Municipal,Primario
110725,2025.0,5.0,28.0,1.0,MSIIIa,Municipal,Primario
110725,2025.0,6.0,52.0,1.0,MSIIIa,Municipal,Primario
110725,2025.0,7.0,28.0,1.0,MSIIIa,Municipal,Primario
110725,2025.0,8.0,18.0,1.0,MSIIIa,Municipal,Primario
110725,2025.0,9.0,28.0,1.0,MSIIIa,Municipal,Primario
110725,2025.0,10.0,16.0,1.0,MSIIIa,Municipal,Primario
110735,2025.0,1.0,6.0,14.0,MSIIIa,Municipal,Primario
110735,2025.0,2.0,54.0,14.0,MSIIIa,Municipal,Primario
110735,2025.0,3.0,28.0,14.0,MSIIIa,Municipal,Primario
110735,2025.0,4.0,28.0,14.0,MSIIIa,Municipal,Primario
110735,2025.0,5.0,24.0,14.0,MSIIIa,Municipal,Primario
110735,2025.0,6.0,32.0,14.0,MSIIIa,Municipal,Primario
110735,2025.0,7.0,30.0,14.0,MSIIIa,Municipal,Primario
110735,2025.0,8.0,12.0,14.0,MSIIIa,Municipal,Primario
110735,2025.0,9.0,14.0,14.0,MSIIIa,Municipal,Primario
110735,2025.0,10.0,4.0,14.0,MSIIIa,Municipal,Primario
110750,2025.0,1.0,18.0,36.0,MSIIIa,Municipal,Primario
110750,2025.0,2.0,8.0,36.0,MSIIIa,Municipal,Primario
110750,2025.0,3.0,12.0,36.0,MSIIIa,Municipal,Primario
110750,2025.0,4.0,20.0,36.0,MSIIIa,Municipal,Primario
110750,2025.0,5.0,6.0,36.0,MSIIIa,Municipal,Primario
110750,2025.0,6.0,20.0,36.0,MSIIIa,Municipal,Primario
110750,2025.0,7.0,16.0,36.0,MSIIIa,Municipal,Primario
110750,2025.0,8.0,10.0,36.0,MSIIIa,Municipal,Primario
110750,2025.0,9.0,20.0,36.0,MSIIIa,Municipal,Primario
110750,2025.0,10.0,1.0,36.0,MSIIIa,Municipal,Primario
110752,2025.0,1.0,74.0,132.0,MSIIIa,Municipal,Primario
110752,2025.0,2.0,54.0,132.0,MSIIIa,Municipal,Primario
110752,2025.0,3.0,58.0,132.0,MSIIIa,Municipal,Primario
110752,2025.0,4.0,42.0,132.0,MSIIIa,Municipal,Primario
110752,2025.0,5.0,62.0,132.0,MSIIIa,Municipal,Primario
110752,2025.0,6.0,48.0,132.0,MSIIIa,Municipal,Primario
110752,2025.0,7.0,72.0,132.0,MSIIIa,Municipal,Primario
110752,2025.0,8.0,48.0,132.0,MSIIIa,Municipal,Primario
110752,2025.0,9.0,42.0,132.0,MSIIIa,Municipal,Primario
110752,2025.0,10.0,27.0,132.0,MSIIIa,Municipal,Primario
110754,2025.0,1.0,20.0,87.0,MSIIIa,Municipal,Primario
110754,2025.0,2.0,26.0,87.0,MSIIIa,Municipal,Primario
110754,2025.0,3.0,24.0,87.0,MSIIIa,Municipal,Primario
110754,2025.0,4.0,16.0,87.0,MSIIIa,Municipal,Primario
110754,2025.0,5.0,6.0,87.0,MSIIIa,Municipal,Primario
110754,2025.0,6.0,18.0,87.0,MSIIIa,Municipal,Primario
110754,2025.0,7.0,34.0,87.0,MSIIIa,Municipal,Primario
110754,2025.0,8.0,18.0,87.0,MSIIIa,Municipal,Primario
110754,2025.0,9.0,24.0,87.0,MSIIIa,Municipal,Primario
110754,2025.0,10.0,8.0,87.0,MSIIIa,Municipal,Primario
110756,2025.0,1.0,30.0,85.0,MSIIIa,Municipal,Primario
110756,2025.0,2.0,14.0,85.0,MSIIIa,Municipal,Primario
110756,2025.0,3.0,6.0,85.0,MSIIIa,Municipal,Primario
110756,2025.0,4.0,16.0,85.0,MSIIIa,Municipal,Primario
110756,2025.0,5.0,36.0,85.0,MSIIIa,Municipal,Primario
110756,2025.0,6.0,12.0,85.0,MSIIIa,Municipal,Primario
110756,2025.0,7.0,30.0,85.0,MSIIIa,Municipal,Primario
110756,2025.0,8.0,10.0,85.0,MSIIIa,Municipal,Primario
110756,2025.0,9.0,22.0,85.0,MSIIIa,Municipal,Primario
110756,2025.0,10.0,5.0,85.0,MSIIIa,Municipal,Primario
110758,2025.0,1.0,26.0,49.0,MSIIIa,Municipal,Primario
110758,2025.0,2.0,46.0,49.0,MSIIIa,Municipal,Primario
110758,2025.0,3.0,38.0,49.0,MSIIIa,Municipal,Primario
110758,2025.0,4.0,34.0,49.0,MSIIIa,Municipal,Primario
110758,2025.0,5.0,26.0,49.0,MSIIIa,Municipal,Primario
110758,2025.0,6.0,26.0,49.0,MSIIIa,Municipal,Primario
110758,2025.0,7.0,22.0,49.0,MSIIIa,Municipal,Primario
110758,2025.0,8.0,30.0,49.0,MSIIIa,Municipal,Primario
110758,2025.0,9.0,26.0,49.0,MSIIIa,Municipal,Primario
110758,2025.0,10.0,8.0,49.0,MSIIIa,Municipal,Primario
110760,2025.0,1.0,32.0,343.0,MSIIIa,Servicio de Salud,Primario
110760,2025.0,2.0,54.0,343.0,MSIIIa,Servicio de Salud,Primario
110760,2025.0,3.0,44.0,343.0,MSIIIa,Servicio de Salud,Primario
110760,2025.0,4.0,38.0,343.0,MSIIIa,Servicio de Salud,Primario
110760,2025.0,5.0,40.0,343.0,MSIIIa,Servicio de Salud,Primario
110760,2025.0,6.0,28.0,343.0,MSIIIa,Servicio de Salud,Primario
110760,2025.0,7.0,32.0,343.0,MSIIIa,Servicio de Salud,Primario
110760,2025.0,8.0,40.0,343.0,MSIIIa,Servicio de Salud,Primario
110760,2025.0,9.0,40.0,343.0,MSIIIa,Servicio de Salud,Primario
110760,2025.0,10.0,20.0,343.0,MSIIIa,Servicio de Salud,Primario
110775,2025.0,1.0,56.0,313.0,MSIIIa,Municipal,Primario
110775,2025.0,2.0,32.0,313.0,MSIIIa,Municipal,Primario
110775,2025.0,3.0,28.0,313.0,MSIIIa,Municipal,Primario
110775,2025.0,4.0,26.0,313.0,MSIIIa,Municipal,Primario
110775,2025.0,5.0,36.0,313.0,MSIIIa,Municipal,Primario
110775,2025.0,6.0,36.0,313.0,MSIIIa,Municipal,Primario
110775,2025.0,7.0,40.0,313.0,MSIIIa,Municipal,Primario
110775,2025.0,8.0,24.0,313.0,MSIIIa,Municipal,Primario
110775,2025.0,9.0,32.0,313.0,MSIIIa,Municipal,Primario
110775,2025.0,10.0,16.0,313.0,MSIIIa,Municipal,Primario
110778,2025.0,1.0,84.0,855.0,MSIIIa,Municipal,Primario
110778,2025.0,2.0,20.0,855.0,MSIIIa,Municipal,Primario
110778,2025.0,3.0,80.0,855.0,MSIIIa,Municipal,Primario
110778,2025.0,4.0,72.0,855.0,MSIIIa,Municipal,Primario
110778,2025.0,5.0,52.0,855.0,MSIIIa,Municipal,Primario
110778,2025.0,6.0,46.0,855.0,MSIIIa,Municipal,Primario
110778,2025.0,7.0,42.0,855.0,MSIIIa,Municipal,Primario
110778,2025.0,8.0,44.0,855.0,MSIIIa,Municipal,Primario
110778,2025.0,9.0,14.0,855.0,MSIIIa,Municipal,Primario
110778,2025.0,10.0,6.0,855.0,MSIIIa,Municipal,Primario
110781,2025.0,1.0,44.0,489.0,MSIIIa,Municipal,Primario
110781,2025.0,2.0,42.0,489.0,MSIIIa,Municipal,Primario
110781,2025.0,3.0,42.0,489.0,MSIIIa,Municipal,Primario
110781,2025.0,4.0,52.0,489.0,MSIIIa,Municipal,Primario
110781,2025.0,5.0,30.0,489.0,MSIIIa,Municipal,Primario
110781,2025.0,6.0,36.0,489.0,MSIIIa,Municipal,Primario
110781,2025.0,7.0,40.0,489.0,MSIIIa,Municipal,Primario
110781,2025.0,9.0,48.0,489.0,MSIIIa,Municipal,Primario
110781,2025.0,10.0,19.0,489.0,MSIIIa,Municipal,Primario
110783,2025.0,1.0,6.0,166.0,MSIIIa,Municipal,Primario
110783,2025.0,2.0,26.0,166.0,MSIIIa,Municipal,Primario
110783,2025.0,3.0,20.0,166.0,MSIIIa,Municipal,Primario
110783,2025.0,4.0,10.0,166.0,MSIIIa,Municipal,Primario
110783,2025.0,5.0,12.0,166.0,MSIIIa,Municipal,Primario
110783,2025.0,6.0,8.0,166.0,MSIIIa,Municipal,Primario
110783,2025.0,7.0,8.0,166.0,MSIIIa,Municipal,Primario
110783,2025.0,8.0,18.0,166.0,MSIIIa,Municipal,Primario
110783,2025.0,9.0,16.0,166.0,MSIIIa,Municipal,Primario
110783,2025.0,10.0,17.0,166.0,MSIIIa,Municipal,Primario
111300,2025.0,1.0,486.0,6421.0,MSIIIa,Servicio de Salud,Primario
111300,2025.0,2.0,516.0,6421.0,MSIIIa,Servicio de Salud,Primario
111300,2025.0,3.0,418.0,6421.0,MSIIIa,Servicio de Salud,Primario
111300,2025.0,4.0,510.0,6421.0,MSIIIa,Servicio de Salud,Primario
111300,2025.0,5.0,452.0,6421.0,MSIIIa,Servicio de Salud,Primario
111300,2025.0,6.0,556.0,6421.0,MSIIIa,Servicio de Salud,Primario
111300,2025.0,7.0,544.0,6421.0,MSIIIa,Servicio de Salud,Primario
111300,2025.0,8.0,514.0,6421.0,MSIIIa,Servicio de Salud,Primario
111300,2025.0,9.0,416.0,6421.0,MSIIIa,Servicio de Salud,Primario
111300,2025.0,10.0,220.0,6421.0,MSIIIa,Servicio de Salud,Primario
111301,2025.0,1.0,238.0,2509.0,MSIIIa,Servicio de Salud,Primario
111301,2025.0,2.0,252.0,2509.0,MSIIIa,Servicio de Salud,Primario
111301,2025.0,3.0,252.0,2509.0,MSIIIa,Servicio de Salud,Primario
111301,2025.0,4.0,312.0,2509.0,MSIIIa,Servicio de Salud,Primario
111301,2025.0,5.0,322.0,2509.0,MSIIIa,Servicio de Salud,Primario
111301,2025.0,6.0,234.0,2509.0,MSIIIa,Servicio de Salud,Primario
111301,2025.0,7.0,234.0,2509.0,MSIIIa,Servicio de Salud,Primario
111301,2025.0,8.0,200.0,2509.0,MSIIIa,Servicio de Salud,Primario
111301,2025.0,9.0,194.0,2509.0,MSIIIa,Servicio de Salud,Primario
111301,2025.0,10.0,97.0,2509.0,MSIIIa,Servicio de Salud,Primario
111302,2025.0,1.0,432.0,2596.0,MSIIIa,Servicio de Salud,Primario
111302,2025.0,2.0,282.0,2596.0,MSIIIa,Servicio de Salud,Primario
111302,2025.0,3.0,322.0,2596.0,MSIIIa,Servicio de Salud,Primario
111302,2025.0,4.0,374.0,2596.0,MSIIIa,Servicio de Salud,Primario
111302,2025.0,5.0,324.0,2596.0,MSIIIa,Servicio de Salud,Primario
111302,2025.0,6.0,290.0,2596.0,MSIIIa,Servicio de Salud,Primario
111302,2025.0,7.0,268.0,2596.0,MSIIIa,Servicio de Salud,Primario
111302,2025.0,8.0,292.0,2596.0,MSIIIa,Servicio de Salud,Primario
111302,2025.0,9.0,136.0,2596.0,MSIIIa,Servicio de Salud,Primario
111302,2025.0,10.0,134.0,2596.0,MSIIIa,Servicio de Salud,Primario
111303,2025.0,1.0,288.0,2299.0,MSIIIa,Municipal,Primario
111303,2025.0,2.0,194.0,2299.0,MSIIIa,Municipal,Primario
111303,2025.0,3.0,226.0,2299.0,MSIIIa,Municipal,Primario
111303,2025.0,4.0,202.0,2299.0,MSIIIa,Municipal,Primario
111303,2025.0,5.0,148.0,2299.0,MSIIIa,Municipal,Primario
111303,2025.0,6.0,148.0,2299.0,MSIIIa,Municipal,Primario
111303,2025.0,7.0,170.0,2299.0,MSIIIa,Municipal,Primario
111303,2025.0,8.0,106.0,2299.0,MSIIIa,Municipal,Primario
111303,2025.0,9.0,114.0,2299.0,MSIIIa,Municipal,Primario
111303,2025.0,10.0,67.0,2299.0,MSIIIa,Municipal,Primario
111304,2025.0,1.0,594.0,2779.0,MSIIIa,Servicio de Salud,Primario
111304,2025.0,2.0,208.0,2779.0,MSIIIa,Servicio de Salud,Primario
111304,2025.0,3.0,432.0,2779.0,MSIIIa,Servicio de Salud,Primario
111304,2025.0,4.0,344.0,2779.0,MSIIIa,Servicio de Salud,Primario
111304,2025.0,5.0,300.0,2779.0,MSIIIa,Servicio de Salud,Primario
111304,2025.0,6.0,254.0,2779.0,MSIIIa,Servicio de Salud,Primario
111304,2025.0,7.0,266.0,2779.0,MSIIIa,Servicio de Salud,Primario
111304,2025.0,8.0,276.0,2779.0,MSIIIa,Servicio de Salud,Primario
111304,2025.0,9.0,228.0,2779.0,MSIIIa,Servicio de Salud,Primario
111304,2025.0,10.0,88.0,2779.0,MSIIIa,Servicio de Salud,Primario
111305,2025.0,1.0,450.0,3203.0,MSIIIa,Servicio de Salud,Primario
111305,2025.0,2.0,262.0,3203.0,MSIIIa,Servicio de Salud,Primario
111305,2025.0,3.0,326.0,3203.0,MSIIIa,Servicio de Salud,Primario
111305,2025.0,4.0,364.0,3203.0,MSIIIa,Servicio de Salud,Primario
111305,2025.0,5.0,248.0,3203.0,MSIIIa,Servicio de Salud,Primario
111305,2025.0,6.0,268.0,3203.0,MSIIIa,Servicio de Salud,Primario
111305,2025.0,7.0,398.0,3203.0,MSIIIa,Servicio de Salud,Primario
111305,2025.0,8.0,228.0,3203.0,MSIIIa,Servicio de Salud,Primario
111305,2025.0,9.0,254.0,3203.0,MSIIIa,Servicio de Salud,Primario
111305,2025.0,10.0,174.0,3203.0,MSIIIa,Servicio de Salud,Primario
111306,2025.0,1.0,406.0,2835.0,MSIIIa,Servicio de Salud,Primario
111306,2025.0,2.0,230.0,2835.0,MSIIIa,Servicio de Salud,Primario
111306,2025.0,3.0,394.0,2835.0,MSIIIa,Servicio de Salud,Primario
111306,2025.0,4.0,274.0,2835.0,MSIIIa,Servicio de Salud,Primario
111306,2025.0,5.0,234.0,2835.0,MSIIIa,Servicio de Salud,Primario
111306,2025.0,6.0,262.0,2835.0,MSIIIa,Servicio de Salud,Primario
111306,2025.0,7.0,256.0,2835.0,MSIIIa,Servicio de Salud,Primario
111306,2025.0,8.0,154.0,2835.0,MSIIIa,Servicio de Salud,Primario
111306,2025.0,9.0,160.0,2835.0,MSIIIa,Servicio de Salud,Primario
111306,2025.0,10.0,140.0,2835.0,MSIIIa,Servicio de Salud,Primario
111307,2025.0,1.0,318.0,1732.0,MSIIIa,Servicio de Salud,Primario
111307,2025.0,2.0,180.0,1732.0,MSIIIa,Servicio de Salud,Primario
111307,2025.0,3.0,356.0,1732.0,MSIIIa,Servicio de Salud,Primario
111307,2025.0,4.0,296.0,1732.0,MSIIIa,Servicio de Salud,Primario
111307,2025.0,5.0,188.0,1732.0,MSIIIa,Servicio de Salud,Primario
111307,2025.0,6.0,228.0,1732.0,MSIIIa,Servicio de Salud,Primario
111307,2025.0,7.0,190.0,1732.0,MSIIIa,Servicio de Salud,Primario
111307,2025.0,8.0,216.0,1732.0,MSIIIa,Servicio de Salud,Primario
111307,2025.0,9.0,156.0,1732.0,MSIIIa,Servicio de Salud,Primario
111307,2025.0,10.0,90.0,1732.0,MSIIIa,Servicio de Salud,Primario
111308,2025.0,1.0,356.0,2147.0,MSIIIa,Servicio de Salud,Primario
111308,2025.0,2.0,250.0,2147.0,MSIIIa,Servicio de Salud,Primario
111308,2025.0,3.0,220.0,2147.0,MSIIIa,Servicio de Salud,Primario
111308,2025.0,4.0,326.0,2147.0,MSIIIa,Servicio de Salud,Primario
111308,2025.0,5.0,208.0,2147.0,MSIIIa,Servicio de Salud,Primario
111308,2025.0,6.0,134.0,2147.0,MSIIIa,Servicio de Salud,Primario
111308,2025.0,7.0,128.0,2147.0,MSIIIa,Servicio de Salud,Primario
111308,2025.0,8.0,164.0,2147.0,MSIIIa,Servicio de Salud,Primario
111308,2025.0,9.0,156.0,2147.0,MSIIIa,Servicio de Salud,Primario
111308,2025.0,10.0,113.0,2147.0,MSIIIa,Servicio de Salud,Primario
111309,2025.0,1.0,356.0,1990.0,MSIIIa,Servicio de Salud,Primario
111309,2025.0,2.0,230.0,1990.0,MSIIIa,Servicio de Salud,Primario
111309,2025.0,3.0,430.0,1990.0,MSIIIa,Servicio de Salud,Primario
111309,2025.0,4.0,412.0,1990.0,MSIIIa,Servicio de Salud,Primario
111309,2025.0,5.0,338.0,1990.0,MSIIIa,Servicio de Salud,Primario
111309,2025.0,6.0,304.0,1990.0,MSIIIa,Servicio de Salud,Primario
111309,2025.0,7.0,222.0,1990.0,MSIIIa,Servicio de Salud,Primario
111309,2025.0,8.0,210.0,1990.0,MSIIIa,Servicio de Salud,Primario
111309,2025.0,9.0,108.0,1990.0,MSIIIa,Servicio de Salud,Primario
111309,2025.0,10.0,88.0,1990.0,MSIIIa,Servicio de Salud,Primario
111310,2025.0,1.0,838.0,9380.0,MSIIIa,Servicio de Salud,Primario
111310,2025.0,2.0,880.0,9380.0,MSIIIa,Servicio de Salud,Primario
111310,2025.0,3.0,846.0,9380.0,MSIIIa,Servicio de Salud,Primario
111310,2025.0,4.0,822.0,9380.0,MSIIIa,Servicio de Salud,Primario
111310,2025.0,5.0,792.0,9380.0,MSIIIa,Servicio de Salud,Primario
111310,2025.0,6.0,830.0,9380.0,MSIIIa,Servicio de Salud,Primario
111310,2025.0,7.0,796.0,9380.0,MSIIIa,Servicio de Salud,Primario
111310,2025.0,8.0,834.0,9380.0,MSIIIa,Servicio de Salud,Primario
111310,2025.0,9.0,716.0,9380.0,MSIIIa,Servicio de Salud,Primario
111310,2025.0,10.0,321.0,9380.0,MSIIIa,Servicio de Salud,Primario
111351,,,,51.0,MSIIIa,Servicio de Salud,Secundario
111370,2025.0,1.0,500.0,5847.0,MSIIIa,Municipal,Primario
111370,2025.0,2.0,362.0,5847.0,MSIIIa,Municipal,Primario
111370,2025.0,3.0,240.0,5847.0,MSIIIa,Municipal,Primario
111370,2025.0,4.0,414.0,5847.0,MSIIIa,Municipal,Primario
111370,2025.0,5.0,772.0,5847.0,MSIIIa,Municipal,Primario
111370,2025.0,6.0,472.0,5847.0,MSIIIa,Municipal,Primario
111370,2025.0,7.0,436.0,5847.0,MSIIIa,Municipal,Primario
111370,2025.0,8.0,400.0,5847.0,MSIIIa,Municipal,Primario
111370,2025.0,9.0,366.0,5847.0,MSIIIa,Municipal,Primario
111370,2025.0,10.0,176.0,5847.0,MSIIIa,Municipal,Primario
111372,2025.0,1.0,304.0,2390.0,MSIIIa,Municipal,Primario
111372,2025.0,2.0,112.0,2390.0,MSIIIa,Municipal,Primario
111372,2025.0,3.0,160.0,2390.0,MSIIIa,Municipal,Primario
111372,2025.0,4.0,224.0,2390.0,MSIIIa,Municipal,Primario
111372,2025.0,5.0,190.0,2390.0,MSIIIa,Municipal,Primario
111372,2025.0,6.0,234.0,2390.0,MSIIIa,Municipal,Primario
111372,2025.0,7.0,244.0,2390.0,MSIIIa,Municipal,Primario
111372,2025.0,8.0,190.0,2390.0,MSIIIa,Municipal,Primario
111372,2025.0,9.0,128.0,2390.0,MSIIIa,Municipal,Primario
111372,2025.0,10.0,120.0,2390.0,MSIIIa,Municipal,Primario
111376,2025.0,1.0,554.0,5051.0,MSIIIa,Municipal,Primario
111376,2025.0,2.0,440.0,5051.0,MSIIIa,Municipal,Primario
111376,2025.0,3.0,310.0,5051.0,MSIIIa,Municipal,Primario
111376,2025.0,4.0,470.0,5051.0,MSIIIa,Municipal,Primario
111376,2025.0,5.0,286.0,5051.0,MSIIIa,Municipal,Primario
111376,2025.0,6.0,342.0,5051.0,MSIIIa,Municipal,Primario
111376,2025.0,7.0,386.0,5051.0,MSIIIa,Municipal,Primario
111376,2025.0,8.0,370.0,5051.0,MSIIIa,Municipal,Primario
111376,2025.0,9.0,276.0,5051.0,MSIIIa,Municipal,Primario
111376,2025.0,10.0,221.0,5051.0,MSIIIa,Municipal,Primario
111378,2025.0,1.0,256.0,2365.0,MSIIIa,Municipal,Primario
111378,2025.0,2.0,268.0,2365.0,MSIIIa,Municipal,Primario
111378,2025.0,3.0,284.0,2365.0,MSIIIa,Municipal,Primario
111378,2025.0,4.0,416.0,2365.0,MSIIIa,Municipal,Primario
111378,2025.0,5.0,166.0,2365.0,MSIIIa,Municipal,Primario
111378,2025.0,6.0,184.0,2365.0,MSIIIa,Municipal,Primario
111378,2025.0,7.0,266.0,2365.0,MSIIIa,Municipal,Primario
111378,2025.0,8.0,202.0,2365.0,MSIIIa,Municipal,Primario
111378,2025.0,9.0,172.0,2365.0,MSIIIa,Municipal,Primario
111378,2025.0,10.0,80.0,2365.0,MSIIIa,Municipal,Primario
111379,2025.0,1.0,346.0,3140.0,MSIIIa,Municipal,Primario
111379,2025.0,2.0,408.0,3140.0,MSIIIa,Municipal,Primario
111379,2025.0,3.0,384.0,3140.0,MSIIIa,Municipal,Primario
111379,2025.0,4.0,394.0,3140.0,MSIIIa,Municipal,Primario
111379,2025.0,5.0,248.0,3140.0,MSIIIa,Municipal,Primario
111379,2025.0,6.0,236.0,3140.0,MSIIIa,Municipal,Primario
111379,2025.0,7.0,272.0,3140.0,MSIIIa,Municipal,Primario
111379,2025.0,8.0,162.0,3140.0,MSIIIa,Municipal,Primario
111379,2025.0,9.0,158.0,3140.0,MSIIIa,Municipal,Primario
111379,2025.0,10.0,91.0,3140.0,MSIIIa,Municipal,Primario
111380,2025.0,1.0,302.0,3698.0,MSIIIa,Municipal,Primario
111380,2025.0,2.0,286.0,3698.0,MSIIIa,Municipal,Primario
111380,2025.0,3.0,356.0,3698.0,MSIIIa,Municipal,Primario
111380,2025.0,4.0,282.0,3698.0,MSIIIa,Municipal,Primario
111380,2025.0,5.0,258.0,3698.0,MSIIIa,Municipal,Primario
111380,2025.0,6.0,214.0,3698.0,MSIIIa,Municipal,Primario
111380,2025.0,7.0,286.0,3698.0,MSIIIa,Municipal,Primario
111380,2025.0,8.0,226.0,3698.0,MSIIIa,Municipal,Primario
111380,2025.0,9.0,262.0,3698.0,MSIIIa,Municipal,Primario
111380,2025.0,10.0,102.0,3698.0,MSIIIa,Municipal,Primario
111381,2025.0,1.0,670.0,10594.0,MSIIIa,Municipal,Primario
111381,2025.0,2.0,668.0,10594.0,MSIIIa,Municipal,Primario
111381,2025.0,3.0,582.0,10594.0,MSIIIa,Municipal,Primario
111381,2025.0,4.0,620.0,10594.0,MSIIIa,Municipal,Primario
111381,2025.0,5.0,1016.0,10594.0,MSIIIa,Municipal,Primario
111381,2025.0,6.0,1228.0,10594.0,MSIIIa,Municipal,Primario
111381,2025.0,7.0,1368.0,10594.0,MSIIIa,Municipal,Primario
111381,2025.0,8.0,1038.0,10594.0,MSIIIa,Municipal,Primario
111381,2025.0,9.0,816.0,10594.0,MSIIIa,Municipal,Primario
111381,2025.0,10.0,456.0,10594.0,MSIIIa,Municipal,Primario
111382,2025.0,1.0,398.0,4141.0,MSIIIa,Municipal,Primario
111382,2025.0,2.0,386.0,4141.0,MSIIIa,Municipal,Primario
111382,2025.0,3.0,356.0,4141.0,MSIIIa,Municipal,Primario
111382,2025.0,4.0,286.0,4141.0,MSIIIa,Municipal,Primario
111382,2025.0,5.0,272.0,4141.0,MSIIIa,Municipal,Primario
111382,2025.0,6.0,258.0,4141.0,MSIIIa,Municipal,Primario
111382,2025.0,7.0,292.0,4141.0,MSIIIa,Municipal,Primario
111382,2025.0,8.0,262.0,4141.0,MSIIIa,Municipal,Primario
111382,2025.0,9.0,260.0,4141.0,MSIIIa,Municipal,Primario
111382,2025.0,10.0,161.0,4141.0,MSIIIa,Municipal,Primario
111383,2025.0,1.0,422.0,2541.0,MSIIIa,Municipal,Primario
111383,2025.0,2.0,312.0,2541.0,MSIIIa,Municipal,Primario
111383,2025.0,3.0,286.0,2541.0,MSIIIa,Municipal,Primario
111383,2025.0,4.0,252.0,2541.0,MSIIIa,Municipal,Primario
111383,2025.0,5.0,238.0,2541.0,MSIIIa,Municipal,Primario
111383,2025.0,6.0,198.0,2541.0,MSIIIa,Municipal,Primario
111383,2025.0,7.0,198.0,2541.0,MSIIIa,Municipal,Primario
111383,2025.0,8.0,146.0,2541.0,MSIIIa,Municipal,Primario
111383,2025.0,9.0,132.0,2541.0,MSIIIa,Municipal,Primario
111383,2025.0,10.0,66.0,2541.0,MSIIIa,Municipal,Primario
111400,2025.0,2.0,34.0,1.0,MSIIIa,Servicio de Salud,Primario
111400,2025.0,3.0,14.0,1.0,MSIIIa,Servicio de Salud,Primario
111400,2025.0,4.0,26.0,1.0,MSIIIa,Servicio de Salud,Primario
111400,2025.0,5.0,2.0,1.0,MSIIIa,Servicio de Salud,Primario
111400,2025.0,6.0,12.0,1.0,MSIIIa,Servicio de Salud,Primario
111400,2025.0,7.0,14.0,1.0,MSIIIa,Servicio de Salud,Primario
111400,2025.0,8.0,16.0,1.0,MSIIIa,Servicio de Salud,Primario
111400,2025.0,9.0,4.0,1.0,MSIIIa,Servicio de Salud,Primario
111400,2025.0,10.0,15.0,1.0,MSIIIa,Servicio de Salud,Primario
111704,2025.0,9.0,4.0,22.0,MSIIIa,Servicio de Salud,Primario
111704,2025.0,10.0,1.0,22.0,MSIIIa,Servicio de Salud,Primario
111780,2025.0,6.0,30.0,17.0,MSIIIa,Servicio de Salud,Primario
111780,2025.0,7.0,24.0,17.0,MSIIIa,Servicio de Salud,Primario
111780,2025.0,8.0,16.0,17.0,MSIIIa,Servicio de Salud,Primario
111780,2025.0,9.0,2.0,17.0,MSIIIa,Servicio de Salud,Primario
111781,2025.0,1.0,58.0,11.0,MSIIIa,Servicio de Salud,Primario
111781,2025.0,2.0,28.0,11.0,MSIIIa,Servicio de Salud,Primario
111781,2025.0,3.0,22.0,11.0,MSIIIa,Servicio de Salud,Primario
111781,2025.0,4.0,38.0,11.0,MSIIIa,Servicio de Salud,Primario
111781,2025.0,5.0,54.0,11.0,MSIIIa,Servicio de Salud,Primario
111781,2025.0,6.0,28.0,11.0,MSIIIa,Servicio de Salud,Primario
111781,2025.0,7.0,42.0,11.0,MSIIIa,Servicio de Salud,Primario
111781,2025.0,8.0,30.0,11.0,MSIIIa,Servicio de Salud,Primario
111781,2025.0,9.0,20.0,11.0,MSIIIa,Servicio de Salud,Primario
111781,2025.0,10.0,14.0,11.0,MSIIIa,Servicio de Salud,Primario
111782,,,,77.0,MSIIIa,,
111783,2025.0,1.0,24.0,293.0,MSIIIa,Municipal,Primario
111783,2025.0,2.0,48.0,293.0,MSIIIa,Municipal,Primario
111783,2025.0,3.0,10.0,293.0,MSIIIa,Municipal,Primario
111783,2025.0,4.0,44.0,293.0,MSIIIa,Municipal,Primario
111783,2025.0,5.0,16.0,293.0,MSIIIa,Municipal,Primario
111783,2025.0,6.0,16.0,293.0,MSIIIa,Municipal,Primario
111783,2025.0,7.0,8.0,293.0,MSIIIa,Municipal,Primario
111784,2025.0,1.0,54.0,204.0,MSIIIa,Municipal,Primario
111784,2025.0,2.0,32.0,204.0,MSIIIa,Municipal,Primario
111784,2025.0,3.0,30.0,204.0,MSIIIa,Municipal,Primario
111784,2025.0,4.0,38.0,204.0,MSIIIa,Municipal,Primario
111784,2025.0,5.0,48.0,204.0,MSIIIa,Municipal,Primario
111784,2025.0,6.0,8.0,204.0,MSIIIa,Municipal,Primario
111784,2025.0,7.0,14.0,204.0,MSIIIa,Municipal,Primario
111784,2025.0,8.0,26.0,204.0,MSIIIa,Municipal,Primario
111784,2025.0,9.0,4.0,204.0,MSIIIa,Municipal,Primario
111784,2025.0,10.0,1.0,204.0,MSIIIa,Municipal,Primario
112300,,,,1.0,MSIIIa,Servicio de Salud,Secundario
112301,2025.0,1.0,128.0,1757.0,MSIIIa,Municipal,Primario
112301,2025.0,2.0,66.0,1757.0,MSIIIa,Municipal,Primario
112301,2025.0,3.0,90.0,1757.0,MSIIIa,Municipal,Primario
112301,2025.0,4.0,92.0,1757.0,MSIIIa,Municipal,Primario
112301,2025.0,5.0,80.0,1757.0,MSIIIa,Municipal,Primario
112301,2025.0,6.0,88.0,1757.0,MSIIIa,Municipal,Primario
112301,2025.0,7.0,96.0,1757.0,MSIIIa,Municipal,Primario
112301,2025.0,8.0,190.0,1757.0,MSIIIa,Municipal,Primario
112301,2025.0,9.0,96.0,1757.0,MSIIIa,Municipal,Primario
112301,2025.0,10.0,58.0,1757.0,MSIIIa,Municipal,Primario
112302,2025.0,1.0,72.0,951.0,MSIIIa,Municipal,Primario
112302,2025.0,2.0,90.0,951.0,MSIIIa,Municipal,Primario
112302,2025.0,3.0,84.0,951.0,MSIIIa,Municipal,Primario
112302,2025.0,4.0,62.0,951.0,MSIIIa,Municipal,Primario
112302,2025.0,5.0,62.0,951.0,MSIIIa,Municipal,Primario
112302,2025.0,6.0,60.0,951.0,MSIIIa,Municipal,Primario
112302,2025.0,7.0,70.0,951.0,MSIIIa,Municipal,Primario
112302,2025.0,8.0,70.0,951.0,MSIIIa,Municipal,Primario
112302,2025.0,9.0,62.0,951.0,MSIIIa,Municipal,Primario
112302,2025.0,10.0,54.0,951.0,MSIIIa,Municipal,Primario
112303,2025.0,1.0,66.0,961.0,MSIIIa,Municipal,Primario
112303,2025.0,2.0,46.0,961.0,MSIIIa,Municipal,Primario
112303,2025.0,3.0,80.0,961.0,MSIIIa,Municipal,Primario
112303,2025.0,4.0,56.0,961.0,MSIIIa,Municipal,Primario
112303,2025.0,5.0,50.0,961.0,MSIIIa,Municipal,Primario
112303,2025.0,6.0,54.0,961.0,MSIIIa,Municipal,Primario
112303,2025.0,7.0,54.0,961.0,MSIIIa,Municipal,Primario
112303,2025.0,8.0,48.0,961.0,MSIIIa,Municipal,Primario
112303,2025.0,9.0,26.0,961.0,MSIIIa,Municipal,Primario
112303,2025.0,10.0,41.0,961.0,MSIIIa,Municipal,Primario
112304,2025.0,1.0,170.0,982.0,MSIIIa,Municipal,Primario
112304,2025.0,2.0,102.0,982.0,MSIIIa,Municipal,Primario
112304,2025.0,3.0,160.0,982.0,MSIIIa,Municipal,Primario
112304,2025.0,4.0,100.0,982.0,MSIIIa,Municipal,Primario
112304,2025.0,5.0,164.0,982.0,MSIIIa,Municipal,Primario
112304,2025.0,6.0,90.0,982.0,MSIIIa,Municipal,Primario
112304,2025.0,7.0,94.0,982.0,MSIIIa,Municipal,Primario
112304,2025.0,8.0,40.0,982.0,MSIIIa,Municipal,Primario
112304,2025.0,9.0,34.0,982.0,MSIIIa,Municipal,Primario
112304,2025.0,10.0,20.0,982.0,MSIIIa,Municipal,Primario
112306,2025.0,1.0,458.0,3395.0,MSIIIa,Municipal,Primario
112306,2025.0,2.0,286.0,3395.0,MSIIIa,Municipal,Primario
112306,2025.0,3.0,268.0,3395.0,MSIIIa,Municipal,Primario
112306,2025.0,4.0,366.0,3395.0,MSIIIa,Municipal,Primario
112306,2025.0,5.0,294.0,3395.0,MSIIIa,Municipal,Primario
112306,2025.0,6.0,288.0,3395.0,MSIIIa,Municipal,Primario
112306,2025.0,7.0,284.0,3395.0,MSIIIa,Municipal,Primario
112306,2025.0,8.0,282.0,3395.0,MSIIIa,Municipal,Primario
112306,2025.0,9.0,280.0,3395.0,MSIIIa,Municipal,Primario
112306,2025.0,10.0,134.0,3395.0,MSIIIa,Municipal,Primario
112307,2025.0,1.0,404.0,3245.0,MSIIIa,Municipal,Primario
112307,2025.0,2.0,280.0,3245.0,MSIIIa,Municipal,Primario
112307,2025.0,3.0,438.0,3245.0,MSIIIa,Municipal,Primario
112307,2025.0,4.0,482.0,3245.0,MSIIIa,Municipal,Primario
112307,2025.0,5.0,198.0,3245.0,MSIIIa,Municipal,Primario
112307,2025.0,6.0,408.0,3245.0,MSIIIa,Municipal,Primario
112307,2025.0,7.0,392.0,3245.0,MSIIIa,Municipal,Primario
112307,2025.0,8.0,318.0,3245.0,MSIIIa,Municipal,Primario
112307,2025.0,9.0,304.0,3245.0,MSIIIa,Municipal,Primario
112307,2025.0,10.0,10.0,3245.0,MSIIIa,Municipal,Primario
112309,2025.0,1.0,102.0,667.0,MSIIIa,Municipal,Primario
112309,2025.0,2.0,98.0,667.0,MSIIIa,Municipal,Primario
112309,2025.0,3.0,60.0,667.0,MSIIIa,Municipal,Primario
112309,2025.0,4.0,62.0,667.0,MSIIIa,Municipal,Primario
112309,2025.0,5.0,40.0,667.0,MSIIIa,Municipal,Primario
112309,2025.0,6.0,42.0,667.0,MSIIIa,Municipal,Primario
112309,2025.0,7.0,38.0,667.0,MSIIIa,Municipal,Primario
112309,2025.0,8.0,44.0,667.0,MSIIIa,Municipal,Primario
112309,2025.0,9.0,38.0,667.0,MSIIIa,Municipal,Primario
112309,2025.0,10.0,30.0,667.0,MSIIIa,Municipal,Primario
112310,2025.0,1.0,288.0,3616.0,MSIIIa,Municipal,Primario
112310,2025.0,2.0,236.0,3616.0,MSIIIa,Municipal,Primario
112310,2025.0,3.0,288.0,3616.0,MSIIIa,Municipal,Primario
112310,2025.0,4.0,264.0,3616.0,MSIIIa,Municipal,Primario
112310,2025.0,5.0,224.0,3616.0,MSIIIa,Municipal,Primario
112310,2025.0,6.0,218.0,3616.0,MSIIIa,Municipal,Primario
112310,2025.0,7.0,202.0,3616.0,MSIIIa,Municipal,Primario
112310,2025.0,8.0,216.0,3616.0,MSIIIa,Municipal,Primario
112310,2025.0,9.0,178.0,3616.0,MSIIIa,Municipal,Primario
112310,2025.0,10.0,82.0,3616.0,MSIIIa,Municipal,Primario
112311,2025.0,1.0,206.0,3015.0,MSIIIa,Municipal,Primario
112311,2025.0,2.0,176.0,3015.0,MSIIIa,Municipal,Primario
112311,2025.0,3.0,198.0,3015.0,MSIIIa,Municipal,Primario
112311,2025.0,4.0,268.0,3015.0,MSIIIa,Municipal,Primario
112311,2025.0,5.0,204.0,3015.0,MSIIIa,Municipal,Primario
112311,2025.0,6.0,236.0,3015.0,MSIIIa,Municipal,Primario
112311,2025.0,7.0,506.0,3015.0,MSIIIa,Municipal,Primario
112311,2025.0,8.0,386.0,3015.0,MSIIIa,Municipal,Primario
112311,2025.0,9.0,348.0,3015.0,MSIIIa,Municipal,Primario
112311,2025.0,10.0,120.0,3015.0,MSIIIa,Municipal,Primario
112312,,,,3770.0,MSIIIa,Municipal,Primario
112313,,,,4235.0,MSIIIa,Municipal,Primario
112314,2025.0,1.0,378.0,3405.0,MSIIIa,Municipal,Primario
112314,2025.0,2.0,182.0,3405.0,MSIIIa,Municipal,Primario
112314,2025.0,3.0,322.0,3405.0,MSIIIa,Municipal,Primario
112314,2025.0,4.0,370.0,3405.0,MSIIIa,Municipal,Primario
112314,2025.0,5.0,276.0,3405.0,MSIIIa,Municipal,Primario
112314,2025.0,6.0,296.0,3405.0,MSIIIa,Municipal,Primario
112314,2025.0,7.0,246.0,3405.0,MSIIIa,Municipal,Primario
112314,2025.0,8.0,188.0,3405.0,MSIIIa,Municipal,Primario
112314,2025.0,9.0,260.0,3405.0,MSIIIa,Municipal,Primario
112314,2025.0,10.0,137.0,3405.0,MSIIIa,Municipal,Primario
112315,2025.0,1.0,374.0,2036.0,MSIIIa,Municipal,Primario
112315,2025.0,2.0,294.0,2036.0,MSIIIa,Municipal,Primario
112315,2025.0,3.0,296.0,2036.0,MSIIIa,Municipal,Primario
112315,2025.0,4.0,260.0,2036.0,MSIIIa,Municipal,Primario
112315,2025.0,5.0,138.0,2036.0,MSIIIa,Municipal,Primario
112315,2025.0,6.0,186.0,2036.0,MSIIIa,Municipal,Primario
112315,2025.0,7.0,170.0,2036.0,MSIIIa,Municipal,Primario
112315,2025.0,8.0,138.0,2036.0,MSIIIa,Municipal,Primario
112315,2025.0,9.0,108.0,2036.0,MSIIIa,Municipal,Primario
112315,2025.0,10.0,47.0,2036.0,MSIIIa,Municipal,Primario
112316,2025.0,1.0,466.0,3729.0,MSIIIa,Municipal,Primario
112316,2025.0,2.0,422.0,3729.0,MSIIIa,Municipal,Primario
112316,2025.0,3.0,464.0,3729.0,MSIIIa,Municipal,Primario
112316,2025.0,4.0,464.0,3729.0,MSIIIa,Municipal,Primario
112316,2025.0,5.0,356.0,3729.0,MSIIIa,Municipal,Primario
112316,2025.0,6.0,214.0,3729.0,MSIIIa,Municipal,Primario
112316,2025.0,7.0,288.0,3729.0,MSIIIa,Municipal,Primario
112316,2025.0,8.0,308.0,3729.0,MSIIIa,Municipal,Primario
112316,2025.0,9.0,362.0,3729.0,MSIIIa,Municipal,Primario
112316,2025.0,10.0,159.0,3729.0,MSIIIa,Municipal,Primario
112317,2025.0,1.0,30.0,834.0,MSIIIa,Municipal,Primario
112317,2025.0,2.0,22.0,834.0,MSIIIa,Municipal,Primario
112317,2025.0,3.0,38.0,834.0,MSIIIa,Municipal,Primario
112317,2025.0,4.0,48.0,834.0,MSIIIa,Municipal,Primario
112317,2025.0,5.0,46.0,834.0,MSIIIa,Municipal,Primario
112317,2025.0,6.0,42.0,834.0,MSIIIa,Municipal,Primario
112317,2025.0,7.0,36.0,834.0,MSIIIa,Municipal,Primario
112317,2025.0,8.0,72.0,834.0,MSIIIa,Municipal,Primario
112317,2025.0,9.0,40.0,834.0,MSIIIa,Municipal,Primario
112317,2025.0,10.0,28.0,834.0,MSIIIa,Municipal,Primario
112318,2025.0,1.0,426.0,3024.0,MSIIIa,Municipal,Primario
112318,2025.0,2.0,492.0,3024.0,MSIIIa,Municipal,Primario
112318,2025.0,3.0,426.0,3024.0,MSIIIa,Municipal,Primario
112318,2025.0,4.0,382.0,3024.0,MSIIIa,Municipal,Primario
112318,2025.0,5.0,298.0,3024.0,MSIIIa,Municipal,Primario
112318,2025.0,6.0,276.0,3024.0,MSIIIa,Municipal,Primario
112318,2025.0,7.0,198.0,3024.0,MSIIIa,Municipal,Primario
112318,2025.0,8.0,276.0,3024.0,MSIIIa,Municipal,Primario
112318,2025.0,9.0,192.0,3024.0,MSIIIa,Municipal,Primario
112318,2025.0,10.0,98.0,3024.0,MSIIIa,Municipal,Primario
112319,,,,3434.0,MSIIIa,Municipal,Primario
112320,,,,1700.0,MSIIIa,Municipal,Primario
112321,2025.0,1.0,244.0,2432.0,MSIIIa,Municipal,Primario
112321,2025.0,2.0,196.0,2432.0,MSIIIa,Municipal,Primario
112321,2025.0,3.0,228.0,2432.0,MSIIIa,Municipal,Primario
112321,2025.0,4.0,248.0,2432.0,MSIIIa,Municipal,Primario
112321,2025.0,5.0,196.0,2432.0,MSIIIa,Municipal,Primario
112321,2025.0,6.0,200.0,2432.0,MSIIIa,Municipal,Primario
112321,2025.0,7.0,258.0,2432.0,MSIIIa,Municipal,Primario
112321,2025.0,8.0,150.0,2432.0,MSIIIa,Municipal,Primario
112321,2025.0,9.0,132.0,2432.0,MSIIIa,Municipal,Primario
112321,2025.0,10.0,82.0,2432.0,MSIIIa,Municipal,Primario
112322,2025.0,1.0,224.0,2610.0,MSIIIa,Municipal,Primario
112322,2025.0,2.0,204.0,2610.0,MSIIIa,Municipal,Primario
112322,2025.0,3.0,216.0,2610.0,MSIIIa,Municipal,Primario
112322,2025.0,4.0,338.0,2610.0,MSIIIa,Municipal,Primario
112322,2025.0,5.0,220.0,2610.0,MSIIIa,Municipal,Primario
112322,2025.0,6.0,190.0,2610.0,MSIIIa,Municipal,Primario
112322,2025.0,7.0,194.0,2610.0,MSIIIa,Municipal,Primario
112322,2025.0,8.0,140.0,2610.0,MSIIIa,Municipal,Primario
112322,2025.0,9.0,276.0,2610.0,MSIIIa,Municipal,Primario
112322,2025.0,10.0,118.0,2610.0,MSIIIa,Municipal,Primario
112323,2025.0,1.0,1166.0,1.0,MSIIIa,Municipal,No Aplica
112323,2025.0,2.0,664.0,1.0,MSIIIa,Municipal,No Aplica
112323,2025.0,3.0,558.0,1.0,MSIIIa,Municipal,No Aplica
112323,2025.0,4.0,437.0,1.0,MSIIIa,Municipal,No Aplica
112323,2025.0,5.0,312.0,1.0,MSIIIa,Municipal,No Aplica
112323,2025.0,6.0,370.0,1.0,MSIIIa,Municipal,No Aplica
112323,2025.0,7.0,325.0,1.0,MSIIIa,Municipal,No Aplica
112323,2025.0,8.0,666.0,1.0,MSIIIa,Municipal,No Aplica
112323,2025.0,9.0,220.0,1.0,MSIIIa,Municipal,No Aplica
112323,2025.0,10.0,248.0,1.0,MSIIIa,Municipal,No Aplica
112407,,,,2.0,MSIIIa,Municipal,Primario
112707,2025.0,3.0,6.0,316.0,MSIIIa,Municipal,Primario
112707,2025.0,5.0,148.0,316.0,MSIIIa,Municipal,Primario
112716,2025.0,1.0,74.0,17.0,MSIIIa,Municipal,Primario
112716,2025.0,2.0,32.0,17.0,MSIIIa,Municipal,Primario
112716,2025.0,3.0,36.0,17.0,MSIIIa,Municipal,Primario
112716,2025.0,4.0,52.0,17.0,MSIIIa,Municipal,Primario
112716,2025.0,5.0,50.0,17.0,MSIIIa,Municipal,Primario
112716,2025.0,6.0,32.0,17.0,MSIIIa,Municipal,Primario
112716,2025.0,7.0,26.0,17.0,MSIIIa,Municipal,Primario
112716,2025.0,8.0,44.0,17.0,MSIIIa,Municipal,Primario
112716,2025.0,9.0,82.0,17.0,MSIIIa,Municipal,Primario
112716,2025.0,10.0,1.0,17.0,MSIIIa,Municipal,Primario
112717,2025.0,1.0,26.0,341.0,MSIIIa,Municipal,Primario
112717,2025.0,2.0,28.0,341.0,MSIIIa,Municipal,Primario
112717,2025.0,3.0,28.0,341.0,MSIIIa,Municipal,Primario
112717,2025.0,4.0,20.0,341.0,MSIIIa,Municipal,Primario
112717,2025.0,5.0,16.0,341.0,MSIIIa,Municipal,Primario
112717,2025.0,6.0,36.0,341.0,MSIIIa,Municipal,Primario
112717,2025.0,7.0,22.0,341.0,MSIIIa,Municipal,Primario
112717,2025.0,8.0,46.0,341.0,MSIIIa,Municipal,Primario
112717,2025.0,9.0,76.0,341.0,MSIIIa,Municipal,Primario
112717,2025.0,10.0,24.0,341.0,MSIIIa,Municipal,Primario
112799,2025.0,1.0,42.0,,MSIIIa,Municipal,Primario
112799,2025.0,3.0,44.0,,MSIIIa,Municipal,Primario
112799,2025.0,5.0,58.0,,MSIIIa,Municipal,Primario
113181,,,,2.0,MSIIIa,Servicio de Salud,Secundario
113300,2025.0,1.0,430.0,5663.0,MSIIIa,Municipal,Primario
113300,2025.0,2.0,306.0,5663.0,MSIIIa,Municipal,Primario
113300,2025.0,3.0,212.0,5663.0,MSIIIa,Municipal,Primario
113300,2025.0,4.0,358.0,5663.0,MSIIIa,Municipal,Primario
113300,2025.0,5.0,400.0,5663.0,MSIIIa,Municipal,Primario
113300,2025.0,6.0,398.0,5663.0,MSIIIa,Municipal,Primario
113300,2025.0,7.0,412.0,5663.0,MSIIIa,Municipal,Primario
113300,2025.0,8.0,374.0,5663.0,MSIIIa,Municipal,Primario
113300,2025.0,9.0,368.0,5663.0,MSIIIa,Municipal,Primario
113300,2025.0,10.0,294.0,5663.0,MSIIIa,Municipal,Primario
113301,2025.0,1.0,196.0,1939.0,MSIIIa,Municipal,Primario
113301,2025.0,2.0,186.0,1939.0,MSIIIa,Municipal,Primario
113301,2025.0,3.0,244.0,1939.0,MSIIIa,Municipal,Primario
113301,2025.0,4.0,300.0,1939.0,MSIIIa,Municipal,Primario
113301,2025.0,5.0,164.0,1939.0,MSIIIa,Municipal,Primario
113301,2025.0,6.0,154.0,1939.0,MSIIIa,Municipal,Primario
113301,2025.0,7.0,188.0,1939.0,MSIIIa,Municipal,Primario
113301,2025.0,8.0,38.0,1939.0,MSIIIa,Municipal,Primario
113301,2025.0,9.0,54.0,1939.0,MSIIIa,Municipal,Primario
113301,2025.0,10.0,50.0,1939.0,MSIIIa,Municipal,Primario
113302,2025.0,1.0,336.0,4224.0,MSIIIa,Municipal,Primario
113302,2025.0,2.0,374.0,4224.0,MSIIIa,Municipal,Primario
113302,2025.0,3.0,388.0,4224.0,MSIIIa,Municipal,Primario
113302,2025.0,4.0,302.0,4224.0,MSIIIa,Municipal,Primario
113302,2025.0,5.0,272.0,4224.0,MSIIIa,Municipal,Primario
113302,2025.0,6.0,346.0,4224.0,MSIIIa,Municipal,Primario
113302,2025.0,7.0,340.0,4224.0,MSIIIa,Municipal,Primario
113302,2025.0,8.0,250.0,4224.0,MSIIIa,Municipal,Primario
113302,2025.0,9.0,256.0,4224.0,MSIIIa,Municipal,Primario
113302,2025.0,10.0,127.0,4224.0,MSIIIa,Municipal,Primario
113303,2025.0,1.0,188.0,3074.0,MSIIIa,Municipal,Primario
113303,2025.0,2.0,68.0,3074.0,MSIIIa,Municipal,Primario
113303,2025.0,3.0,200.0,3074.0,MSIIIa,Municipal,Primario
113303,2025.0,4.0,264.0,3074.0,MSIIIa,Municipal,Primario
113303,2025.0,5.0,300.0,3074.0,MSIIIa,Municipal,Primario
113303,2025.0,6.0,168.0,3074.0,MSIIIa,Municipal,Primario
113303,2025.0,7.0,510.0,3074.0,MSIIIa,Municipal,Primario
113303,2025.0,8.0,494.0,3074.0,MSIIIa,Municipal,Primario
113303,2025.0,9.0,0.0,3074.0,MSIIIa,Municipal,Primario
113303,2025.0,10.0,305.0,3074.0,MSIIIa,Municipal,Primario
113304,,,,47.0,MSIIIa,Municipal,Primario
113305,2025.0,1.0,264.0,1877.0,MSIIIa,Municipal,Primario
113305,2025.0,2.0,194.0,1877.0,MSIIIa,Municipal,Primario
113305,2025.0,3.0,160.0,1877.0,MSIIIa,Municipal,Primario
113305,2025.0,4.0,136.0,1877.0,MSIIIa,Municipal,Primario
113305,2025.0,5.0,192.0,1877.0,MSIIIa,Municipal,Primario
113305,2025.0,6.0,162.0,1877.0,MSIIIa,Municipal,Primario
113305,2025.0,7.0,148.0,1877.0,MSIIIa,Municipal,Primario
113305,2025.0,8.0,96.0,1877.0,MSIIIa,Municipal,Primario
113305,2025.0,9.0,86.0,1877.0,MSIIIa,Municipal,Primario
113305,2025.0,10.0,58.0,1877.0,MSIIIa,Municipal,Primario
113306,2025.0,1.0,308.0,2521.0,MSIIIa,Municipal,Primario
113306,2025.0,2.0,242.0,2521.0,MSIIIa,Municipal,Primario
113306,2025.0,3.0,326.0,2521.0,MSIIIa,Municipal,Primario
113306,2025.0,4.0,392.0,2521.0,MSIIIa,Municipal,Primario
113306,2025.0,5.0,176.0,2521.0,MSIIIa,Municipal,Primario
113306,2025.0,6.0,222.0,2521.0,MSIIIa,Municipal,Primario
113306,2025.0,7.0,254.0,2521.0,MSIIIa,Municipal,Primario
113306,2025.0,8.0,168.0,2521.0,MSIIIa,Municipal,Primario
113306,2025.0,9.0,150.0,2521.0,MSIIIa,Municipal,Primario
113306,2025.0,10.0,79.0,2521.0,MSIIIa,Municipal,Primario
113307,2025.0,1.0,208.0,2264.0,MSIIIa,Municipal,Primario
113307,2025.0,2.0,120.0,2264.0,MSIIIa,Municipal,Primario
113307,2025.0,3.0,172.0,2264.0,MSIIIa,Municipal,Primario
113307,2025.0,4.0,176.0,2264.0,MSIIIa,Municipal,Primario
113307,2025.0,5.0,108.0,2264.0,MSIIIa,Municipal,Primario
113307,2025.0,6.0,82.0,2264.0,MSIIIa,Municipal,Primario
113307,2025.0,7.0,200.0,2264.0,MSIIIa,Municipal,Primario
113307,2025.0,8.0,228.0,2264.0,MSIIIa,Municipal,Primario
113307,2025.0,9.0,188.0,2264.0,MSIIIa,Municipal,Primario
113307,2025.0,10.0,99.0,2264.0,MSIIIa,Municipal,Primario
113308,2025.0,1.0,176.0,2608.0,MSIIIa,Municipal,Primario
113308,2025.0,2.0,126.0,2608.0,MSIIIa,Municipal,Primario
113308,2025.0,3.0,162.0,2608.0,MSIIIa,Municipal,Primario
113308,2025.0,4.0,202.0,2608.0,MSIIIa,Municipal,Primario
113308,2025.0,5.0,266.0,2608.0,MSIIIa,Municipal,Primario
113308,2025.0,6.0,328.0,2608.0,MSIIIa,Municipal,Primario
113308,2025.0,7.0,342.0,2608.0,MSIIIa,Municipal,Primario
113308,2025.0,8.0,232.0,2608.0,MSIIIa,Municipal,Primario
113308,2025.0,9.0,176.0,2608.0,MSIIIa,Municipal,Primario
113308,2025.0,10.0,113.0,2608.0,MSIIIa,Municipal,Primario
113309,2025.0,1.0,148.0,2607.0,MSIIIa,Municipal,Primario
113309,2025.0,2.0,158.0,2607.0,MSIIIa,Municipal,Primario
113309,2025.0,3.0,166.0,2607.0,MSIIIa,Municipal,Primario
113309,2025.0,4.0,170.0,2607.0,MSIIIa,Municipal,Primario
113309,2025.0,5.0,282.0,2607.0,MSIIIa,Municipal,Primario
113309,2025.0,6.0,238.0,2607.0,MSIIIa,Municipal,Primario
113309,2025.0,7.0,296.0,2607.0,MSIIIa,Municipal,Primario
113309,2025.0,8.0,216.0,2607.0,MSIIIa,Municipal,Primario
113309,2025.0,9.0,182.0,2607.0,MSIIIa,Municipal,Primario
113309,2025.0,10.0,81.0,2607.0,MSIIIa,Municipal,Primario
113310,2025.0,1.0,316.0,2587.0,MSIIIa,Municipal,Primario
113310,2025.0,2.0,168.0,2587.0,MSIIIa,Municipal,Primario
113310,2025.0,3.0,148.0,2587.0,MSIIIa,Municipal,Primario
113310,2025.0,4.0,300.0,2587.0,MSIIIa,Municipal,Primario
113310,2025.0,5.0,206.0,2587.0,MSIIIa,Municipal,Primario
113310,2025.0,6.0,162.0,2587.0,MSIIIa,Municipal,Primario
113310,2025.0,7.0,210.0,2587.0,MSIIIa,Municipal,Primario
113310,2025.0,8.0,276.0,2587.0,MSIIIa,Municipal,Primario
113310,2025.0,9.0,180.0,2587.0,MSIIIa,Municipal,Primario
113310,2025.0,10.0,69.0,2587.0,MSIIIa,Municipal,Primario
113311,2025.0,1.0,570.0,4362.0,MSIIIa,Municipal,Primario
113311,2025.0,2.0,402.0,4362.0,MSIIIa,Municipal,Primario
113311,2025.0,3.0,276.0,4362.0,MSIIIa,Municipal,Primario
113311,2025.0,4.0,404.0,4362.0,MSIIIa,Municipal,Primario
113311,2025.0,5.0,352.0,4362.0,MSIIIa,Municipal,Primario
113311,2025.0,6.0,270.0,4362.0,MSIIIa,Municipal,Primario
113311,2025.0,7.0,276.0,4362.0,MSIIIa,Municipal,Primario
113311,2025.0,8.0,204.0,4362.0,MSIIIa,Municipal,Primario
113311,2025.0,9.0,160.0,4362.0,MSIIIa,Municipal,Primario
113311,2025.0,10.0,98.0,4362.0,MSIIIa,Municipal,Primario
113312,2025.0,1.0,312.0,3439.0,MSIIIa,Municipal,Primario
113312,2025.0,2.0,238.0,3439.0,MSIIIa,Municipal,Primario
113312,2025.0,3.0,312.0,3439.0,MSIIIa,Municipal,Primario
113312,2025.0,4.0,204.0,3439.0,MSIIIa,Municipal,Primario
113312,2025.0,5.0,388.0,3439.0,MSIIIa,Municipal,Primario
113312,2025.0,6.0,246.0,3439.0,MSIIIa,Municipal,Primario
113312,2025.0,7.0,340.0,3439.0,MSIIIa,Municipal,Primario
113312,2025.0,8.0,292.0,3439.0,MSIIIa,Municipal,Primario
113312,2025.0,9.0,166.0,3439.0,MSIIIa,Municipal,Primario
113312,2025.0,10.0,119.0,3439.0,MSIIIa,Municipal,Primario
113313,2025.0,1.0,242.0,3486.0,MSIIIa,Municipal,Primario
113313,2025.0,2.0,260.0,3486.0,MSIIIa,Municipal,Primario
113313,2025.0,3.0,240.0,3486.0,MSIIIa,Municipal,Primario
113313,2025.0,4.0,272.0,3486.0,MSIIIa,Municipal,Primario
113313,2025.0,5.0,208.0,3486.0,MSIIIa,Municipal,Primario
113313,2025.0,6.0,182.0,3486.0,MSIIIa,Municipal,Primario
113313,2025.0,7.0,188.0,3486.0,MSIIIa,Municipal,Primario
113313,2025.0,8.0,246.0,3486.0,MSIIIa,Municipal,Primario
113313,2025.0,9.0,194.0,3486.0,MSIIIa,Municipal,Primario
113313,2025.0,10.0,101.0,3486.0,MSIIIa,Municipal,Primario
113314,2025.0,1.0,264.0,2959.0,MSIIIa,Municipal,Primario
113314,2025.0,2.0,204.0,2959.0,MSIIIa,Municipal,Primario
113314,2025.0,3.0,258.0,2959.0,MSIIIa,Municipal,Primario
113314,2025.0,4.0,412.0,2959.0,MSIIIa,Municipal,Primario
113314,2025.0,5.0,284.0,2959.0,MSIIIa,Municipal,Primario
113314,2025.0,6.0,186.0,2959.0,MSIIIa,Municipal,Primario
113314,2025.0,7.0,292.0,2959.0,MSIIIa,Municipal,Primario
113314,2025.0,8.0,268.0,2959.0,MSIIIa,Municipal,Primario
113314,2025.0,9.0,158.0,2959.0,MSIIIa,Municipal,Primario
113314,2025.0,10.0,62.0,2959.0,MSIIIa,Municipal,Primario
113315,2025.0,1.0,224.0,3648.0,MSIIIa,Municipal,Primario
113315,2025.0,2.0,300.0,3648.0,MSIIIa,Municipal,Primario
113315,2025.0,3.0,314.0,3648.0,MSIIIa,Municipal,Primario
113315,2025.0,4.0,278.0,3648.0,MSIIIa,Municipal,Primario
113315,2025.0,5.0,284.0,3648.0,MSIIIa,Municipal,Primario
113315,2025.0,6.0,248.0,3648.0,MSIIIa,Municipal,Primario
113315,2025.0,7.0,274.0,3648.0,MSIIIa,Municipal,Primario
113315,2025.0,8.0,272.0,3648.0,MSIIIa,Municipal,Primario
113315,2025.0,9.0,178.0,3648.0,MSIIIa,Municipal,Primario
113315,2025.0,10.0,89.0,3648.0,MSIIIa,Municipal,Primario
113316,2025.0,1.0,278.0,3476.0,MSIIIa,Municipal,Primario
113316,2025.0,2.0,292.0,3476.0,MSIIIa,Municipal,Primario
113316,2025.0,3.0,434.0,3476.0,MSIIIa,Municipal,Primario
113316,2025.0,4.0,428.0,3476.0,MSIIIa,Municipal,Primario
113316,2025.0,5.0,378.0,3476.0,MSIIIa,Municipal,Primario
113316,2025.0,6.0,300.0,3476.0,MSIIIa,Municipal,Primario
113316,2025.0,7.0,368.0,3476.0,MSIIIa,Municipal,Primario
113316,2025.0,8.0,326.0,3476.0,MSIIIa,Municipal,Primario
113316,2025.0,9.0,286.0,3476.0,MSIIIa,Municipal,Primario
113316,2025.0,10.0,190.0,3476.0,MSIIIa,Municipal,Primario
113317,2025.0,1.0,304.0,3110.0,MSIIIa,Municipal,Primario
113317,2025.0,2.0,202.0,3110.0,MSIIIa,Municipal,Primario
113317,2025.0,3.0,320.0,3110.0,MSIIIa,Municipal,Primario
113317,2025.0,4.0,406.0,3110.0,MSIIIa,Municipal,Primario
113317,2025.0,5.0,206.0,3110.0,MSIIIa,Municipal,Primario
113317,2025.0,6.0,190.0,3110.0,MSIIIa,Municipal,Primario
113317,2025.0,7.0,218.0,3110.0,MSIIIa,Municipal,Primario
113317,2025.0,8.0,146.0,3110.0,MSIIIa,Municipal,Primario
113317,2025.0,9.0,170.0,3110.0,MSIIIa,Municipal,Primario
113317,2025.0,10.0,112.0,3110.0,MSIIIa,Municipal,Primario
113318,2025.0,1.0,432.0,5126.0,MSIIIa,Municipal,Primario
113318,2025.0,2.0,368.0,5126.0,MSIIIa,Municipal,Primario
113318,2025.0,3.0,592.0,5126.0,MSIIIa,Municipal,Primario
113318,2025.0,4.0,630.0,5126.0,MSIIIa,Municipal,Primario
113318,2025.0,5.0,492.0,5126.0,MSIIIa,Municipal,Primario
113318,2025.0,6.0,472.0,5126.0,MSIIIa,Municipal,Primario
113318,2025.0,7.0,416.0,5126.0,MSIIIa,Municipal,Primario
113318,2025.0,8.0,400.0,5126.0,MSIIIa,Municipal,Primario
113318,2025.0,9.0,252.0,5126.0,MSIIIa,Municipal,Primario
113318,2025.0,10.0,140.0,5126.0,MSIIIa,Municipal,Primario
113319,2025.0,1.0,94.0,1647.0,MSIIIa,Municipal,Primario
113319,2025.0,2.0,102.0,1647.0,MSIIIa,Municipal,Primario
113319,2025.0,3.0,142.0,1647.0,MSIIIa,Municipal,Primario
113319,2025.0,4.0,452.0,1647.0,MSIIIa,Municipal,Primario
113319,2025.0,5.0,116.0,1647.0,MSIIIa,Municipal,Primario
113319,2025.0,6.0,120.0,1647.0,MSIIIa,Municipal,Primario
113319,2025.0,7.0,82.0,1647.0,MSIIIa,Municipal,Primario
113319,2025.0,8.0,82.0,1647.0,MSIIIa,Municipal,Primario
113319,2025.0,9.0,94.0,1647.0,MSIIIa,Municipal,Primario
113319,2025.0,10.0,70.0,1647.0,MSIIIa,Municipal,Primario
113320,2025.0,1.0,320.0,2141.0,MSIIIa,Municipal,Primario
113320,2025.0,2.0,226.0,2141.0,MSIIIa,Municipal,Primario
113320,2025.0,3.0,144.0,2141.0,MSIIIa,Municipal,Primario
113320,2025.0,4.0,184.0,2141.0,MSIIIa,Municipal,Primario
113320,2025.0,5.0,368.0,2141.0,MSIIIa,Municipal,Primario
113320,2025.0,6.0,120.0,2141.0,MSIIIa,Municipal,Primario
113320,2025.0,7.0,198.0,2141.0,MSIIIa,Municipal,Primario
113320,2025.0,8.0,110.0,2141.0,MSIIIa,Municipal,Primario
113320,2025.0,9.0,80.0,2141.0,MSIIIa,Municipal,Primario
113320,2025.0,10.0,39.0,2141.0,MSIIIa,Municipal,Primario
113321,2025.0,1.0,80.0,733.0,MSIIIa,Municipal,Primario
113321,2025.0,2.0,46.0,733.0,MSIIIa,Municipal,Primario
113321,2025.0,3.0,98.0,733.0,MSIIIa,Municipal,Primario
113321,2025.0,4.0,98.0,733.0,MSIIIa,Municipal,Primario
113321,2025.0,5.0,38.0,733.0,MSIIIa,Municipal,Primario
113321,2025.0,6.0,82.0,733.0,MSIIIa,Municipal,Primario
113321,2025.0,7.0,64.0,733.0,MSIIIa,Municipal,Primario
113321,2025.0,8.0,62.0,733.0,MSIIIa,Municipal,Primario
113321,2025.0,9.0,56.0,733.0,MSIIIa,Municipal,Primario
113321,2025.0,10.0,39.0,733.0,MSIIIa,Municipal,Primario
113322,2025.0,1.0,124.0,2101.0,MSIIIa,Municipal,Primario
113322,2025.0,2.0,146.0,2101.0,MSIIIa,Municipal,Primario
113322,2025.0,3.0,126.0,2101.0,MSIIIa,Municipal,Primario
113322,2025.0,4.0,178.0,2101.0,MSIIIa,Municipal,Primario
113322,2025.0,5.0,124.0,2101.0,MSIIIa,Municipal,Primario
113322,2025.0,6.0,206.0,2101.0,MSIIIa,Municipal,Primario
113322,2025.0,7.0,340.0,2101.0,MSIIIa,Municipal,Primario
113322,2025.0,8.0,248.0,2101.0,MSIIIa,Municipal,Primario
113322,2025.0,9.0,200.0,2101.0,MSIIIa,Municipal,Primario
113322,2025.0,10.0,95.0,2101.0,MSIIIa,Municipal,Primario
113323,2025.0,1.0,556.0,3476.0,MSIIIa,Municipal,Primario
113323,2025.0,2.0,342.0,3476.0,MSIIIa,Municipal,Primario
113323,2025.0,3.0,348.0,3476.0,MSIIIa,Municipal,Primario
113323,2025.0,4.0,388.0,3476.0,MSIIIa,Municipal,Primario
113323,2025.0,5.0,306.0,3476.0,MSIIIa,Municipal,Primario
113323,2025.0,6.0,272.0,3476.0,MSIIIa,Municipal,Primario
113323,2025.0,7.0,418.0,3476.0,MSIIIa,Municipal,Primario
113323,2025.0,8.0,212.0,3476.0,MSIIIa,Municipal,Primario
113323,2025.0,9.0,164.0,3476.0,MSIIIa,Municipal,Primario
113323,2025.0,10.0,116.0,3476.0,MSIIIa,Municipal,Primario
113324,2025.0,1.0,436.0,3356.0,MSIIIa,Municipal,Primario
113324,2025.0,2.0,400.0,3356.0,MSIIIa,Municipal,Primario
113324,2025.0,3.0,288.0,3356.0,MSIIIa,Municipal,Primario
113324,2025.0,4.0,364.0,3356.0,MSIIIa,Municipal,Primario
113324,2025.0,5.0,172.0,3356.0,MSIIIa,Municipal,Primario
113324,2025.0,6.0,184.0,3356.0,MSIIIa,Municipal,Primario
113324,2025.0,7.0,246.0,3356.0,MSIIIa,Municipal,Primario
113324,2025.0,8.0,242.0,3356.0,MSIIIa,Municipal,Primario
113324,2025.0,9.0,210.0,3356.0,MSIIIa,Municipal,Primario
113324,2025.0,10.0,212.0,3356.0,MSIIIa,Municipal,Primario
113326,2025.0,1.0,254.0,3688.0,MSIIIa,Municipal,Primario
113326,2025.0,2.0,240.0,3688.0,MSIIIa,Municipal,Primario
113326,2025.0,3.0,224.0,3688.0,MSIIIa,Municipal,Primario
113326,2025.0,4.0,320.0,3688.0,MSIIIa,Municipal,Primario
113326,2025.0,5.0,306.0,3688.0,MSIIIa,Municipal,Primario
113326,2025.0,6.0,242.0,3688.0,MSIIIa,Municipal,Primario
113326,2025.0,7.0,340.0,3688.0,MSIIIa,Municipal,Primario
113326,2025.0,8.0,198.0,3688.0,MSIIIa,Municipal,Primario
113326,2025.0,9.0,294.0,3688.0,MSIIIa,Municipal,Primario
113326,2025.0,10.0,99.0,3688.0,MSIIIa,Municipal,Primario
113328,2025.0,1.0,470.0,3796.0,MSIIIa,Municipal,Primario
113328,2025.0,2.0,330.0,3796.0,MSIIIa,Municipal,Primario
113328,2025.0,3.0,272.0,3796.0,MSIIIa,Municipal,Primario
113328,2025.0,4.0,228.0,3796.0,MSIIIa,Municipal,Primario
113328,2025.0,5.0,356.0,3796.0,MSIIIa,Municipal,Primario
113328,2025.0,6.0,382.0,3796.0,MSIIIa,Municipal,Primario
113328,2025.0,7.0,382.0,3796.0,MSIIIa,Municipal,Primario
113328,2025.0,8.0,396.0,3796.0,MSIIIa,Municipal,Primario
113328,2025.0,9.0,236.0,3796.0,MSIIIa,Municipal,Primario
113328,2025.0,10.0,185.0,3796.0,MSIIIa,Municipal,Primario
113329,2025.0,1.0,218.0,2533.0,MSIIIa,Municipal,Primario
113329,2025.0,2.0,374.0,2533.0,MSIIIa,Municipal,Primario
113329,2025.0,3.0,204.0,2533.0,MSIIIa,Municipal,Primario
113329,2025.0,4.0,252.0,2533.0,MSIIIa,Municipal,Primario
113329,2025.0,5.0,204.0,2533.0,MSIIIa,Municipal,Primario
113329,2025.0,6.0,218.0,2533.0,MSIIIa,Municipal,Primario
113329,2025.0,7.0,242.0,2533.0,MSIIIa,Municipal,Primario
113329,2025.0,8.0,170.0,2533.0,MSIIIa,Municipal,Primario
113329,2025.0,9.0,134.0,2533.0,MSIIIa,Municipal,Primario
113329,2025.0,10.0,83.0,2533.0,MSIIIa,Municipal,Primario
113330,2025.0,1.0,414.0,4748.0,MSIIIa,Municipal,Primario
113330,2025.0,2.0,310.0,4748.0,MSIIIa,Municipal,Primario
113330,2025.0,3.0,422.0,4748.0,MSIIIa,Municipal,Primario
113330,2025.0,4.0,396.0,4748.0,MSIIIa,Municipal,Primario
113330,2025.0,5.0,408.0,4748.0,MSIIIa,Municipal,Primario
113330,2025.0,6.0,486.0,4748.0,MSIIIa,Municipal,Primario
113330,2025.0,7.0,336.0,4748.0,MSIIIa,Municipal,Primario
113330,2025.0,8.0,368.0,4748.0,MSIIIa,Municipal,Primario
113330,2025.0,9.0,340.0,4748.0,MSIIIa,Municipal,Primario
113330,2025.0,10.0,149.0,4748.0,MSIIIa,Municipal,Primario
113331,2025.0,1.0,274.0,2399.0,MSIIIa,Municipal,Primario
113331,2025.0,2.0,292.0,2399.0,MSIIIa,Municipal,Primario
113331,2025.0,3.0,270.0,2399.0,MSIIIa,Municipal,Primario
113331,2025.0,4.0,150.0,2399.0,MSIIIa,Municipal,Primario
113331,2025.0,5.0,170.0,2399.0,MSIIIa,Municipal,Primario
113331,2025.0,6.0,142.0,2399.0,MSIIIa,Municipal,Primario
113331,2025.0,7.0,176.0,2399.0,MSIIIa,Municipal,Primario
113331,2025.0,8.0,138.0,2399.0,MSIIIa,Municipal,Primario
113331,2025.0,9.0,194.0,2399.0,MSIIIa,Municipal,Primario
113331,2025.0,10.0,190.0,2399.0,MSIIIa,Municipal,Primario
113332,2025.0,1.0,210.0,3353.0,MSIIIa,Municipal,Primario
113332,2025.0,2.0,318.0,3353.0,MSIIIa,Municipal,Primario
113332,2025.0,3.0,358.0,3353.0,MSIIIa,Municipal,Primario
113332,2025.0,4.0,326.0,3353.0,MSIIIa,Municipal,Primario
113332,2025.0,5.0,292.0,3353.0,MSIIIa,Municipal,Primario
113332,2025.0,6.0,280.0,3353.0,MSIIIa,Municipal,Primario
113332,2025.0,7.0,250.0,3353.0,MSIIIa,Municipal,Primario
113332,2025.0,8.0,178.0,3353.0,MSIIIa,Municipal,Primario
113332,2025.0,9.0,208.0,3353.0,MSIIIa,Municipal,Primario
113332,2025.0,10.0,120.0,3353.0,MSIIIa,Municipal,Primario
113333,2025.0,1.0,168.0,1212.0,MSIIIa,Municipal,Primario
113333,2025.0,2.0,142.0,1212.0,MSIIIa,Municipal,Primario
113333,2025.0,3.0,152.0,1212.0,MSIIIa,Municipal,Primario
113333,2025.0,4.0,164.0,1212.0,MSIIIa,Municipal,Primario
113333,2025.0,5.0,116.0,1212.0,MSIIIa,Municipal,Primario
113333,2025.0,6.0,124.0,1212.0,MSIIIa,Municipal,Primario
113333,2025.0,7.0,122.0,1212.0,MSIIIa,Municipal,Primario
113333,2025.0,8.0,90.0,1212.0,MSIIIa,Municipal,Primario
113333,2025.0,9.0,70.0,1212.0,MSIIIa,Municipal,Primario
113333,2025.0,10.0,37.0,1212.0,MSIIIa,Municipal,Primario
113334,2025.0,1.0,170.0,1112.0,MSIIIa,Municipal,Primario
113334,2025.0,2.0,140.0,1112.0,MSIIIa,Municipal,Primario
113334,2025.0,3.0,128.0,1112.0,MSIIIa,Municipal,Primario
113334,2025.0,4.0,90.0,1112.0,MSIIIa,Municipal,Primario
113334,2025.0,5.0,114.0,1112.0,MSIIIa,Municipal,Primario
113334,2025.0,7.0,112.0,1112.0,MSIIIa,Municipal,Primario
113334,2025.0,8.0,98.0,1112.0,MSIIIa,Municipal,Primario
113334,2025.0,9.0,72.0,1112.0,MSIIIa,Municipal,Primario
113334,2025.0,10.0,54.0,1112.0,MSIIIa,Municipal,Primario
113390,2025.0,1.0,276.0,4736.0,MSIIIa,Municipal,Primario
113390,2025.0,2.0,362.0,4736.0,MSIIIa,Municipal,Primario
113390,2025.0,3.0,440.0,4736.0,MSIIIa,Municipal,Primario
113390,2025.0,4.0,492.0,4736.0,MSIIIa,Municipal,Primario
113390,2025.0,5.0,334.0,4736.0,MSIIIa,Municipal,Primario
113390,2025.0,6.0,290.0,4736.0,MSIIIa,Municipal,Primario
113390,2025.0,7.0,516.0,4736.0,MSIIIa,Municipal,Primario
113390,2025.0,8.0,498.0,4736.0,MSIIIa,Municipal,Primario
113390,2025.0,9.0,302.0,4736.0,MSIIIa,Municipal,Primario
113390,2025.0,10.0,201.0,4736.0,MSIIIa,Municipal,Primario
113394,2025.0,1.0,216.0,3328.0,MSIIIa,Municipal,Primario
113394,2025.0,2.0,188.0,3328.0,MSIIIa,Municipal,Primario
113394,2025.0,3.0,136.0,3328.0,MSIIIa,Municipal,Primario
113394,2025.0,4.0,182.0,3328.0,MSIIIa,Municipal,Primario
113394,2025.0,5.0,192.0,3328.0,MSIIIa,Municipal,Primario
113394,2025.0,6.0,90.0,3328.0,MSIIIa,Municipal,Primario
113394,2025.0,7.0,376.0,3328.0,MSIIIa,Municipal,Primario
113394,2025.0,8.0,184.0,3328.0,MSIIIa,Municipal,Primario
113394,2025.0,9.0,204.0,3328.0,MSIIIa,Municipal,Primario
113394,2025.0,10.0,161.0,3328.0,MSIIIa,Municipal,Primario
113396,2025.0,1.0,418.0,2477.0,MSIIIa,Municipal,Primario
113396,2025.0,2.0,330.0,2477.0,MSIIIa,Municipal,Primario
113396,2025.0,3.0,264.0,2477.0,MSIIIa,Municipal,Primario
113396,2025.0,4.0,284.0,2477.0,MSIIIa,Municipal,Primario
113396,2025.0,5.0,174.0,2477.0,MSIIIa,Municipal,Primario
113396,2025.0,6.0,178.0,2477.0,MSIIIa,Municipal,Primario
113396,2025.0,7.0,132.0,2477.0,MSIIIa,Municipal,Primario
113396,2025.0,8.0,184.0,2477.0,MSIIIa,Municipal,Primario
113396,2025.0,9.0,114.0,2477.0,MSIIIa,Municipal,Primario
113396,2025.0,10.0,41.0,2477.0,MSIIIa,Municipal,Primario
113402,2025.0,1.0,76.0,702.0,MSIIIa,Municipal,Primario
113402,2025.0,2.0,50.0,702.0,MSIIIa,Municipal,Primario
113402,2025.0,3.0,34.0,702.0,MSIIIa,Municipal,Primario
113402,2025.0,4.0,66.0,702.0,MSIIIa,Municipal,Primario
113402,2025.0,5.0,46.0,702.0,MSIIIa,Municipal,Primario
113402,2025.0,6.0,52.0,702.0,MSIIIa,Municipal,Primario
113402,2025.0,7.0,84.0,702.0,MSIIIa,Municipal,Primario
113402,2025.0,8.0,74.0,702.0,MSIIIa,Municipal,Primario
113402,2025.0,9.0,26.0,702.0,MSIIIa,Municipal,Primario
113402,2025.0,10.0,15.0,702.0,MSIIIa,Municipal,Primario
113404,2025.0,1.0,86.0,414.0,MSIIIa,Municipal,Primario
113404,2025.0,2.0,30.0,414.0,MSIIIa,Municipal,Primario
113404,2025.0,3.0,40.0,414.0,MSIIIa,Municipal,Primario
113404,2025.0,4.0,72.0,414.0,MSIIIa,Municipal,Primario
113404,2025.0,5.0,56.0,414.0,MSIIIa,Municipal,Primario
113404,2025.0,6.0,56.0,414.0,MSIIIa,Municipal,Primario
113404,2025.0,7.0,16.0,414.0,MSIIIa,Municipal,Primario
113404,2025.0,8.0,28.0,414.0,MSIIIa,Municipal,Primario
113404,2025.0,9.0,24.0,414.0,MSIIIa,Municipal,Primario
113404,2025.0,10.0,13.0,414.0,MSIIIa,Municipal,Primario
113405,2025.0,1.0,84.0,589.0,MSIIIa,Municipal,Primario
113405,2025.0,2.0,36.0,589.0,MSIIIa,Municipal,Primario
113405,2025.0,3.0,60.0,589.0,MSIIIa,Municipal,Primario
113405,2025.0,4.0,74.0,589.0,MSIIIa,Municipal,Primario
113405,2025.0,5.0,52.0,589.0,MSIIIa,Municipal,Primario
113405,2025.0,6.0,60.0,589.0,MSIIIa,Municipal,Primario
113405,2025.0,7.0,38.0,589.0,MSIIIa,Municipal,Primario
113405,2025.0,8.0,78.0,589.0,MSIIIa,Municipal,Primario
113405,2025.0,9.0,28.0,589.0,MSIIIa,Municipal,Primario
113405,2025.0,10.0,12.0,589.0,MSIIIa,Municipal,Primario
113406,2025.0,1.0,30.0,158.0,MSIIIa,Municipal,Primario
113406,2025.0,2.0,16.0,158.0,MSIIIa,Municipal,Primario
113406,2025.0,3.0,16.0,158.0,MSIIIa,Municipal,Primario
113406,2025.0,4.0,12.0,158.0,MSIIIa,Municipal,Primario
113406,2025.0,5.0,16.0,158.0,MSIIIa,Municipal,Primario
113406,2025.0,6.0,14.0,158.0,MSIIIa,Municipal,Primario
113406,2025.0,7.0,8.0,158.0,MSIIIa,Municipal,Primario
113406,2025.0,8.0,6.0,158.0,MSIIIa,Municipal,Primario
113406,2025.0,9.0,10.0,158.0,MSIIIa,Municipal,Primario
113406,2025.0,10.0,6.0,158.0,MSIIIa,Municipal,Primario
113407,2025.0,1.0,52.0,329.0,MSIIIa,Municipal,Primario
113407,2025.0,2.0,60.0,329.0,MSIIIa,Municipal,Primario
113407,2025.0,3.0,30.0,329.0,MSIIIa,Municipal,Primario
113407,2025.0,4.0,24.0,329.0,MSIIIa,Municipal,Primario
113407,2025.0,5.0,16.0,329.0,MSIIIa,Municipal,Primario
113407,2025.0,6.0,18.0,329.0,MSIIIa,Municipal,Primario
113407,2025.0,7.0,28.0,329.0,MSIIIa,Municipal,Primario
113407,2025.0,8.0,26.0,329.0,MSIIIa,Municipal,Primario
113407,2025.0,9.0,2.0,329.0,MSIIIa,Municipal,Primario
113407,2025.0,10.0,3.0,329.0,MSIIIa,Municipal,Primario
113408,2025.0,1.0,30.0,269.0,MSIIIa,Municipal,Primario
113408,2025.0,2.0,26.0,269.0,MSIIIa,Municipal,Primario
113408,2025.0,3.0,68.0,269.0,MSIIIa,Municipal,Primario
113408,2025.0,4.0,52.0,269.0,MSIIIa,Municipal,Primario
113408,2025.0,5.0,32.0,269.0,MSIIIa,Municipal,Primario
113408,2025.0,6.0,24.0,269.0,MSIIIa,Municipal,Primario
113408,2025.0,7.0,38.0,269.0,MSIIIa,Municipal,Primario
113408,2025.0,8.0,22.0,269.0,MSIIIa,Municipal,Primario
113408,2025.0,9.0,26.0,269.0,MSIIIa,Municipal,Primario
113408,2025.0,10.0,14.0,269.0,MSIIIa,Municipal,Primario
113409,2025.0,1.0,48.0,817.0,MSIIIa,Municipal,Primario
113409,2025.0,2.0,26.0,817.0,MSIIIa,Municipal,Primario
113409,2025.0,3.0,94.0,817.0,MSIIIa,Municipal,Primario
113409,2025.0,4.0,54.0,817.0,MSIIIa,Municipal,Primario
113409,2025.0,5.0,118.0,817.0,MSIIIa,Municipal,Primario
113409,2025.0,6.0,38.0,817.0,MSIIIa,Municipal,Primario
113409,2025.0,7.0,40.0,817.0,MSIIIa,Municipal,Primario
113409,2025.0,8.0,44.0,817.0,MSIIIa,Municipal,Primario
113409,2025.0,9.0,38.0,817.0,MSIIIa,Municipal,Primario
113409,2025.0,10.0,13.0,817.0,MSIIIa,Municipal,Primario
113410,2025.0,1.0,10.0,122.0,MSIIIa,Municipal,Primario
113410,2025.0,2.0,4.0,122.0,MSIIIa,Municipal,Primario
113410,2025.0,3.0,28.0,122.0,MSIIIa,Municipal,Primario
113410,2025.0,4.0,60.0,122.0,MSIIIa,Municipal,Primario
113410,2025.0,5.0,8.0,122.0,MSIIIa,Municipal,Primario
113410,2025.0,6.0,20.0,122.0,MSIIIa,Municipal,Primario
113410,2025.0,7.0,18.0,122.0,MSIIIa,Municipal,Primario
113410,2025.0,8.0,12.0,122.0,MSIIIa,Municipal,Primario
113410,2025.0,9.0,12.0,122.0,MSIIIa,Municipal,Primario
113410,2025.0,10.0,5.0,122.0,MSIIIa,Municipal,Primario
113411,2025.0,1.0,32.0,275.0,MSIIIa,Municipal,Primario
113411,2025.0,2.0,14.0,275.0,MSIIIa,Municipal,Primario
113411,2025.0,3.0,40.0,275.0,MSIIIa,Municipal,Primario
113411,2025.0,4.0,30.0,275.0,MSIIIa,Municipal,Primario
113411,2025.0,5.0,26.0,275.0,MSIIIa,Municipal,Primario
113411,2025.0,6.0,16.0,275.0,MSIIIa,Municipal,Primario
113411,2025.0,7.0,4.0,275.0,MSIIIa,Municipal,Primario
113411,2025.0,8.0,20.0,275.0,MSIIIa,Municipal,Primario
113411,2025.0,9.0,16.0,275.0,MSIIIa,Municipal,Primario
113411,2025.0,10.0,16.0,275.0,MSIIIa,Municipal,Primario
113412,2025.0,1.0,20.0,208.0,MSIIIa,Municipal,Primario
113412,2025.0,2.0,2.0,208.0,MSIIIa,Municipal,Primario
113412,2025.0,3.0,46.0,208.0,MSIIIa,Municipal,Primario
113412,2025.0,4.0,28.0,208.0,MSIIIa,Municipal,Primario
113412,2025.0,5.0,16.0,208.0,MSIIIa,Municipal,Primario
113412,2025.0,6.0,14.0,208.0,MSIIIa,Municipal,Primario
113412,2025.0,7.0,24.0,208.0,MSIIIa,Municipal,Primario
113412,2025.0,8.0,24.0,208.0,MSIIIa,Municipal,Primario
113412,2025.0,9.0,22.0,208.0,MSIIIa,Municipal,Primario
113412,2025.0,10.0,29.0,208.0,MSIIIa,Municipal,Primario
113413,,,,18.0,MSIIIa,Municipal,Primario
113701,2025.0,1.0,78.0,808.0,MSIIIa,Municipal,Primario
113701,2025.0,2.0,112.0,808.0,MSIIIa,Municipal,Primario
113701,2025.0,3.0,50.0,808.0,MSIIIa,Municipal,Primario
113701,2025.0,4.0,74.0,808.0,MSIIIa,Municipal,Primario
113701,2025.0,5.0,50.0,808.0,MSIIIa,Municipal,Primario
113701,2025.0,6.0,54.0,808.0,MSIIIa,Municipal,Primario
113701,2025.0,7.0,86.0,808.0,MSIIIa,Municipal,Primario
113701,2025.0,8.0,18.0,808.0,MSIIIa,Municipal,Primario
113701,2025.0,9.0,18.0,808.0,MSIIIa,Municipal,Primario
113701,2025.0,10.0,15.0,808.0,MSIIIa,Municipal,Primario
113702,2025.0,1.0,14.0,293.0,MSIIIa,Municipal,Primario
113702,2025.0,2.0,28.0,293.0,MSIIIa,Municipal,Primario
113702,2025.0,3.0,62.0,293.0,MSIIIa,Municipal,Primario
113702,2025.0,4.0,34.0,293.0,MSIIIa,Municipal,Primario
113702,2025.0,5.0,46.0,293.0,MSIIIa,Municipal,Primario
113702,2025.0,6.0,52.0,293.0,MSIIIa,Municipal,Primario
113702,2025.0,7.0,22.0,293.0,MSIIIa,Municipal,Primario
113702,2025.0,8.0,12.0,293.0,MSIIIa,Municipal,Primario
113702,2025.0,9.0,16.0,293.0,MSIIIa,Municipal,Primario
113702,2025.0,10.0,10.0,293.0,MSIIIa,Municipal,Primario
113703,2025.0,1.0,38.0,535.0,MSIIIa,Municipal,Primario
113703,2025.0,2.0,48.0,535.0,MSIIIa,Municipal,Primario
113703,2025.0,3.0,66.0,535.0,MSIIIa,Municipal,Primario
113703,2025.0,4.0,84.0,535.0,MSIIIa,Municipal,Primario
113703,2025.0,5.0,72.0,535.0,MSIIIa,Municipal,Primario
113703,2025.0,6.0,42.0,535.0,MSIIIa,Municipal,Primario
113703,2025.0,7.0,76.0,535.0,MSIIIa,Municipal,Primario
113703,2025.0,8.0,26.0,535.0,MSIIIa,Municipal,Primario
113703,2025.0,9.0,14.0,535.0,MSIIIa,Municipal,Primario
113703,2025.0,10.0,13.0,535.0,MSIIIa,Municipal,Primario
113713,2025.0,1.0,66.0,528.0,MSIIIa,Municipal,Primario
113713,2025.0,2.0,48.0,528.0,MSIIIa,Municipal,Primario
113713,2025.0,3.0,26.0,528.0,MSIIIa,Municipal,Primario
113713,2025.0,4.0,68.0,528.0,MSIIIa,Municipal,Primario
113713,2025.0,5.0,30.0,528.0,MSIIIa,Municipal,Primario
113713,2025.0,6.0,44.0,528.0,MSIIIa,Municipal,Primario
113713,2025.0,7.0,42.0,528.0,MSIIIa,Municipal,Primario
113713,2025.0,8.0,44.0,528.0,MSIIIa,Municipal,Primario
113713,2025.0,9.0,22.0,528.0,MSIIIa,Municipal,Primario
113713,2025.0,10.0,16.0,528.0,MSIIIa,Municipal,Primario
113716,2025.0,1.0,100.0,587.0,MSIIIa,Municipal,Primario
113716,2025.0,2.0,8.0,587.0,MSIIIa,Municipal,Primario
113716,2025.0,3.0,62.0,587.0,MSIIIa,Municipal,Primario
113716,2025.0,4.0,80.0,587.0,MSIIIa,Municipal,Primario
113716,2025.0,5.0,76.0,587.0,MSIIIa,Municipal,Primario
113716,2025.0,6.0,56.0,587.0,MSIIIa,Municipal,Primario
113716,2025.0,7.0,70.0,587.0,MSIIIa,Municipal,Primario
113716,2025.0,8.0,32.0,587.0,MSIIIa,Municipal,Primario
113716,2025.0,9.0,38.0,587.0,MSIIIa,Municipal,Primario
113716,2025.0,10.0,27.0,587.0,MSIIIa,Municipal,Primario
113717,2025.0,1.0,36.0,476.0,MSIIIa,Municipal,Primario
113717,2025.0,2.0,58.0,476.0,MSIIIa,Municipal,Primario
113717,2025.0,3.0,50.0,476.0,MSIIIa,Municipal,Primario
113717,2025.0,4.0,68.0,476.0,MSIIIa,Municipal,Primario
113717,2025.0,5.0,52.0,476.0,MSIIIa,Municipal,Primario
113717,2025.0,6.0,36.0,476.0,MSIIIa,Municipal,Primario
113717,2025.0,7.0,58.0,476.0,MSIIIa,Municipal,Primario
113717,2025.0,8.0,48.0,476.0,MSIIIa,Municipal,Primario
113717,2025.0,9.0,24.0,476.0,MSIIIa,Municipal,Primario
113717,2025.0,10.0,16.0,476.0,MSIIIa,Municipal,Primario
113722,2025.0,1.0,56.0,603.0,MSIIIa,Municipal,Primario
113722,2025.0,2.0,34.0,603.0,MSIIIa,Municipal,Primario
113722,2025.0,3.0,28.0,603.0,MSIIIa,Municipal,Primario
113722,2025.0,4.0,22.0,603.0,MSIIIa,Municipal,Primario
113722,2025.0,5.0,34.0,603.0,MSIIIa,Municipal,Primario
113722,2025.0,6.0,60.0,603.0,MSIIIa,Municipal,Primario
113722,2025.0,7.0,26.0,603.0,MSIIIa,Municipal,Primario
113722,2025.0,8.0,56.0,603.0,MSIIIa,Municipal,Primario
113722,2025.0,9.0,70.0,603.0,MSIIIa,Municipal,Primario
113722,2025.0,10.0,43.0,603.0,MSIIIa,Municipal,Primario
113728,2025.0,1.0,52.0,795.0,MSIIIa,Municipal,Primario
113728,2025.0,2.0,88.0,795.0,MSIIIa,Municipal,Primario
113728,2025.0,3.0,52.0,795.0,MSIIIa,Municipal,Primario
113728,2025.0,4.0,90.0,795.0,MSIIIa,Municipal,Primario
113728,2025.0,5.0,114.0,795.0,MSIIIa,Municipal,Primario
113728,2025.0,6.0,96.0,795.0,MSIIIa,Municipal,Primario
113728,2025.0,7.0,118.0,795.0,MSIIIa,Municipal,Primario
113728,2025.0,8.0,92.0,795.0,MSIIIa,Municipal,Primario
113728,2025.0,9.0,54.0,795.0,MSIIIa,Municipal,Primario
113728,2025.0,10.0,29.0,795.0,MSIIIa,Municipal,Primario
113753,2025.0,1.0,24.0,218.0,MSIIIa,Municipal,Primario
113753,2025.0,2.0,18.0,218.0,MSIIIa,Municipal,Primario
113753,2025.0,3.0,16.0,218.0,MSIIIa,Municipal,Primario
113753,2025.0,4.0,32.0,218.0,MSIIIa,Municipal,Primario
113753,2025.0,5.0,22.0,218.0,MSIIIa,Municipal,Primario
113753,2025.0,6.0,22.0,218.0,MSIIIa,Municipal,Primario
113753,2025.0,7.0,30.0,218.0,MSIIIa,Municipal,Primario
113753,2025.0,8.0,6.0,218.0,MSIIIa,Municipal,Primario
113753,2025.0,9.0,16.0,218.0,MSIIIa,Municipal,Primario
113753,2025.0,10.0,13.0,218.0,MSIIIa,Municipal,Primario
113790,2025.0,1.0,114.0,1164.0,MSIIIa,Municipal,Primario
113790,2025.0,2.0,112.0,1164.0,MSIIIa,Municipal,Primario
113790,2025.0,3.0,110.0,1164.0,MSIIIa,Municipal,Primario
113790,2025.0,4.0,110.0,1164.0,MSIIIa,Municipal,Primario
113790,2025.0,5.0,92.0,1164.0,MSIIIa,Municipal,Primario
113790,2025.0,6.0,84.0,1164.0,MSIIIa,Municipal,Primario
113790,2025.0,7.0,88.0,1164.0,MSIIIa,Municipal,Primario
113790,2025.0,8.0,72.0,1164.0,MSIIIa,Municipal,Primario
113790,2025.0,9.0,80.0,1164.0,MSIIIa,Municipal,Primario
113790,2025.0,10.0,84.0,1164.0,MSIIIa,Municipal,Primario
114102,2025.0,1.0,82.0,93.0,MSIIIa,Servicio de Salud,Terciario
114102,2025.0,2.0,158.0,93.0,MSIIIa,Servicio de Salud,Terciario
114102,2025.0,3.0,132.0,93.0,MSIIIa,Servicio de Salud,Terciario
114102,2025.0,4.0,112.0,93.0,MSIIIa,Servicio de Salud,Terciario
114102,2025.0,5.0,92.0,93.0,MSIIIa,Servicio de Salud,Terciario
114102,2025.0,6.0,84.0,93.0,MSIIIa,Servicio de Salud,Terciario
114102,2025.0,7.0,64.0,93.0,MSIIIa,Servicio de Salud,Terciario
114102,2025.0,8.0,86.0,93.0,MSIIIa,Servicio de Salud,Terciario
114102,2025.0,9.0,66.0,93.0,MSIIIa,Servicio de Salud,Terciario
114102,2025.0,10.0,52.0,93.0,MSIIIa,Servicio de Salud,Terciario
114301,2025.0,1.0,648.0,8154.0,MSIIIa,Municipal,Primario
114301,2025.0,2.0,428.0,8154.0,MSIIIa,Municipal,Primario
114301,2025.0,3.0,612.0,8154.0,MSIIIa,Municipal,Primario
114301,2025.0,4.0,518.0,8154.0,MSIIIa,Municipal,Primario
114301,2025.0,5.0,642.0,8154.0,MSIIIa,Municipal,Primario
114301,2025.0,6.0,732.0,8154.0,MSIIIa,Municipal,Primario
114301,2025.0,7.0,920.0,8154.0,MSIIIa,Municipal,Primario
114301,2025.0,8.0,728.0,8154.0,MSIIIa,Municipal,Primario
114301,2025.0,9.0,580.0,8154.0,MSIIIa,Municipal,Primario
114301,2025.0,10.0,429.0,8154.0,MSIIIa,Municipal,Primario
114302,2025.0,1.0,352.0,2931.0,MSIIIa,Municipal,Primario
114302,2025.0,2.0,258.0,2931.0,MSIIIa,Municipal,Primario
114302,2025.0,3.0,266.0,2931.0,MSIIIa,Municipal,Primario
114302,2025.0,4.0,366.0,2931.0,MSIIIa,Municipal,Primario
114302,2025.0,5.0,288.0,2931.0,MSIIIa,Municipal,Primario
114302,2025.0,6.0,222.0,2931.0,MSIIIa,Municipal,Primario
114302,2025.0,7.0,192.0,2931.0,MSIIIa,Municipal,Primario
114302,2025.0,8.0,166.0,2931.0,MSIIIa,Municipal,Primario
114302,2025.0,9.0,320.0,2931.0,MSIIIa,Municipal,Primario
114302,2025.0,10.0,87.0,2931.0,MSIIIa,Municipal,Primario
114303,2025.0,1.0,224.0,4230.0,MSIIIa,Municipal,Primario
114303,2025.0,2.0,268.0,4230.0,MSIIIa,Municipal,Primario
114303,2025.0,3.0,320.0,4230.0,MSIIIa,Municipal,Primario
114303,2025.0,4.0,326.0,4230.0,MSIIIa,Municipal,Primario
114303,2025.0,5.0,216.0,4230.0,MSIIIa,Municipal,Primario
114303,2025.0,6.0,264.0,4230.0,MSIIIa,Municipal,Primario
114303,2025.0,7.0,314.0,4230.0,MSIIIa,Municipal,Primario
114303,2025.0,8.0,264.0,4230.0,MSIIIa,Municipal,Primario
114303,2025.0,9.0,294.0,4230.0,MSIIIa,Municipal,Primario
114303,2025.0,10.0,198.0,4230.0,MSIIIa,Municipal,Primario
114304,2025.0,1.0,272.0,3335.0,MSIIIa,Municipal,Primario
114304,2025.0,2.0,182.0,3335.0,MSIIIa,Municipal,Primario
114304,2025.0,3.0,274.0,3335.0,MSIIIa,Municipal,Primario
114304,2025.0,4.0,302.0,3335.0,MSIIIa,Municipal,Primario
114304,2025.0,5.0,238.0,3335.0,MSIIIa,Municipal,Primario
114304,2025.0,6.0,236.0,3335.0,MSIIIa,Municipal,Primario
114304,2025.0,7.0,282.0,3335.0,MSIIIa,Municipal,Primario
114304,2025.0,8.0,258.0,3335.0,MSIIIa,Municipal,Primario
114304,2025.0,9.0,252.0,3335.0,MSIIIa,Municipal,Primario
114304,2025.0,10.0,109.0,3335.0,MSIIIa,Municipal,Primario
114305,2025.0,1.0,354.0,5067.0,MSIIIa,Municipal,Primario
114305,2025.0,2.0,208.0,5067.0,MSIIIa,Municipal,Primario
114305,2025.0,3.0,364.0,5067.0,MSIIIa,Municipal,Primario
114305,2025.0,4.0,446.0,5067.0,MSIIIa,Municipal,Primario
114305,2025.0,5.0,290.0,5067.0,MSIIIa,Municipal,Primario
114305,2025.0,6.0,296.0,5067.0,MSIIIa,Municipal,Primario
114305,2025.0,7.0,430.0,5067.0,MSIIIa,Municipal,Primario
114305,2025.0,8.0,350.0,5067.0,MSIIIa,Municipal,Primario
114305,2025.0,9.0,452.0,5067.0,MSIIIa,Municipal,Primario
114305,2025.0,10.0,318.0,5067.0,MSIIIa,Municipal,Primario
114306,2025.0,1.0,370.0,3692.0,MSIIIa,Municipal,Primario
114306,2025.0,2.0,284.0,3692.0,MSIIIa,Municipal,Primario
114306,2025.0,3.0,394.0,3692.0,MSIIIa,Municipal,Primario
114306,2025.0,4.0,408.0,3692.0,MSIIIa,Municipal,Primario
114306,2025.0,5.0,306.0,3692.0,MSIIIa,Municipal,Primario
114306,2025.0,6.0,274.0,3692.0,MSIIIa,Municipal,Primario
114306,2025.0,7.0,484.0,3692.0,MSIIIa,Municipal,Primario
114306,2025.0,8.0,352.0,3692.0,MSIIIa,Municipal,Primario
114306,2025.0,9.0,258.0,3692.0,MSIIIa,Municipal,Primario
114306,2025.0,10.0,118.0,3692.0,MSIIIa,Municipal,Primario
114307,2025.0,1.0,274.0,2595.0,MSIIIa,Municipal,Primario
114307,2025.0,2.0,82.0,2595.0,MSIIIa,Municipal,Primario
114307,2025.0,3.0,240.0,2595.0,MSIIIa,Municipal,Primario
114307,2025.0,4.0,394.0,2595.0,MSIIIa,Municipal,Primario
114307,2025.0,5.0,282.0,2595.0,MSIIIa,Municipal,Primario
114307,2025.0,6.0,262.0,2595.0,MSIIIa,Municipal,Primario
114307,2025.0,7.0,244.0,2595.0,MSIIIa,Municipal,Primario
114307,2025.0,8.0,308.0,2595.0,MSIIIa,Municipal,Primario
114307,2025.0,9.0,242.0,2595.0,MSIIIa,Municipal,Primario
114307,2025.0,10.0,42.0,2595.0,MSIIIa,Municipal,Primario
114308,2025.0,1.0,340.0,2891.0,MSIIIa,Municipal,Primario
114308,2025.0,2.0,194.0,2891.0,MSIIIa,Municipal,Primario
114308,2025.0,3.0,152.0,2891.0,MSIIIa,Municipal,Primario
114308,2025.0,4.0,178.0,2891.0,MSIIIa,Municipal,Primario
114308,2025.0,5.0,190.0,2891.0,MSIIIa,Municipal,Primario
114308,2025.0,6.0,196.0,2891.0,MSIIIa,Municipal,Primario
114308,2025.0,7.0,208.0,2891.0,MSIIIa,Municipal,Primario
114308,2025.0,8.0,366.0,2891.0,MSIIIa,Municipal,Primario
114308,2025.0,9.0,102.0,2891.0,MSIIIa,Municipal,Primario
114308,2025.0,10.0,71.0,2891.0,MSIIIa,Municipal,Primario
114309,2025.0,1.0,292.0,2871.0,MSIIIa,Municipal,Primario
114309,2025.0,2.0,200.0,2871.0,MSIIIa,Municipal,Primario
114309,2025.0,3.0,194.0,2871.0,MSIIIa,Municipal,Primario
114309,2025.0,4.0,308.0,2871.0,MSIIIa,Municipal,Primario
114309,2025.0,5.0,200.0,2871.0,MSIIIa,Municipal,Primario
114309,2025.0,6.0,230.0,2871.0,MSIIIa,Municipal,Primario
114309,2025.0,7.0,176.0,2871.0,MSIIIa,Municipal,Primario
114309,2025.0,8.0,156.0,2871.0,MSIIIa,Municipal,Primario
114309,2025.0,9.0,206.0,2871.0,MSIIIa,Municipal,Primario
114309,2025.0,10.0,168.0,2871.0,MSIIIa,Municipal,Primario
114310,2025.0,1.0,152.0,1153.0,MSIIIa,Municipal,Primario
114310,2025.0,2.0,144.0,1153.0,MSIIIa,Municipal,Primario
114310,2025.0,3.0,126.0,1153.0,MSIIIa,Municipal,Primario
114310,2025.0,4.0,114.0,1153.0,MSIIIa,Municipal,Primario
114310,2025.0,5.0,104.0,1153.0,MSIIIa,Municipal,Primario
114310,2025.0,6.0,70.0,1153.0,MSIIIa,Municipal,Primario
114310,2025.0,7.0,43.0,1153.0,MSIIIa,Municipal,Primario
114310,2025.0,8.0,90.0,1153.0,MSIIIa,Municipal,Primario
114310,2025.0,9.0,56.0,1153.0,MSIIIa,Municipal,Primario
114310,2025.0,10.0,43.0,1153.0,MSIIIa,Municipal,Primario
114311,2025.0,1.0,258.0,3088.0,MSIIIa,Municipal,Primario
114311,2025.0,2.0,212.0,3088.0,MSIIIa,Municipal,Primario
114311,2025.0,3.0,232.0,3088.0,MSIIIa,Municipal,Primario
114311,2025.0,4.0,338.0,3088.0,MSIIIa,Municipal,Primario
114311,2025.0,5.0,370.0,3088.0,MSIIIa,Municipal,Primario
114311,2025.0,6.0,252.0,3088.0,MSIIIa,Municipal,Primario
114311,2025.0,7.0,308.0,3088.0,MSIIIa,Municipal,Primario
114311,2025.0,8.0,208.0,3088.0,MSIIIa,Municipal,Primario
114311,2025.0,9.0,188.0,3088.0,MSIIIa,Municipal,Primario
114311,2025.0,10.0,67.0,3088.0,MSIIIa,Municipal,Primario
114312,2025.0,1.0,326.0,4883.0,MSIIIa,Municipal,Primario
114312,2025.0,2.0,330.0,4883.0,MSIIIa,Municipal,Primario
114312,2025.0,3.0,356.0,4883.0,MSIIIa,Municipal,Primario
114312,2025.0,4.0,434.0,4883.0,MSIIIa,Municipal,Primario
114312,2025.0,5.0,394.0,4883.0,MSIIIa,Municipal,Primario
114312,2025.0,6.0,342.0,4883.0,MSIIIa,Municipal,Primario
114312,2025.0,7.0,422.0,4883.0,MSIIIa,Municipal,Primario
114312,2025.0,8.0,396.0,4883.0,MSIIIa,Municipal,Primario
114312,2025.0,9.0,294.0,4883.0,MSIIIa,Municipal,Primario
114312,2025.0,10.0,167.0,4883.0,MSIIIa,Municipal,Primario
114313,2025.0,1.0,254.0,3175.0,MSIIIa,Municipal,Primario
114313,2025.0,2.0,132.0,3175.0,MSIIIa,Municipal,Primario
114313,2025.0,3.0,214.0,3175.0,MSIIIa,Municipal,Primario
114313,2025.0,4.0,192.0,3175.0,MSIIIa,Municipal,Primario
114313,2025.0,5.0,132.0,3175.0,MSIIIa,Municipal,Primario
114313,2025.0,6.0,282.0,3175.0,MSIIIa,Municipal,Primario
114313,2025.0,7.0,366.0,3175.0,MSIIIa,Municipal,Primario
114313,2025.0,8.0,134.0,3175.0,MSIIIa,Municipal,Primario
114313,2025.0,9.0,262.0,3175.0,MSIIIa,Municipal,Primario
114313,2025.0,10.0,137.0,3175.0,MSIIIa,Municipal,Primario
114314,2025.0,1.0,206.0,2540.0,MSIIIa,Municipal,Primario
114314,2025.0,2.0,94.0,2540.0,MSIIIa,Municipal,Primario
114314,2025.0,3.0,98.0,2540.0,MSIIIa,Municipal,Primario
114314,2025.0,4.0,98.0,2540.0,MSIIIa,Municipal,Primario
114314,2025.0,5.0,820.0,2540.0,MSIIIa,Municipal,Primario
114314,2025.0,6.0,156.0,2540.0,MSIIIa,Municipal,Primario
114314,2025.0,7.0,136.0,2540.0,MSIIIa,Municipal,Primario
114314,2025.0,8.0,100.0,2540.0,MSIIIa,Municipal,Primario
114314,2025.0,9.0,160.0,2540.0,MSIIIa,Municipal,Primario
114314,2025.0,10.0,66.0,2540.0,MSIIIa,Municipal,Primario
114315,2025.0,1.0,152.0,1745.0,MSIIIa,Municipal,Primario
114315,2025.0,2.0,224.0,1745.0,MSIIIa,Municipal,Primario
114315,2025.0,3.0,218.0,1745.0,MSIIIa,Municipal,Primario
114315,2025.0,4.0,214.0,1745.0,MSIIIa,Municipal,Primario
114315,2025.0,5.0,162.0,1745.0,MSIIIa,Municipal,Primario
114315,2025.0,6.0,136.0,1745.0,MSIIIa,Municipal,Primario
114315,2025.0,7.0,140.0,1745.0,MSIIIa,Municipal,Primario
114315,2025.0,8.0,104.0,1745.0,MSIIIa,Municipal,Primario
114315,2025.0,9.0,118.0,1745.0,MSIIIa,Municipal,Primario
114315,2025.0,10.0,60.0,1745.0,MSIIIa,Municipal,Primario
114316,2025.0,1.0,406.0,3603.0,MSIIIa,Municipal,Primario
114316,2025.0,2.0,312.0,3603.0,MSIIIa,Municipal,Primario
114316,2025.0,3.0,312.0,3603.0,MSIIIa,Municipal,Primario
114316,2025.0,4.0,338.0,3603.0,MSIIIa,Municipal,Primario
114316,2025.0,5.0,252.0,3603.0,MSIIIa,Municipal,Primario
114316,2025.0,6.0,288.0,3603.0,MSIIIa,Municipal,Primario
114316,2025.0,7.0,376.0,3603.0,MSIIIa,Municipal,Primario
114316,2025.0,8.0,250.0,3603.0,MSIIIa,Municipal,Primario
114316,2025.0,9.0,200.0,3603.0,MSIIIa,Municipal,Primario
114316,2025.0,10.0,139.0,3603.0,MSIIIa,Municipal,Primario
114317,2025.0,1.0,294.0,3208.0,MSIIIa,Municipal,Primario
114317,2025.0,2.0,428.0,3208.0,MSIIIa,Municipal,Primario
114317,2025.0,3.0,340.0,3208.0,MSIIIa,Municipal,Primario
114317,2025.0,4.0,314.0,3208.0,MSIIIa,Municipal,Primario
114317,2025.0,5.0,256.0,3208.0,MSIIIa,Municipal,Primario
114317,2025.0,6.0,260.0,3208.0,MSIIIa,Municipal,Primario
114317,2025.0,7.0,318.0,3208.0,MSIIIa,Municipal,Primario
114317,2025.0,8.0,196.0,3208.0,MSIIIa,Municipal,Primario
114317,2025.0,9.0,140.0,3208.0,MSIIIa,Municipal,Primario
114317,2025.0,10.0,111.0,3208.0,MSIIIa,Municipal,Primario
114318,2025.0,1.0,48.0,1046.0,MSIIIa,Municipal,Primario
114318,2025.0,2.0,102.0,1046.0,MSIIIa,Municipal,Primario
114318,2025.0,3.0,152.0,1046.0,MSIIIa,Municipal,Primario
114318,2025.0,4.0,108.0,1046.0,MSIIIa,Municipal,Primario
114318,2025.0,5.0,88.0,1046.0,MSIIIa,Municipal,Primario
114318,2025.0,6.0,120.0,1046.0,MSIIIa,Municipal,Primario
114318,2025.0,7.0,102.0,1046.0,MSIIIa,Municipal,Primario
114318,2025.0,8.0,86.0,1046.0,MSIIIa,Municipal,Primario
114318,2025.0,9.0,60.0,1046.0,MSIIIa,Municipal,Primario
114318,2025.0,10.0,37.0,1046.0,MSIIIa,Municipal,Primario
114319,2025.0,1.0,496.0,3603.0,MSIIIa,Municipal,Primario
114319,2025.0,2.0,304.0,3603.0,MSIIIa,Municipal,Primario
114319,2025.0,3.0,390.0,3603.0,MSIIIa,Municipal,Primario
114319,2025.0,4.0,280.0,3603.0,MSIIIa,Municipal,Primario
114319,2025.0,5.0,218.0,3603.0,MSIIIa,Municipal,Primario
114319,2025.0,6.0,164.0,3603.0,MSIIIa,Municipal,Primario
114319,2025.0,7.0,276.0,3603.0,MSIIIa,Municipal,Primario
114319,2025.0,8.0,238.0,3603.0,MSIIIa,Municipal,Primario
114319,2025.0,9.0,228.0,3603.0,MSIIIa,Municipal,Primario
114319,2025.0,10.0,118.0,3603.0,MSIIIa,Municipal,Primario
114320,2025.0,1.0,438.0,4904.0,MSIIIa,Municipal,Primario
114320,2025.0,2.0,220.0,4904.0,MSIIIa,Municipal,Primario
114320,2025.0,3.0,352.0,4904.0,MSIIIa,Municipal,Primario
114320,2025.0,4.0,686.0,4904.0,MSIIIa,Municipal,Primario
114320,2025.0,5.0,480.0,4904.0,MSIIIa,Municipal,Primario
114320,2025.0,6.0,280.0,4904.0,MSIIIa,Municipal,Primario
114320,2025.0,7.0,532.0,4904.0,MSIIIa,Municipal,Primario
114320,2025.0,8.0,336.0,4904.0,MSIIIa,Municipal,Primario
114320,2025.0,9.0,398.0,4904.0,MSIIIa,Municipal,Primario
114320,2025.0,10.0,145.0,4904.0,MSIIIa,Municipal,Primario
114321,2025.0,1.0,392.0,4519.0,MSIIIa,Municipal,Primario
114321,2025.0,2.0,406.0,4519.0,MSIIIa,Municipal,Primario
114321,2025.0,3.0,346.0,4519.0,MSIIIa,Municipal,Primario
114321,2025.0,4.0,324.0,4519.0,MSIIIa,Municipal,Primario
114321,2025.0,5.0,384.0,4519.0,MSIIIa,Municipal,Primario
114321,2025.0,6.0,382.0,4519.0,MSIIIa,Municipal,Primario
114321,2025.0,7.0,224.0,4519.0,MSIIIa,Municipal,Primario
114321,2025.0,8.0,266.0,4519.0,MSIIIa,Municipal,Primario
114321,2025.0,9.0,366.0,4519.0,MSIIIa,Municipal,Primario
114321,2025.0,10.0,202.0,4519.0,MSIIIa,Municipal,Primario
114322,2025.0,1.0,706.0,7301.0,MSIIIa,Municipal,Primario
114322,2025.0,2.0,350.0,7301.0,MSIIIa,Municipal,Primario
114322,2025.0,3.0,600.0,7301.0,MSIIIa,Municipal,Primario
114322,2025.0,4.0,552.0,7301.0,MSIIIa,Municipal,Primario
114322,2025.0,5.0,484.0,7301.0,MSIIIa,Municipal,Primario
114322,2025.0,6.0,498.0,7301.0,MSIIIa,Municipal,Primario
114322,2025.0,7.0,594.0,7301.0,MSIIIa,Municipal,Primario
114322,2025.0,8.0,414.0,7301.0,MSIIIa,Municipal,Primario
114322,2025.0,9.0,516.0,7301.0,MSIIIa,Municipal,Primario
114322,2025.0,10.0,496.0,7301.0,MSIIIa,Municipal,Primario
114323,2025.0,1.0,190.0,2030.0,MSIIIa,Delegados ,Primario
114323,2025.0,2.0,170.0,2030.0,MSIIIa,Delegados ,Primario
114323,2025.0,3.0,184.0,2030.0,MSIIIa,Delegados ,Primario
114323,2025.0,4.0,136.0,2030.0,MSIIIa,Delegados ,Primario
114323,2025.0,5.0,152.0,2030.0,MSIIIa,Delegados ,Primario
114323,2025.0,6.0,120.0,2030.0,MSIIIa,Delegados ,Primario
114323,2025.0,7.0,200.0,2030.0,MSIIIa,Delegados ,Primario
114323,2025.0,8.0,104.0,2030.0,MSIIIa,Delegados ,Primario
114323,2025.0,9.0,124.0,2030.0,MSIIIa,Delegados ,Primario
114323,2025.0,10.0,49.0,2030.0,MSIIIa,Delegados ,Primario
114324,2025.0,1.0,440.0,4253.0,MSIIIa,Municipal,Primario
114324,2025.0,2.0,186.0,4253.0,MSIIIa,Municipal,Primario
114324,2025.0,3.0,400.0,4253.0,MSIIIa,Municipal,Primario
114324,2025.0,4.0,388.0,4253.0,MSIIIa,Municipal,Primario
114324,2025.0,5.0,340.0,4253.0,MSIIIa,Municipal,Primario
114324,2025.0,6.0,266.0,4253.0,MSIIIa,Municipal,Primario
114324,2025.0,7.0,328.0,4253.0,MSIIIa,Municipal,Primario
114324,2025.0,8.0,326.0,4253.0,MSIIIa,Municipal,Primario
114324,2025.0,9.0,286.0,4253.0,MSIIIa,Municipal,Primario
114324,2025.0,10.0,117.0,4253.0,MSIIIa,Municipal,Primario
114325,2025.0,1.0,424.0,4036.0,MSIIIa,Municipal,Primario
114325,2025.0,2.0,342.0,4036.0,MSIIIa,Municipal,Primario
114325,2025.0,3.0,374.0,4036.0,MSIIIa,Municipal,Primario
114325,2025.0,4.0,376.0,4036.0,MSIIIa,Municipal,Primario
114325,2025.0,5.0,184.0,4036.0,MSIIIa,Municipal,Primario
114325,2025.0,6.0,296.0,4036.0,MSIIIa,Municipal,Primario
114325,2025.0,7.0,310.0,4036.0,MSIIIa,Municipal,Primario
114325,2025.0,8.0,376.0,4036.0,MSIIIa,Municipal,Primario
114325,2025.0,9.0,314.0,4036.0,MSIIIa,Municipal,Primario
114325,2025.0,10.0,232.0,4036.0,MSIIIa,Municipal,Primario
114326,2025.0,1.0,570.0,4751.0,MSIIIa,Municipal,Primario
114326,2025.0,2.0,424.0,4751.0,MSIIIa,Municipal,Primario
114326,2025.0,3.0,374.0,4751.0,MSIIIa,Municipal,Primario
114326,2025.0,4.0,432.0,4751.0,MSIIIa,Municipal,Primario
114326,2025.0,5.0,314.0,4751.0,MSIIIa,Municipal,Primario
114326,2025.0,6.0,460.0,4751.0,MSIIIa,Municipal,Primario
114326,2025.0,7.0,308.0,4751.0,MSIIIa,Municipal,Primario
114326,2025.0,8.0,272.0,4751.0,MSIIIa,Municipal,Primario
114326,2025.0,9.0,190.0,4751.0,MSIIIa,Municipal,Primario
114326,2025.0,10.0,68.0,4751.0,MSIIIa,Municipal,Primario
114327,2025.0,1.0,298.0,2154.0,MSIIIa,Delegados ,Primario
114327,2025.0,2.0,104.0,2154.0,MSIIIa,Delegados ,Primario
114327,2025.0,3.0,288.0,2154.0,MSIIIa,Delegados ,Primario
114327,2025.0,4.0,294.0,2154.0,MSIIIa,Delegados ,Primario
114327,2025.0,5.0,168.0,2154.0,MSIIIa,Delegados ,Primario
114327,2025.0,6.0,210.0,2154.0,MSIIIa,Delegados ,Primario
114327,2025.0,7.0,204.0,2154.0,MSIIIa,Delegados ,Primario
114327,2025.0,8.0,140.0,2154.0,MSIIIa,Delegados ,Primario
114327,2025.0,9.0,92.0,2154.0,MSIIIa,Delegados ,Primario
114327,2025.0,10.0,68.0,2154.0,MSIIIa,Delegados ,Primario
114328,2025.0,1.0,364.0,2718.0,MSIIIa,Municipal,Primario
114328,2025.0,2.0,204.0,2718.0,MSIIIa,Municipal,Primario
114328,2025.0,3.0,244.0,2718.0,MSIIIa,Municipal,Primario
114328,2025.0,4.0,396.0,2718.0,MSIIIa,Municipal,Primario
114328,2025.0,5.0,258.0,2718.0,MSIIIa,Municipal,Primario
114328,2025.0,6.0,340.0,2718.0,MSIIIa,Municipal,Primario
114328,2025.0,7.0,252.0,2718.0,MSIIIa,Municipal,Primario
114328,2025.0,8.0,246.0,2718.0,MSIIIa,Municipal,Primario
114328,2025.0,9.0,132.0,2718.0,MSIIIa,Municipal,Primario
114328,2025.0,10.0,56.0,2718.0,MSIIIa,Municipal,Primario
114329,2025.0,1.0,240.0,2177.0,MSIIIa,Delegados ,Primario
114329,2025.0,2.0,256.0,2177.0,MSIIIa,Delegados ,Primario
114329,2025.0,3.0,296.0,2177.0,MSIIIa,Delegados ,Primario
114329,2025.0,4.0,310.0,2177.0,MSIIIa,Delegados ,Primario
114329,2025.0,5.0,218.0,2177.0,MSIIIa,Delegados ,Primario
114329,2025.0,6.0,176.0,2177.0,MSIIIa,Delegados ,Primario
114329,2025.0,7.0,196.0,2177.0,MSIIIa,Delegados ,Primario
114329,2025.0,8.0,112.0,2177.0,MSIIIa,Delegados ,Primario
114329,2025.0,9.0,86.0,2177.0,MSIIIa,Delegados ,Primario
114329,2025.0,10.0,54.0,2177.0,MSIIIa,Delegados ,Primario
114330,2025.0,1.0,392.0,3256.0,MSIIIa,Municipal,Primario
114330,2025.0,2.0,178.0,3256.0,MSIIIa,Municipal,Primario
114330,2025.0,3.0,370.0,3256.0,MSIIIa,Municipal,Primario
114330,2025.0,4.0,376.0,3256.0,MSIIIa,Municipal,Primario
114330,2025.0,5.0,300.0,3256.0,MSIIIa,Municipal,Primario
114330,2025.0,6.0,290.0,3256.0,MSIIIa,Municipal,Primario
114330,2025.0,7.0,230.0,3256.0,MSIIIa,Municipal,Primario
114330,2025.0,8.0,194.0,3256.0,MSIIIa,Municipal,Primario
114330,2025.0,9.0,148.0,3256.0,MSIIIa,Municipal,Primario
114330,2025.0,10.0,97.0,3256.0,MSIIIa,Municipal,Primario
114331,2025.0,1.0,384.0,4236.0,MSIIIa,Municipal,Primario
114331,2025.0,2.0,272.0,4236.0,MSIIIa,Municipal,Primario
114331,2025.0,3.0,328.0,4236.0,MSIIIa,Municipal,Primario
114331,2025.0,4.0,390.0,4236.0,MSIIIa,Municipal,Primario
114331,2025.0,5.0,334.0,4236.0,MSIIIa,Municipal,Primario
114331,2025.0,6.0,400.0,4236.0,MSIIIa,Municipal,Primario
114331,2025.0,7.0,462.0,4236.0,MSIIIa,Municipal,Primario
114331,2025.0,8.0,338.0,4236.0,MSIIIa,Municipal,Primario
114331,2025.0,9.0,300.0,4236.0,MSIIIa,Municipal,Primario
114331,2025.0,10.0,170.0,4236.0,MSIIIa,Municipal,Primario
114332,2025.0,1.0,326.0,3904.0,MSIIIa,Municipal,Primario
114332,2025.0,2.0,236.0,3904.0,MSIIIa,Municipal,Primario
114332,2025.0,3.0,300.0,3904.0,MSIIIa,Municipal,Primario
114332,2025.0,4.0,360.0,3904.0,MSIIIa,Municipal,Primario
114332,2025.0,5.0,392.0,3904.0,MSIIIa,Municipal,Primario
114332,2025.0,6.0,288.0,3904.0,MSIIIa,Municipal,Primario
114332,2025.0,7.0,284.0,3904.0,MSIIIa,Municipal,Primario
114332,2025.0,8.0,204.0,3904.0,MSIIIa,Municipal,Primario
114332,2025.0,9.0,156.0,3904.0,MSIIIa,Municipal,Primario
114332,2025.0,10.0,130.0,3904.0,MSIIIa,Municipal,Primario
114333,2025.0,1.0,156.0,1275.0,MSIIIa,Municipal,Primario
114333,2025.0,2.0,70.0,1275.0,MSIIIa,Municipal,Primario
114333,2025.0,3.0,136.0,1275.0,MSIIIa,Municipal,Primario
114333,2025.0,4.0,130.0,1275.0,MSIIIa,Municipal,Primario
114333,2025.0,5.0,116.0,1275.0,MSIIIa,Municipal,Primario
114333,2025.0,6.0,94.0,1275.0,MSIIIa,Municipal,Primario
114333,2025.0,7.0,94.0,1275.0,MSIIIa,Municipal,Primario
114333,2025.0,8.0,98.0,1275.0,MSIIIa,Municipal,Primario
114333,2025.0,9.0,62.0,1275.0,MSIIIa,Municipal,Primario
114333,2025.0,10.0,31.0,1275.0,MSIIIa,Municipal,Primario
114334,2025.0,1.0,376.0,3254.0,MSIIIa,Municipal,Primario
114334,2025.0,2.0,266.0,3254.0,MSIIIa,Municipal,Primario
114334,2025.0,3.0,370.0,3254.0,MSIIIa,Municipal,Primario
114334,2025.0,4.0,266.0,3254.0,MSIIIa,Municipal,Primario
114334,2025.0,5.0,332.0,3254.0,MSIIIa,Municipal,Primario
114334,2025.0,6.0,236.0,3254.0,MSIIIa,Municipal,Primario
114334,2025.0,7.0,222.0,3254.0,MSIIIa,Municipal,Primario
114334,2025.0,8.0,212.0,3254.0,MSIIIa,Municipal,Primario
114334,2025.0,9.0,186.0,3254.0,MSIIIa,Municipal,Primario
114334,2025.0,10.0,102.0,3254.0,MSIIIa,Municipal,Primario
114401,2025.0,1.0,4.0,128.0,MSIIIa,Municipal,Primario
114401,2025.0,2.0,20.0,128.0,MSIIIa,Municipal,Primario
114401,2025.0,3.0,4.0,128.0,MSIIIa,Municipal,Primario
114401,2025.0,4.0,10.0,128.0,MSIIIa,Municipal,Primario
114401,2025.0,5.0,8.0,128.0,MSIIIa,Municipal,Primario
114401,2025.0,6.0,12.0,128.0,MSIIIa,Municipal,Primario
114401,2025.0,7.0,6.0,128.0,MSIIIa,Municipal,Primario
114401,2025.0,8.0,8.0,128.0,MSIIIa,Municipal,Primario
114401,2025.0,9.0,20.0,128.0,MSIIIa,Municipal,Primario
114401,2025.0,10.0,8.0,128.0,MSIIIa,Municipal,Primario
114403,2025.0,6.0,2.0,8.0,MSIIIa,Municipal,Primario
114403,2025.0,7.0,3.0,8.0,MSIIIa,Municipal,Primario
114403,2025.0,10.0,1.0,8.0,MSIIIa,Municipal,Primario
114406,2025.0,1.0,12.0,40.0,MSIIIa,Municipal,Primario
114406,2025.0,2.0,10.0,40.0,MSIIIa,Municipal,Primario
114406,2025.0,3.0,0.0,40.0,MSIIIa,Municipal,Primario
114406,2025.0,4.0,10.0,40.0,MSIIIa,Municipal,Primario
114406,2025.0,5.0,8.0,40.0,MSIIIa,Municipal,Primario
114406,2025.0,6.0,12.0,40.0,MSIIIa,Municipal,Primario
114406,2025.0,7.0,2.0,40.0,MSIIIa,Municipal,Primario
114406,2025.0,8.0,0.0,40.0,MSIIIa,Municipal,Primario
114406,2025.0,9.0,0.0,40.0,MSIIIa,Municipal,Primario
114406,2025.0,10.0,2.0,40.0,MSIIIa,Municipal,Primario
114407,2025.0,2.0,24.0,89.0,MSIIIa,Municipal,Primario
114407,2025.0,3.0,10.0,89.0,MSIIIa,Municipal,Primario
114407,2025.0,5.0,24.0,89.0,MSIIIa,Municipal,Primario
114407,2025.0,6.0,68.0,89.0,MSIIIa,Municipal,Primario
114407,2025.0,7.0,54.0,89.0,MSIIIa,Municipal,Primario
114407,2025.0,8.0,20.0,89.0,MSIIIa,Municipal,Primario
114407,2025.0,9.0,28.0,89.0,MSIIIa,Municipal,Primario
114407,2025.0,10.0,7.0,89.0,MSIIIa,Municipal,Primario
114408,,,,1.0,MSIIIa,Municipal,Primario
114410,2025.0,2.0,4.0,14.0,MSIIIa,Municipal,Primario
114410,2025.0,3.0,6.0,14.0,MSIIIa,Municipal,Primario
114410,2025.0,4.0,2.0,14.0,MSIIIa,Municipal,Primario
114410,2025.0,6.0,26.0,14.0,MSIIIa,Municipal,Primario
114410,2025.0,7.0,26.0,14.0,MSIIIa,Municipal,Primario
114410,2025.0,8.0,10.0,14.0,MSIIIa,Municipal,Primario
114410,2025.0,9.0,10.0,14.0,MSIIIa,Municipal,Primario
114410,2025.0,10.0,8.0,14.0,MSIIIa,Municipal,Primario
114706,2025.0,1.0,86.0,20.0,MSIIIa,Municipal,Primario
114706,2025.0,2.0,28.0,20.0,MSIIIa,Municipal,Primario
114706,2025.0,3.0,112.0,20.0,MSIIIa,Municipal,Primario
114706,2025.0,4.0,88.0,20.0,MSIIIa,Municipal,Primario
114706,2025.0,5.0,38.0,20.0,MSIIIa,Municipal,Primario
114706,2025.0,6.0,76.0,20.0,MSIIIa,Municipal,Primario
114706,2025.0,7.0,66.0,20.0,MSIIIa,Municipal,Primario
114706,2025.0,8.0,64.0,20.0,MSIIIa,Municipal,Primario
114706,2025.0,9.0,42.0,20.0,MSIIIa,Municipal,Primario
114706,2025.0,10.0,28.0,20.0,MSIIIa,Municipal,Primario
114714,2025.0,2.0,24.0,594.0,MSIIIa,Municipal,Primario
114714,2025.0,3.0,16.0,594.0,MSIIIa,Municipal,Primario
114714,2025.0,4.0,10.0,594.0,MSIIIa,Municipal,Primario
114714,2025.0,5.0,470.0,594.0,MSIIIa,Municipal,Primario
114714,2025.0,6.0,74.0,594.0,MSIIIa,Municipal,Primario
114714,2025.0,7.0,16.0,594.0,MSIIIa,Municipal,Primario
114714,2025.0,8.0,22.0,594.0,MSIIIa,Municipal,Primario
114714,2025.0,9.0,12.0,594.0,MSIIIa,Municipal,Primario
114714,2025.0,10.0,29.0,594.0,MSIIIa,Municipal,Primario
114796,2025.0,1.0,52.0,43.0,MSIIIa,Municipal,Primario
114796,2025.0,2.0,46.0,43.0,MSIIIa,Municipal,Primario
114796,2025.0,3.0,46.0,43.0,MSIIIa,Municipal,Primario
114796,2025.0,4.0,24.0,43.0,MSIIIa,Municipal,Primario
114796,2025.0,5.0,20.0,43.0,MSIIIa,Municipal,Primario
114796,2025.0,6.0,74.0,43.0,MSIIIa,Municipal,Primario
114796,2025.0,7.0,74.0,43.0,MSIIIa,Municipal,Primario
114796,2025.0,8.0,72.0,43.0,MSIIIa,Municipal,Primario
114796,2025.0,9.0,94.0,43.0,MSIIIa,Municipal,Primario
114796,2025.0,10.0,21.0,43.0,MSIIIa,Municipal,Primario
114819,2025.0,10.0,118.0,,MSIIIa,Municipal,Primario
200037,2025.0,1.0,64.0,4.0,MSIIIa,Municipal,Primario
200037,2025.0,2.0,40.0,4.0,MSIIIa,Municipal,Primario
200037,2025.0,3.0,36.0,4.0,MSIIIa,Municipal,Primario
200037,2025.0,4.0,66.0,4.0,MSIIIa,Municipal,Primario
200037,2025.0,5.0,14.0,4.0,MSIIIa,Municipal,Primario
200037,2025.0,6.0,50.0,4.0,MSIIIa,Municipal,Primario
200037,2025.0,7.0,24.0,4.0,MSIIIa,Municipal,Primario
200037,2025.0,8.0,50.0,4.0,MSIIIa,Municipal,Primario
200037,2025.0,9.0,28.0,4.0,MSIIIa,Municipal,Primario
200037,2025.0,10.0,31.0,4.0,MSIIIa,Municipal,Primario
200080,2025.0,1.0,54.0,5.0,MSIIIa,Municipal,No Aplica
200080,2025.0,2.0,107.0,5.0,MSIIIa,Municipal,No Aplica
200080,2025.0,3.0,119.0,5.0,MSIIIa,Municipal,No Aplica
200080,2025.0,4.0,158.0,5.0,MSIIIa,Municipal,No Aplica
200080,2025.0,5.0,97.0,5.0,MSIIIa,Municipal,No Aplica
200080,2025.0,6.0,72.0,5.0,MSIIIa,Municipal,No Aplica
200080,2025.0,7.0,113.0,5.0,MSIIIa,Municipal,No Aplica
200080,2025.0,8.0,63.0,5.0,MSIIIa,Municipal,No Aplica
200080,2025.0,9.0,74.0,5.0,MSIIIa,Municipal,No Aplica
200080,2025.0,10.0,53.0,5.0,MSIIIa,Municipal,No Aplica
200188,,,,1.0,MSIIIa,Municipal,No Aplica
200210,2025.0,1.0,58.0,514.0,MSIIIa,Municipal,Primario
200210,2025.0,2.0,56.0,514.0,MSIIIa,Municipal,Primario
200210,2025.0,3.0,58.0,514.0,MSIIIa,Municipal,Primario
200210,2025.0,4.0,58.0,514.0,MSIIIa,Municipal,Primario
200210,2025.0,5.0,58.0,514.0,MSIIIa,Municipal,Primario
200210,2025.0,6.0,42.0,514.0,MSIIIa,Municipal,Primario
200210,2025.0,7.0,72.0,514.0,MSIIIa,Municipal,Primario
200210,2025.0,8.0,40.0,514.0,MSIIIa,Municipal,Primario
200210,2025.0,9.0,22.0,514.0,MSIIIa,Municipal,Primario
200210,2025.0,10.0,18.0,514.0,MSIIIa,Municipal,Primario
200236,2025.0,1.0,32.0,6.0,MSIIIa,Municipal,Primario
200236,2025.0,2.0,46.0,6.0,MSIIIa,Municipal,Primario
200236,2025.0,3.0,78.0,6.0,MSIIIa,Municipal,Primario
200236,2025.0,4.0,92.0,6.0,MSIIIa,Municipal,Primario
200236,2025.0,5.0,96.0,6.0,MSIIIa,Municipal,Primario
200236,2025.0,6.0,82.0,6.0,MSIIIa,Municipal,Primario
200236,2025.0,7.0,74.0,6.0,MSIIIa,Municipal,Primario
200236,2025.0,8.0,28.0,6.0,MSIIIa,Municipal,Primario
200236,2025.0,9.0,10.0,6.0,MSIIIa,Municipal,Primario
200236,2025.0,10.0,20.0,6.0,MSIIIa,Municipal,Primario
200265,2025.0,1.0,26.0,5.0,MSIIIa,Municipal,Primario
200265,2025.0,2.0,6.0,5.0,MSIIIa,Municipal,Primario
200265,2025.0,3.0,24.0,5.0,MSIIIa,Municipal,Primario
200265,2025.0,4.0,22.0,5.0,MSIIIa,Municipal,Primario
200265,2025.0,5.0,10.0,5.0,MSIIIa,Municipal,Primario
200265,2025.0,6.0,18.0,5.0,MSIIIa,Municipal,Primario
200265,2025.0,7.0,6.0,5.0,MSIIIa,Municipal,Primario
200265,2025.0,8.0,36.0,5.0,MSIIIa,Municipal,Primario
200265,2025.0,9.0,2.0,5.0,MSIIIa,Municipal,Primario
200265,2025.0,10.0,5.0,5.0,MSIIIa,Municipal,Primario
200304,2025.0,1.0,20.0,258.0,MSIIIa,Municipal,Primario
200304,2025.0,2.0,22.0,258.0,MSIIIa,Municipal,Primario
200304,2025.0,3.0,46.0,258.0,MSIIIa,Municipal,Primario
200304,2025.0,4.0,46.0,258.0,MSIIIa,Municipal,Primario
200304,2025.0,5.0,50.0,258.0,MSIIIa,Municipal,Primario
200304,2025.0,6.0,62.0,258.0,MSIIIa,Municipal,Primario
200304,2025.0,8.0,72.0,258.0,MSIIIa,Municipal,Primario
200304,2025.0,9.0,58.0,258.0,MSIIIa,Municipal,Primario
200304,2025.0,10.0,37.0,258.0,MSIIIa,Municipal,Primario
200337,2025.0,1.0,50.0,583.0,MSIIIa,Municipal,Primario
200337,2025.0,2.0,94.0,583.0,MSIIIa,Municipal,Primario
200337,2025.0,3.0,66.0,583.0,MSIIIa,Municipal,Primario
200337,2025.0,4.0,62.0,583.0,MSIIIa,Municipal,Primario
200337,2025.0,5.0,54.0,583.0,MSIIIa,Municipal,Primario
200337,2025.0,6.0,30.0,583.0,MSIIIa,Municipal,Primario
200337,2025.0,7.0,34.0,583.0,MSIIIa,Municipal,Primario
200337,2025.0,8.0,30.0,583.0,MSIIIa,Municipal,Primario
200337,2025.0,9.0,28.0,583.0,MSIIIa,Municipal,Primario
200337,2025.0,10.0,14.0,583.0,MSIIIa,Municipal,Primario
200342,2025.0,1.0,52.0,,MSIIIa,Municipal,Primario
200342,2025.0,2.0,44.0,,MSIIIa,Municipal,Primario
200342,2025.0,3.0,30.0,,MSIIIa,Municipal,Primario
200342,2025.0,4.0,28.0,,MSIIIa,Municipal,Primario
200342,2025.0,5.0,48.0,,MSIIIa,Municipal,Primario
200342,2025.0,6.0,28.0,,MSIIIa,Municipal,Primario
200342,2025.0,7.0,60.0,,MSIIIa,Municipal,Primario
200342,2025.0,8.0,42.0,,MSIIIa,Municipal,Primario
200342,2025.0,9.0,42.0,,MSIIIa,Municipal,Primario
200342,2025.0,10.0,19.0,,MSIIIa,Municipal,Primario
200346,2025.0,1.0,42.0,148.0,MSIIIa,Servicio de Salud,Primario
200346,2025.0,2.0,2.0,148.0,MSIIIa,Servicio de Salud,Primario
200346,2025.0,3.0,32.0,148.0,MSIIIa,Servicio de Salud,Primario
200346,2025.0,4.0,22.0,148.0,MSIIIa,Servicio de Salud,Primario
200346,2025.0,5.0,16.0,148.0,MSIIIa,Servicio de Salud,Primario
200346,2025.0,6.0,8.0,148.0,MSIIIa,Servicio de Salud,Primario
200346,2025.0,7.0,22.0,148.0,MSIIIa,Servicio de Salud,Primario
200346,2025.0,8.0,32.0,148.0,MSIIIa,Servicio de Salud,Primario
200346,2025.0,9.0,40.0,148.0,MSIIIa,Servicio de Salud,Primario
200346,2025.0,10.0,28.0,148.0,MSIIIa,Servicio de Salud,Primario
200347,2025.0,1.0,74.0,269.0,MSIIIa,Municipal,Primario
200347,2025.0,2.0,48.0,269.0,MSIIIa,Municipal,Primario
200347,2025.0,3.0,66.0,269.0,MSIIIa,Municipal,Primario
200347,2025.0,4.0,48.0,269.0,MSIIIa,Municipal,Primario
200347,2025.0,5.0,36.0,269.0,MSIIIa,Municipal,Primario
200347,2025.0,6.0,48.0,269.0,MSIIIa,Municipal,Primario
200347,2025.0,7.0,86.0,269.0,MSIIIa,Municipal,Primario
200347,2025.0,8.0,64.0,269.0,MSIIIa,Municipal,Primario
200347,2025.0,9.0,60.0,269.0,MSIIIa,Municipal,Primario
200347,2025.0,10.0,14.0,269.0,MSIIIa,Municipal,Primario
200360,2025.0,1.0,14.0,441.0,MSIIIa,Municipal,Primario
200360,2025.0,2.0,34.0,441.0,MSIIIa,Municipal,Primario
200360,2025.0,3.0,74.0,441.0,MSIIIa,Municipal,Primario
200360,2025.0,4.0,72.0,441.0,MSIIIa,Municipal,Primario
200360,2025.0,5.0,44.0,441.0,MSIIIa,Municipal,Primario
200360,2025.0,6.0,22.0,441.0,MSIIIa,Municipal,Primario
200360,2025.0,7.0,28.0,441.0,MSIIIa,Municipal,Primario
200360,2025.0,8.0,38.0,441.0,MSIIIa,Municipal,Primario
200360,2025.0,9.0,14.0,441.0,MSIIIa,Municipal,Primario
200360,2025.0,10.0,9.0,441.0,MSIIIa,Municipal,Primario
200361,2025.0,1.0,108.0,1183.0,MSIIIa,Municipal,Primario
200361,2025.0,2.0,90.0,1183.0,MSIIIa,Municipal,Primario
200361,2025.0,3.0,106.0,1183.0,MSIIIa,Municipal,Primario
200361,2025.0,4.0,86.0,1183.0,MSIIIa,Municipal,Primario
200361,2025.0,5.0,66.0,1183.0,MSIIIa,Municipal,Primario
200361,2025.0,6.0,78.0,1183.0,MSIIIa,Municipal,Primario
200361,2025.0,7.0,78.0,1183.0,MSIIIa,Municipal,Primario
200361,2025.0,8.0,74.0,1183.0,MSIIIa,Municipal,Primario
200361,2025.0,9.0,42.0,1183.0,MSIIIa,Municipal,Primario
200361,2025.0,10.0,41.0,1183.0,MSIIIa,Municipal,Primario
200365,2025.0,1.0,28.0,155.0,MSIIIa,Municipal,Primario
200365,2025.0,2.0,14.0,155.0,MSIIIa,Municipal,Primario
200365,2025.0,3.0,26.0,155.0,MSIIIa,Municipal,Primario
200365,2025.0,4.0,30.0,155.0,MSIIIa,Municipal,Primario
200365,2025.0,5.0,50.0,155.0,MSIIIa,Municipal,Primario
200365,2025.0,6.0,70.0,155.0,MSIIIa,Municipal,Primario
200365,2025.0,7.0,64.0,155.0,MSIIIa,Municipal,Primario
200365,2025.0,8.0,46.0,155.0,MSIIIa,Municipal,Primario
200365,2025.0,9.0,34.0,155.0,MSIIIa,Municipal,Primario
200365,2025.0,10.0,13.0,155.0,MSIIIa,Municipal,Primario
200377,2025.0,1.0,118.0,646.0,MSIIIa,Municipal,Primario
200377,2025.0,2.0,46.0,646.0,MSIIIa,Municipal,Primario
200377,2025.0,3.0,86.0,646.0,MSIIIa,Municipal,Primario
200377,2025.0,4.0,54.0,646.0,MSIIIa,Municipal,Primario
200377,2025.0,5.0,56.0,646.0,MSIIIa,Municipal,Primario
200377,2025.0,6.0,62.0,646.0,MSIIIa,Municipal,Primario
200377,2025.0,7.0,48.0,646.0,MSIIIa,Municipal,Primario
200377,2025.0,8.0,40.0,646.0,MSIIIa,Municipal,Primario
200377,2025.0,9.0,40.0,646.0,MSIIIa,Municipal,Primario
200377,2025.0,10.0,20.0,646.0,MSIIIa,Municipal,Primario
200385,2025.0,1.0,18.0,140.0,MSIIIa,Municipal,Primario
200385,2025.0,2.0,12.0,140.0,MSIIIa,Municipal,Primario
200385,2025.0,3.0,18.0,140.0,MSIIIa,Municipal,Primario
200385,2025.0,4.0,22.0,140.0,MSIIIa,Municipal,Primario
200385,2025.0,5.0,28.0,140.0,MSIIIa,Municipal,Primario
200385,2025.0,6.0,6.0,140.0,MSIIIa,Municipal,Primario
200385,2025.0,7.0,22.0,140.0,MSIIIa,Municipal,Primario
200385,2025.0,8.0,10.0,140.0,MSIIIa,Municipal,Primario
200385,2025.0,9.0,6.0,140.0,MSIIIa,Municipal,Primario
200385,2025.0,10.0,3.0,140.0,MSIIIa,Municipal,Primario
200389,2025.0,1.0,5.0,,MSIIIa,Municipal,Primario
200389,2025.0,2.0,30.0,,MSIIIa,Municipal,Primario
200389,2025.0,3.0,8.0,,MSIIIa,Municipal,Primario
200389,2025.0,5.0,6.0,,MSIIIa,Municipal,Primario
200389,2025.0,6.0,6.0,,MSIIIa,Municipal,Primario
200389,2025.0,7.0,10.0,,MSIIIa,Municipal,Primario
200389,2025.0,9.0,0.0,,MSIIIa,Municipal,Primario
200454,2025.0,1.0,56.0,503.0,MSIIIa,Municipal,Primario
200454,2025.0,3.0,34.0,503.0,MSIIIa,Municipal,Primario
200454,2025.0,4.0,54.0,503.0,MSIIIa,Municipal,Primario
200454,2025.0,5.0,54.0,503.0,MSIIIa,Municipal,Primario
200454,2025.0,6.0,50.0,503.0,MSIIIa,Municipal,Primario
200454,2025.0,7.0,66.0,503.0,MSIIIa,Municipal,Primario
200454,2025.0,8.0,66.0,503.0,MSIIIa,Municipal,Primario
200454,2025.0,9.0,78.0,503.0,MSIIIa,Municipal,Primario
200454,2025.0,10.0,22.0,503.0,MSIIIa,Municipal,Primario
200475,2025.0,1.0,16.0,,MSIIIa,Municipal,Primario
200475,2025.0,2.0,16.0,,MSIIIa,Municipal,Primario
200475,2025.0,3.0,10.0,,MSIIIa,Municipal,Primario
200475,2025.0,4.0,36.0,,MSIIIa,Municipal,Primario
200475,2025.0,5.0,16.0,,MSIIIa,Municipal,Primario
200475,2025.0,6.0,16.0,,MSIIIa,Municipal,Primario
200475,2025.0,7.0,26.0,,MSIIIa,Municipal,Primario
200475,2025.0,8.0,28.0,,MSIIIa,Municipal,Primario
200475,2025.0,9.0,14.0,,MSIIIa,Municipal,Primario
200475,2025.0,10.0,8.0,,MSIIIa,Municipal,Primario
200554,2025.0,1.0,74.0,161.0,MSIIIa,Municipal,Primario
200554,2025.0,2.0,42.0,161.0,MSIIIa,Municipal,Primario
200554,2025.0,4.0,38.0,161.0,MSIIIa,Municipal,Primario
200554,2025.0,5.0,36.0,161.0,MSIIIa,Municipal,Primario
200554,2025.0,6.0,38.0,161.0,MSIIIa,Municipal,Primario
200554,2025.0,7.0,38.0,161.0,MSIIIa,Municipal,Primario
200554,2025.0,8.0,8.0,161.0,MSIIIa,Municipal,Primario
200554,2025.0,9.0,14.0,161.0,MSIIIa,Municipal,Primario
200554,2025.0,10.0,12.0,161.0,MSIIIa,Municipal,Primario
200609,2025.0,1.0,68.0,138.0,MSIIIa,Municipal,Primario
200609,2025.0,2.0,84.0,138.0,MSIIIa,Municipal,Primario
200609,2025.0,3.0,62.0,138.0,MSIIIa,Municipal,Primario
200609,2025.0,4.0,34.0,138.0,MSIIIa,Municipal,Primario
200609,2025.0,5.0,64.0,138.0,MSIIIa,Municipal,Primario
200609,2025.0,6.0,76.0,138.0,MSIIIa,Municipal,Primario
200609,2025.0,7.0,62.0,138.0,MSIIIa,Municipal,Primario
200609,2025.0,8.0,34.0,138.0,MSIIIa,Municipal,Primario
200609,2025.0,9.0,36.0,138.0,MSIIIa,Municipal,Primario
200609,2025.0,10.0,25.0,138.0,MSIIIa,Municipal,Primario
200643,2025.0,1.0,96.0,78.0,MSIIIa,Municipal,Primario
200643,2025.0,2.0,38.0,78.0,MSIIIa,Municipal,Primario
200643,2025.0,3.0,102.0,78.0,MSIIIa,Municipal,Primario
200643,2025.0,4.0,88.0,78.0,MSIIIa,Municipal,Primario
200643,2025.0,5.0,54.0,78.0,MSIIIa,Municipal,Primario
200643,2025.0,6.0,72.0,78.0,MSIIIa,Municipal,Primario
200643,2025.0,7.0,32.0,78.0,MSIIIa,Municipal,Primario
200643,2025.0,8.0,52.0,78.0,MSIIIa,Municipal,Primario
200643,2025.0,9.0,66.0,78.0,MSIIIa,Municipal,Primario
200643,2025.0,10.0,16.0,78.0,MSIIIa,Municipal,Primario
200961,2025.0,1.0,80.0,706.0,MSIIIa,Municipal,Primario
200961,2025.0,2.0,52.0,706.0,MSIIIa,Municipal,Primario
200961,2025.0,3.0,48.0,706.0,MSIIIa,Municipal,Primario
200961,2025.0,4.0,90.0,706.0,MSIIIa,Municipal,Primario
200961,2025.0,5.0,82.0,706.0,MSIIIa,Municipal,Primario
200961,2025.0,6.0,76.0,706.0,MSIIIa,Municipal,Primario
200961,2025.0,7.0,54.0,706.0,MSIIIa,Municipal,Primario
200961,2025.0,8.0,44.0,706.0,MSIIIa,Municipal,Primario
200961,2025.0,9.0,32.0,706.0,MSIIIa,Municipal,Primario
200961,2025.0,10.0,40.0,706.0,MSIIIa,Municipal,Primario
200962,2025.0,1.0,58.0,570.0,MSIIIa,Municipal,Primario
200962,2025.0,2.0,20.0,570.0,MSIIIa,Municipal,Primario
200962,2025.0,3.0,48.0,570.0,MSIIIa,Municipal,Primario
200962,2025.0,4.0,46.0,570.0,MSIIIa,Municipal,Primario
200962,2025.0,5.0,76.0,570.0,MSIIIa,Municipal,Primario
200962,2025.0,6.0,24.0,570.0,MSIIIa,Municipal,Primario
200962,2025.0,8.0,22.0,570.0,MSIIIa,Municipal,Primario
200962,2025.0,9.0,36.0,570.0,MSIIIa,Municipal,Primario
200962,2025.0,10.0,22.0,570.0,MSIIIa,Municipal,Primario
200965,2025.0,1.0,104.0,2763.0,MSIIIa,Municipal,Primario
200965,2025.0,2.0,266.0,2763.0,MSIIIa,Municipal,Primario
200965,2025.0,3.0,208.0,2763.0,MSIIIa,Municipal,Primario
200965,2025.0,4.0,238.0,2763.0,MSIIIa,Municipal,Primario
200965,2025.0,5.0,152.0,2763.0,MSIIIa,Municipal,Primario
200965,2025.0,6.0,182.0,2763.0,MSIIIa,Municipal,Primario
200965,2025.0,7.0,272.0,2763.0,MSIIIa,Municipal,Primario
200965,2025.0,8.0,162.0,2763.0,MSIIIa,Municipal,Primario
200965,2025.0,9.0,136.0,2763.0,MSIIIa,Municipal,Primario
200965,2025.0,10.0,103.0,2763.0,MSIIIa,Municipal,Primario
201091,2025.0,1.0,266.0,3441.0,MSIIIa,Municipal,Primario
201091,2025.0,2.0,206.0,3441.0,MSIIIa,Municipal,Primario
201091,2025.0,3.0,316.0,3441.0,MSIIIa,Municipal,Primario
201091,2025.0,4.0,378.0,3441.0,MSIIIa,Municipal,Primario
201091,2025.0,5.0,310.0,3441.0,MSIIIa,Municipal,Primario
201091,2025.0,6.0,280.0,3441.0,MSIIIa,Municipal,Primario
201091,2025.0,7.0,336.0,3441.0,MSIIIa,Municipal,Primario
201091,2025.0,8.0,270.0,3441.0,MSIIIa,Municipal,Primario
201091,2025.0,9.0,228.0,3441.0,MSIIIa,Municipal,Primario
201091,2025.0,10.0,213.0,3441.0,MSIIIa,Municipal,Primario
201112,2025.0,1.0,506.0,3077.0,MSIIIa,Municipal,Primario
201112,2025.0,2.0,318.0,3077.0,MSIIIa,Municipal,Primario
201112,2025.0,3.0,296.0,3077.0,MSIIIa,Municipal,Primario
201112,2025.0,4.0,310.0,3077.0,MSIIIa,Municipal,Primario
201112,2025.0,5.0,252.0,3077.0,MSIIIa,Municipal,Primario
201112,2025.0,6.0,248.0,3077.0,MSIIIa,Municipal,Primario
201112,2025.0,7.0,200.0,3077.0,MSIIIa,Municipal,Primario
201112,2025.0,8.0,202.0,3077.0,MSIIIa,Municipal,Primario
201112,2025.0,9.0,196.0,3077.0,MSIIIa,Municipal,Primario
201112,2025.0,10.0,141.0,3077.0,MSIIIa,Municipal,Primario
201129,2025.0,1.0,46.0,109.0,MSIIIa,Municipal,Primario
201129,2025.0,2.0,24.0,109.0,MSIIIa,Municipal,Primario
201129,2025.0,3.0,36.0,109.0,MSIIIa,Municipal,Primario
201129,2025.0,4.0,70.0,109.0,MSIIIa,Municipal,Primario
201129,2025.0,5.0,54.0,109.0,MSIIIa,Municipal,Primario
201129,2025.0,6.0,36.0,109.0,MSIIIa,Municipal,Primario
201129,2025.0,7.0,34.0,109.0,MSIIIa,Municipal,Primario
201129,2025.0,8.0,30.0,109.0,MSIIIa,Municipal,Primario
201129,2025.0,9.0,42.0,109.0,MSIIIa,Municipal,Primario
201129,2025.0,10.0,19.0,109.0,MSIIIa,Municipal,Primario
201212,2025.0,1.0,358.0,,MSIIIa,Municipal,Primario
201212,2025.0,2.0,158.0,,MSIIIa,Municipal,Primario
201212,2025.0,3.0,202.0,,MSIIIa,Municipal,Primario
201212,2025.0,4.0,188.0,,MSIIIa,Municipal,Primario
201212,2025.0,5.0,210.0,,MSIIIa,Municipal,Primario
201212,2025.0,6.0,150.0,,MSIIIa,Municipal,Primario
201212,2025.0,7.0,126.0,,MSIIIa,Municipal,Primario
201212,2025.0,8.0,140.0,,MSIIIa,Municipal,Primario
201212,2025.0,9.0,126.0,,MSIIIa,Municipal,Primario
201212,2025.0,10.0,53.0,,MSIIIa,Municipal,Primario
201462,2025.0,1.0,494.0,771.0,MSIIIa,Municipal,Primario
201462,2025.0,2.0,322.0,771.0,MSIIIa,Municipal,Primario
201462,2025.0,3.0,472.0,771.0,MSIIIa,Municipal,Primario
201462,2025.0,4.0,422.0,771.0,MSIIIa,Municipal,Primario
201462,2025.0,5.0,356.0,771.0,MSIIIa,Municipal,Primario
201462,2025.0,6.0,254.0,771.0,MSIIIa,Municipal,Primario
201462,2025.0,7.0,362.0,771.0,MSIIIa,Municipal,Primario
201462,2025.0,8.0,328.0,771.0,MSIIIa,Municipal,Primario
201462,2025.0,9.0,234.0,771.0,MSIIIa,Municipal,Primario
201462,2025.0,10.0,134.0,771.0,MSIIIa,Municipal,Primario
201674,2025.0,1.0,226.0,,MSIIIa,Municipal,Primario
201674,2025.0,2.0,116.0,,MSIIIa,Municipal,Primario
201674,2025.0,3.0,94.0,,MSIIIa,Municipal,Primario
201674,2025.0,4.0,142.0,,MSIIIa,Municipal,Primario
201674,2025.0,5.0,194.0,,MSIIIa,Municipal,Primario
201674,2025.0,6.0,214.0,,MSIIIa,Municipal,Primario
201674,2025.0,7.0,194.0,,MSIIIa,Municipal,Primario
201674,2025.0,8.0,192.0,,MSIIIa,Municipal,Primario
201674,2025.0,9.0,164.0,,MSIIIa,Municipal,Primario
201674,2025.0,10.0,108.0,,MSIIIa,Municipal,Primario
202042,2025.0,9.0,0.0,,MSIIIa,,
202042,2025.0,10.0,6.0,,MSIIIa,,
311001,,,,856.0,MSIIIa,,
109104,2025.0,1.0,8.0,,MSIIIb,Servicio de Salud,Primario
109104,2025.0,2.0,4.0,,MSIIIb,Servicio de Salud,Primario
109104,2025.0,3.0,0.0,,MSIIIb,Servicio de Salud,Primario
109104,2025.0,4.0,2.0,,MSIIIb,Servicio de Salud,Primario
109104,2025.0,5.0,4.0,,MSIIIb,Servicio de Salud,Primario
109104,2025.0,6.0,4.0,,MSIIIb,Servicio de Salud,Primario
109104,2025.0,7.0,6.0,,MSIIIb,Servicio de Salud,Primario
109104,2025.0,8.0,6.0,,MSIIIb,Servicio de Salud,Primario
109104,2025.0,9.0,0.0,,MSIIIb,Servicio de Salud,Primario
109104,2025.0,10.0,4.0,,MSIIIb,Servicio de Salud,Primario
109300,2025.0,1.0,42.0,1001.0,MSIIIb,Municipal,Primario
109300,2025.0,2.0,30.0,1001.0,MSIIIb,Municipal,Primario
109300,2025.0,3.0,24.0,1001.0,MSIIIb,Municipal,Primario
109300,2025.0,4.0,78.0,1001.0,MSIIIb,Municipal,Primario
109300,2025.0,5.0,34.0,1001.0,MSIIIb,Municipal,Primario
109300,2025.0,6.0,54.0,1001.0,MSIIIb,Municipal,Primario
109300,2025.0,7.0,94.0,1001.0,MSIIIb,Municipal,Primario
109300,2025.0,8.0,68.0,1001.0,MSIIIb,Municipal,Primario
109300,2025.0,9.0,58.0,1001.0,MSIIIb,Municipal,Primario
109300,2025.0,10.0,22.0,1001.0,MSIIIb,Municipal,Primario
109301,2025.0,1.0,12.0,567.0,MSIIIb,Municipal,Primario
109301,2025.0,2.0,16.0,567.0,MSIIIb,Municipal,Primario
109301,2025.0,3.0,16.0,567.0,MSIIIb,Municipal,Primario
109301,2025.0,4.0,16.0,567.0,MSIIIb,Municipal,Primario
109301,2025.0,5.0,82.0,567.0,MSIIIb,Municipal,Primario
109301,2025.0,6.0,14.0,567.0,MSIIIb,Municipal,Primario
109301,2025.0,7.0,96.0,567.0,MSIIIb,Municipal,Primario
109301,2025.0,8.0,16.0,567.0,MSIIIb,Municipal,Primario
109301,2025.0,9.0,4.0,567.0,MSIIIb,Municipal,Primario
109301,2025.0,10.0,3.0,567.0,MSIIIb,Municipal,Primario
109302,2025.0,1.0,24.0,384.0,MSIIIb,Municipal,Primario
109302,2025.0,2.0,34.0,384.0,MSIIIb,Municipal,Primario
109302,2025.0,3.0,20.0,384.0,MSIIIb,Municipal,Primario
109302,2025.0,4.0,12.0,384.0,MSIIIb,Municipal,Primario
109302,2025.0,5.0,10.0,384.0,MSIIIb,Municipal,Primario
109302,2025.0,6.0,10.0,384.0,MSIIIb,Municipal,Primario
109302,2025.0,7.0,12.0,384.0,MSIIIb,Municipal,Primario
109302,2025.0,8.0,12.0,384.0,MSIIIb,Municipal,Primario
109302,2025.0,9.0,8.0,384.0,MSIIIb,Municipal,Primario
109302,2025.0,10.0,5.0,384.0,MSIIIb,Municipal,Primario
109303,2025.0,1.0,10.0,509.0,MSIIIb,Municipal,Primario
109303,2025.0,2.0,26.0,509.0,MSIIIb,Municipal,Primario
109303,2025.0,3.0,14.0,509.0,MSIIIb,Municipal,Primario
109303,2025.0,4.0,2.0,509.0,MSIIIb,Municipal,Primario
109303,2025.0,5.0,6.0,509.0,MSIIIb,Municipal,Primario
109303,2025.0,6.0,6.0,509.0,MSIIIb,Municipal,Primario
109303,2025.0,7.0,40.0,509.0,MSIIIb,Municipal,Primario
109303,2025.0,8.0,8.0,509.0,MSIIIb,Municipal,Primario
109303,2025.0,9.0,38.0,509.0,MSIIIb,Municipal,Primario
109303,2025.0,10.0,2.0,509.0,MSIIIb,Municipal,Primario
109304,2025.0,1.0,4.0,88.0,MSIIIb,Municipal,Primario
109304,2025.0,2.0,4.0,88.0,MSIIIb,Municipal,Primario
109304,2025.0,3.0,2.0,88.0,MSIIIb,Municipal,Primario
109304,2025.0,4.0,22.0,88.0,MSIIIb,Municipal,Primario
109304,2025.0,5.0,0.0,88.0,MSIIIb,Municipal,Primario
109304,2025.0,6.0,2.0,88.0,MSIIIb,Municipal,Primario
109304,2025.0,7.0,2.0,88.0,MSIIIb,Municipal,Primario
109304,2025.0,8.0,0.0,88.0,MSIIIb,Municipal,Primario
109304,2025.0,9.0,0.0,88.0,MSIIIb,Municipal,Primario
109304,2025.0,10.0,0.0,88.0,MSIIIb,Municipal,Primario
109305,2025.0,1.0,12.0,342.0,MSIIIb,Municipal,Primario
109305,2025.0,2.0,12.0,342.0,MSIIIb,Municipal,Primario
109305,2025.0,3.0,18.0,342.0,MSIIIb,Municipal,Primario
109305,2025.0,4.0,8.0,342.0,MSIIIb,Municipal,Primario
109305,2025.0,5.0,12.0,342.0,MSIIIb,Municipal,Primario
109305,2025.0,6.0,26.0,342.0,MSIIIb,Municipal,Primario
109305,2025.0,7.0,24.0,342.0,MSIIIb,Municipal,Primario
109305,2025.0,8.0,8.0,342.0,MSIIIb,Municipal,Primario
109305,2025.0,9.0,18.0,342.0,MSIIIb,Municipal,Primario
109305,2025.0,10.0,8.0,342.0,MSIIIb,Municipal,Primario
109307,2025.0,1.0,50.0,288.0,MSIIIb,Municipal,Primario
109307,2025.0,2.0,8.0,288.0,MSIIIb,Municipal,Primario
109307,2025.0,3.0,10.0,288.0,MSIIIb,Municipal,Primario
109307,2025.0,4.0,10.0,288.0,MSIIIb,Municipal,Primario
109307,2025.0,5.0,6.0,288.0,MSIIIb,Municipal,Primario
109307,2025.0,6.0,14.0,288.0,MSIIIb,Municipal,Primario
109307,2025.0,7.0,10.0,288.0,MSIIIb,Municipal,Primario
109307,2025.0,8.0,0.0,288.0,MSIIIb,Municipal,Primario
109307,2025.0,9.0,6.0,288.0,MSIIIb,Municipal,Primario
109307,2025.0,10.0,6.0,288.0,MSIIIb,Municipal,Primario
109308,2025.0,1.0,28.0,300.0,MSIIIb,Municipal,Primario
109308,2025.0,2.0,16.0,300.0,MSIIIb,Municipal,Primario
109308,2025.0,3.0,14.0,300.0,MSIIIb,Municipal,Primario
109308,2025.0,4.0,18.0,300.0,MSIIIb,Municipal,Primario
109308,2025.0,5.0,12.0,300.0,MSIIIb,Municipal,Primario
109308,2025.0,6.0,16.0,300.0,MSIIIb,Municipal,Primario
109308,2025.0,7.0,14.0,300.0,MSIIIb,Municipal,Primario
109308,2025.0,8.0,22.0,300.0,MSIIIb,Municipal,Primario
109308,2025.0,9.0,12.0,300.0,MSIIIb,Municipal,Primario
109308,2025.0,10.0,2.0,300.0,MSIIIb,Municipal,Primario
109309,2025.0,1.0,10.0,312.0,MSIIIb,Municipal,Primario
109309,2025.0,2.0,6.0,312.0,MSIIIb,Municipal,Primario
109309,2025.0,3.0,18.0,312.0,MSIIIb,Municipal,Primario
109309,2025.0,4.0,4.0,312.0,MSIIIb,Municipal,Primario
109309,2025.0,5.0,22.0,312.0,MSIIIb,Municipal,Primario
109309,2025.0,6.0,24.0,312.0,MSIIIb,Municipal,Primario
109309,2025.0,7.0,4.0,312.0,MSIIIb,Municipal,Primario
109309,2025.0,8.0,54.0,312.0,MSIIIb,Municipal,Primario
109309,2025.0,9.0,16.0,312.0,MSIIIb,Municipal,Primario
109309,2025.0,10.0,4.0,312.0,MSIIIb,Municipal,Primario
109310,2025.0,1.0,12.0,989.0,MSIIIb,Municipal,Primario
109310,2025.0,2.0,50.0,989.0,MSIIIb,Municipal,Primario
109310,2025.0,3.0,34.0,989.0,MSIIIb,Municipal,Primario
109310,2025.0,4.0,18.0,989.0,MSIIIb,Municipal,Primario
109310,2025.0,5.0,18.0,989.0,MSIIIb,Municipal,Primario
109310,2025.0,6.0,26.0,989.0,MSIIIb,Municipal,Primario
109310,2025.0,7.0,20.0,989.0,MSIIIb,Municipal,Primario
109310,2025.0,8.0,36.0,989.0,MSIIIb,Municipal,Primario
109310,2025.0,9.0,26.0,989.0,MSIIIb,Municipal,Primario
109310,2025.0,10.0,6.0,989.0,MSIIIb,Municipal,Primario
109311,2025.0,1.0,28.0,816.0,MSIIIb,Municipal,Primario
109311,2025.0,2.0,42.0,816.0,MSIIIb,Municipal,Primario
109311,2025.0,3.0,30.0,816.0,MSIIIb,Municipal,Primario
109311,2025.0,4.0,44.0,816.0,MSIIIb,Municipal,Primario
109311,2025.0,5.0,76.0,816.0,MSIIIb,Municipal,Primario
109311,2025.0,6.0,24.0,816.0,MSIIIb,Municipal,Primario
109311,2025.0,7.0,26.0,816.0,MSIIIb,Municipal,Primario
109311,2025.0,8.0,24.0,816.0,MSIIIb,Municipal,Primario
109311,2025.0,9.0,32.0,816.0,MSIIIb,Municipal,Primario
109311,2025.0,10.0,3.0,816.0,MSIIIb,Municipal,Primario
109312,2025.0,1.0,16.0,248.0,MSIIIb,Municipal,Primario
109312,2025.0,2.0,8.0,248.0,MSIIIb,Municipal,Primario
109312,2025.0,3.0,22.0,248.0,MSIIIb,Municipal,Primario
109312,2025.0,4.0,14.0,248.0,MSIIIb,Municipal,Primario
109312,2025.0,5.0,18.0,248.0,MSIIIb,Municipal,Primario
109312,2025.0,6.0,6.0,248.0,MSIIIb,Municipal,Primario
109312,2025.0,7.0,18.0,248.0,MSIIIb,Municipal,Primario
109312,2025.0,8.0,18.0,248.0,MSIIIb,Municipal,Primario
109312,2025.0,9.0,2.0,248.0,MSIIIb,Municipal,Primario
109312,2025.0,10.0,7.0,248.0,MSIIIb,Municipal,Primario
109313,2025.0,1.0,36.0,736.0,MSIIIb,Municipal,Primario
109313,2025.0,2.0,14.0,736.0,MSIIIb,Municipal,Primario
109313,2025.0,3.0,28.0,736.0,MSIIIb,Municipal,Primario
109313,2025.0,4.0,34.0,736.0,MSIIIb,Municipal,Primario
109313,2025.0,5.0,40.0,736.0,MSIIIb,Municipal,Primario
109313,2025.0,6.0,38.0,736.0,MSIIIb,Municipal,Primario
109313,2025.0,7.0,70.0,736.0,MSIIIb,Municipal,Primario
109313,2025.0,8.0,32.0,736.0,MSIIIb,Municipal,Primario
109313,2025.0,9.0,28.0,736.0,MSIIIb,Municipal,Primario
109313,2025.0,10.0,26.0,736.0,MSIIIb,Municipal,Primario
109314,2025.0,1.0,20.0,216.0,MSIIIb,Municipal,Primario
109314,2025.0,2.0,22.0,216.0,MSIIIb,Municipal,Primario
109314,2025.0,3.0,10.0,216.0,MSIIIb,Municipal,Primario
109314,2025.0,4.0,16.0,216.0,MSIIIb,Municipal,Primario
109314,2025.0,5.0,32.0,216.0,MSIIIb,Municipal,Primario
109314,2025.0,6.0,6.0,216.0,MSIIIb,Municipal,Primario
109314,2025.0,7.0,0.0,216.0,MSIIIb,Municipal,Primario
109314,2025.0,8.0,0.0,216.0,MSIIIb,Municipal,Primario
109314,2025.0,9.0,0.0,216.0,MSIIIb,Municipal,Primario
109314,2025.0,10.0,0.0,216.0,MSIIIb,Municipal,Primario
109315,2025.0,1.0,14.0,530.0,MSIIIb,Municipal,Primario
109315,2025.0,2.0,6.0,530.0,MSIIIb,Municipal,Primario
109315,2025.0,3.0,22.0,530.0,MSIIIb,Municipal,Primario
109315,2025.0,4.0,28.0,530.0,MSIIIb,Municipal,Primario
109315,2025.0,5.0,24.0,530.0,MSIIIb,Municipal,Primario
109315,2025.0,6.0,12.0,530.0,MSIIIb,Municipal,Primario
109315,2025.0,7.0,38.0,530.0,MSIIIb,Municipal,Primario
109315,2025.0,8.0,12.0,530.0,MSIIIb,Municipal,Primario
109315,2025.0,9.0,18.0,530.0,MSIIIb,Municipal,Primario
109315,2025.0,10.0,29.0,530.0,MSIIIb,Municipal,Primario
109316,2025.0,1.0,28.0,674.0,MSIIIb,Municipal,Primario
109316,2025.0,2.0,26.0,674.0,MSIIIb,Municipal,Primario
109316,2025.0,3.0,22.0,674.0,MSIIIb,Municipal,Primario
109316,2025.0,4.0,40.0,674.0,MSIIIb,Municipal,Primario
109316,2025.0,5.0,20.0,674.0,MSIIIb,Municipal,Primario
109316,2025.0,6.0,12.0,674.0,MSIIIb,Municipal,Primario
109316,2025.0,7.0,12.0,674.0,MSIIIb,Municipal,Primario
109316,2025.0,8.0,8.0,674.0,MSIIIb,Municipal,Primario
109316,2025.0,9.0,20.0,674.0,MSIIIb,Municipal,Primario
109316,2025.0,10.0,10.0,674.0,MSIIIb,Municipal,Primario
109317,2025.0,1.0,8.0,141.0,MSIIIb,Municipal,Primario
109317,2025.0,2.0,8.0,141.0,MSIIIb,Municipal,Primario
109317,2025.0,3.0,8.0,141.0,MSIIIb,Municipal,Primario
109317,2025.0,4.0,4.0,141.0,MSIIIb,Municipal,Primario
109317,2025.0,5.0,8.0,141.0,MSIIIb,Municipal,Primario
109317,2025.0,6.0,2.0,141.0,MSIIIb,Municipal,Primario
109317,2025.0,7.0,0.0,141.0,MSIIIb,Municipal,Primario
109317,2025.0,8.0,0.0,141.0,MSIIIb,Municipal,Primario
109317,2025.0,9.0,0.0,141.0,MSIIIb,Municipal,Primario
109317,2025.0,10.0,8.0,141.0,MSIIIb,Municipal,Primario
109320,2025.0,1.0,0.0,123.0,MSIIIb,Municipal,Primario
109320,2025.0,2.0,6.0,123.0,MSIIIb,Municipal,Primario
109320,2025.0,3.0,0.0,123.0,MSIIIb,Municipal,Primario
109320,2025.0,4.0,6.0,123.0,MSIIIb,Municipal,Primario
109320,2025.0,5.0,2.0,123.0,MSIIIb,Municipal,Primario
109320,2025.0,6.0,4.0,123.0,MSIIIb,Municipal,Primario
109320,2025.0,7.0,10.0,123.0,MSIIIb,Municipal,Primario
109320,2025.0,8.0,8.0,123.0,MSIIIb,Municipal,Primario
109320,2025.0,9.0,8.0,123.0,MSIIIb,Municipal,Primario
109320,2025.0,10.0,0.0,123.0,MSIIIb,Municipal,Primario
109321,2025.0,1.0,8.0,358.0,MSIIIb,Municipal,Primario
109321,2025.0,2.0,32.0,358.0,MSIIIb,Municipal,Primario
109321,2025.0,3.0,20.0,358.0,MSIIIb,Municipal,Primario
109321,2025.0,4.0,4.0,358.0,MSIIIb,Municipal,Primario
109321,2025.0,5.0,16.0,358.0,MSIIIb,Municipal,Primario
109321,2025.0,6.0,16.0,358.0,MSIIIb,Municipal,Primario
109321,2025.0,7.0,6.0,358.0,MSIIIb,Municipal,Primario
109321,2025.0,8.0,10.0,358.0,MSIIIb,Municipal,Primario
109321,2025.0,9.0,2.0,358.0,MSIIIb,Municipal,Primario
109321,2025.0,10.0,3.0,358.0,MSIIIb,Municipal,Primario
109323,2025.0,1.0,16.0,259.0,MSIIIb,Municipal,Primario
109323,2025.0,2.0,2.0,259.0,MSIIIb,Municipal,Primario
109323,2025.0,3.0,4.0,259.0,MSIIIb,Municipal,Primario
109323,2025.0,4.0,14.0,259.0,MSIIIb,Municipal,Primario
109323,2025.0,5.0,12.0,259.0,MSIIIb,Municipal,Primario
109323,2025.0,6.0,2.0,259.0,MSIIIb,Municipal,Primario
109323,2025.0,7.0,6.0,259.0,MSIIIb,Municipal,Primario
109323,2025.0,8.0,24.0,259.0,MSIIIb,Municipal,Primario
109323,2025.0,9.0,8.0,259.0,MSIIIb,Municipal,Primario
109323,2025.0,10.0,8.0,259.0,MSIIIb,Municipal,Primario
109324,2025.0,1.0,20.0,744.0,MSIIIb,Municipal,Primario
109324,2025.0,2.0,38.0,744.0,MSIIIb,Municipal,Primario
109324,2025.0,3.0,24.0,744.0,MSIIIb,Municipal,Primario
109324,2025.0,4.0,30.0,744.0,MSIIIb,Municipal,Primario
109324,2025.0,5.0,86.0,744.0,MSIIIb,Municipal,Primario
109324,2025.0,6.0,68.0,744.0,MSIIIb,Municipal,Primario
109324,2025.0,7.0,50.0,744.0,MSIIIb,Municipal,Primario
109324,2025.0,8.0,28.0,744.0,MSIIIb,Municipal,Primario
109324,2025.0,9.0,22.0,744.0,MSIIIb,Municipal,Primario
109324,2025.0,10.0,20.0,744.0,MSIIIb,Municipal,Primario
109390,2025.0,1.0,20.0,335.0,MSIIIb,Otra Institución,Primario
109390,2025.0,2.0,16.0,335.0,MSIIIb,Otra Institución,Primario
109390,2025.0,3.0,10.0,335.0,MSIIIb,Otra Institución,Primario
109390,2025.0,4.0,22.0,335.0,MSIIIb,Otra Institución,Primario
109390,2025.0,5.0,8.0,335.0,MSIIIb,Otra Institución,Primario
109390,2025.0,6.0,4.0,335.0,MSIIIb,Otra Institución,Primario
109390,2025.0,7.0,6.0,335.0,MSIIIb,Otra Institución,Primario
109390,2025.0,8.0,14.0,335.0,MSIIIb,Otra Institución,Primario
109390,2025.0,9.0,6.0,335.0,MSIIIb,Otra Institución,Primario
109390,2025.0,10.0,3.0,335.0,MSIIIb,Otra Institución,Primario
109407,,,,160.0,MSIIIb,,
109410,2025.0,1.0,0.0,7.0,MSIIIb,Municipal,Primario
109410,2025.0,2.0,0.0,7.0,MSIIIb,Municipal,Primario
109410,2025.0,4.0,4.0,7.0,MSIIIb,Municipal,Primario
109410,2025.0,5.0,4.0,7.0,MSIIIb,Municipal,Primario
109410,2025.0,6.0,0.0,7.0,MSIIIb,Municipal,Primario
109410,2025.0,7.0,0.0,7.0,MSIIIb,Municipal,Primario
109410,2025.0,8.0,0.0,7.0,MSIIIb,Municipal,Primario
109410,2025.0,9.0,0.0,7.0,MSIIIb,Municipal,Primario
109412,2025.0,1.0,2.0,12.0,MSIIIb,Municipal,Primario
109412,2025.0,2.0,2.0,12.0,MSIIIb,Municipal,Primario
109412,2025.0,3.0,2.0,12.0,MSIIIb,Municipal,Primario
109412,2025.0,4.0,2.0,12.0,MSIIIb,Municipal,Primario
109412,2025.0,5.0,0.0,12.0,MSIIIb,Municipal,Primario
109412,2025.0,7.0,2.0,12.0,MSIIIb,Municipal,Primario
109412,2025.0,8.0,0.0,12.0,MSIIIb,Municipal,Primario
109412,2025.0,9.0,0.0,12.0,MSIIIb,Municipal,Primario
109412,2025.0,10.0,0.0,12.0,MSIIIb,Municipal,Primario
109413,2025.0,1.0,0.0,10.0,MSIIIb,Municipal,Primario
109413,2025.0,2.0,0.0,10.0,MSIIIb,Municipal,Primario
109413,2025.0,3.0,0.0,10.0,MSIIIb,Municipal,Primario
109413,2025.0,4.0,2.0,10.0,MSIIIb,Municipal,Primario
109413,2025.0,5.0,2.0,10.0,MSIIIb,Municipal,Primario
109413,2025.0,7.0,0.0,10.0,MSIIIb,Municipal,Primario
109413,2025.0,8.0,0.0,10.0,MSIIIb,Municipal,Primario
109414,2025.0,1.0,0.0,91.0,MSIIIb,Municipal,Primario
109414,2025.0,2.0,2.0,91.0,MSIIIb,Municipal,Primario
109414,2025.0,3.0,0.0,91.0,MSIIIb,Municipal,Primario
109414,2025.0,4.0,0.0,91.0,MSIIIb,Municipal,Primario
109414,2025.0,5.0,4.0,91.0,MSIIIb,Municipal,Primario
109414,2025.0,6.0,0.0,91.0,MSIIIb,Municipal,Primario
109414,2025.0,7.0,8.0,91.0,MSIIIb,Municipal,Primario
109414,2025.0,8.0,0.0,91.0,MSIIIb,Municipal,Primario
109414,2025.0,9.0,0.0,91.0,MSIIIb,Municipal,Primario
109414,2025.0,10.0,1.0,91.0,MSIIIb,Municipal,Primario
109416,,,,1.0,MSIIIb,Municipal,Primario
109417,,,,4.0,MSIIIb,Municipal,Primario
109418,,,,1.0,MSIIIb,Municipal,Primario
109419,,,,1.0,MSIIIb,Municipal,Primario
109420,,,,2.0,MSIIIb,Municipal,Primario
109709,2025.0,1.0,4.0,79.0,MSIIIb,Municipal,Primario
109709,2025.0,2.0,0.0,79.0,MSIIIb,Municipal,Primario
109709,2025.0,3.0,2.0,79.0,MSIIIb,Municipal,Primario
109709,2025.0,4.0,10.0,79.0,MSIIIb,Municipal,Primario
109709,2025.0,5.0,6.0,79.0,MSIIIb,Municipal,Primario
109709,2025.0,6.0,0.0,79.0,MSIIIb,Municipal,Primario
109709,2025.0,7.0,6.0,79.0,MSIIIb,Municipal,Primario
109709,2025.0,8.0,30.0,79.0,MSIIIb,Municipal,Primario
109709,2025.0,9.0,8.0,79.0,MSIIIb,Municipal,Primario
109709,2025.0,10.0,6.0,79.0,MSIIIb,Municipal,Primario
109711,2025.0,1.0,10.0,112.0,MSIIIb,Municipal,Primario
109711,2025.0,2.0,0.0,112.0,MSIIIb,Municipal,Primario
109711,2025.0,3.0,22.0,112.0,MSIIIb,Municipal,Primario
109711,2025.0,4.0,14.0,112.0,MSIIIb,Municipal,Primario
109711,2025.0,5.0,0.0,112.0,MSIIIb,Municipal,Primario
109711,2025.0,6.0,2.0,112.0,MSIIIb,Municipal,Primario
109711,2025.0,7.0,2.0,112.0,MSIIIb,Municipal,Primario
109711,2025.0,8.0,8.0,112.0,MSIIIb,Municipal,Primario
109711,2025.0,9.0,0.0,112.0,MSIIIb,Municipal,Primario
109711,2025.0,10.0,1.0,112.0,MSIIIb,Municipal,Primario
109712,2025.0,1.0,0.0,143.0,MSIIIb,Municipal,Primario
109712,2025.0,2.0,0.0,143.0,MSIIIb,Municipal,Primario
109712,2025.0,3.0,4.0,143.0,MSIIIb,Municipal,Primario
109712,2025.0,4.0,6.0,143.0,MSIIIb,Municipal,Primario
109712,2025.0,5.0,18.0,143.0,MSIIIb,Municipal,Primario
109712,2025.0,6.0,8.0,143.0,MSIIIb,Municipal,Primario
109712,2025.0,7.0,2.0,143.0,MSIIIb,Municipal,Primario
109712,2025.0,8.0,20.0,143.0,MSIIIb,Municipal,Primario
109712,2025.0,9.0,8.0,143.0,MSIIIb,Municipal,Primario
109712,2025.0,10.0,5.0,143.0,MSIIIb,Municipal,Primario
109713,2025.0,1.0,10.0,39.0,MSIIIb,Municipal,Primario
109713,2025.0,2.0,2.0,39.0,MSIIIb,Municipal,Primario
109713,2025.0,3.0,0.0,39.0,MSIIIb,Municipal,Primario
109713,2025.0,4.0,4.0,39.0,MSIIIb,Municipal,Primario
109713,2025.0,5.0,6.0,39.0,MSIIIb,Municipal,Primario
109713,2025.0,6.0,4.0,39.0,MSIIIb,Municipal,Primario
109713,2025.0,7.0,2.0,39.0,MSIIIb,Municipal,Primario
109713,2025.0,8.0,0.0,39.0,MSIIIb,Municipal,Primario
109713,2025.0,9.0,0.0,39.0,MSIIIb,Municipal,Primario
109713,2025.0,10.0,2.0,39.0,MSIIIb,Municipal,Primario
109715,2025.0,1.0,0.0,65.0,MSIIIb,Municipal,Primario
109715,2025.0,2.0,2.0,65.0,MSIIIb,Municipal,Primario
109715,2025.0,3.0,6.0,65.0,MSIIIb,Municipal,Primario
109715,2025.0,4.0,4.0,65.0,MSIIIb,Municipal,Primario
109715,2025.0,5.0,0.0,65.0,MSIIIb,Municipal,Primario
109715,2025.0,6.0,0.0,65.0,MSIIIb,Municipal,Primario
109715,2025.0,7.0,0.0,65.0,MSIIIb,Municipal,Primario
109715,2025.0,8.0,2.0,65.0,MSIIIb,Municipal,Primario
109715,2025.0,9.0,0.0,65.0,MSIIIb,Municipal,Primario
109715,2025.0,10.0,4.0,65.0,MSIIIb,Municipal,Primario
109716,2025.0,1.0,4.0,42.0,MSIIIb,Municipal,Primario
109716,2025.0,2.0,2.0,42.0,MSIIIb,Municipal,Primario
109716,2025.0,3.0,6.0,42.0,MSIIIb,Municipal,Primario
109716,2025.0,4.0,0.0,42.0,MSIIIb,Municipal,Primario
109716,2025.0,5.0,0.0,42.0,MSIIIb,Municipal,Primario
109716,2025.0,6.0,0.0,42.0,MSIIIb,Municipal,Primario
109716,2025.0,7.0,0.0,42.0,MSIIIb,Municipal,Primario
109716,2025.0,8.0,2.0,42.0,MSIIIb,Municipal,Primario
109716,2025.0,10.0,1.0,42.0,MSIIIb,Municipal,Primario
109718,2025.0,1.0,6.0,104.0,MSIIIb,Municipal,Primario
109718,2025.0,2.0,6.0,104.0,MSIIIb,Municipal,Primario
109718,2025.0,3.0,8.0,104.0,MSIIIb,Municipal,Primario
109718,2025.0,4.0,6.0,104.0,MSIIIb,Municipal,Primario
109718,2025.0,5.0,6.0,104.0,MSIIIb,Municipal,Primario
109718,2025.0,6.0,8.0,104.0,MSIIIb,Municipal,Primario
109718,2025.0,7.0,20.0,104.0,MSIIIb,Municipal,Primario
109718,2025.0,8.0,0.0,104.0,MSIIIb,Municipal,Primario
109718,2025.0,9.0,4.0,104.0,MSIIIb,Municipal,Primario
109718,2025.0,10.0,1.0,104.0,MSIIIb,Municipal,Primario
110160,2025.0,1.0,28.0,85.0,MSIIIb,Servicio de Salud,Primario
110160,2025.0,2.0,12.0,85.0,MSIIIb,Servicio de Salud,Primario
110160,2025.0,3.0,14.0,85.0,MSIIIb,Servicio de Salud,Primario
110160,2025.0,4.0,16.0,85.0,MSIIIb,Servicio de Salud,Primario
110160,2025.0,5.0,12.0,85.0,MSIIIb,Servicio de Salud,Primario
110160,2025.0,6.0,10.0,85.0,MSIIIb,Servicio de Salud,Primario
110160,2025.0,7.0,6.0,85.0,MSIIIb,Servicio de Salud,Primario
110160,2025.0,8.0,16.0,85.0,MSIIIb,Servicio de Salud,Primario
110160,2025.0,9.0,10.0,85.0,MSIIIb,Servicio de Salud,Primario
110160,2025.0,10.0,6.0,85.0,MSIIIb,Servicio de Salud,Primario
110308,2025.0,1.0,24.0,460.0,MSIIIb,Municipal,Primario
110308,2025.0,2.0,14.0,460.0,MSIIIb,Municipal,Primario
110308,2025.0,3.0,14.0,460.0,MSIIIb,Municipal,Primario
110308,2025.0,4.0,20.0,460.0,MSIIIb,Municipal,Primario
110308,2025.0,5.0,10.0,460.0,MSIIIb,Municipal,Primario
110308,2025.0,6.0,26.0,460.0,MSIIIb,Municipal,Primario
110308,2025.0,7.0,6.0,460.0,MSIIIb,Municipal,Primario
110308,2025.0,8.0,40.0,460.0,MSIIIb,Municipal,Primario
110308,2025.0,9.0,16.0,460.0,MSIIIb,Municipal,Primario
110308,2025.0,10.0,3.0,460.0,MSIIIb,Municipal,Primario
110310,2025.0,1.0,0.0,234.0,MSIIIb,Servicio de Salud,Primario
110310,2025.0,2.0,10.0,234.0,MSIIIb,Servicio de Salud,Primario
110310,2025.0,3.0,18.0,234.0,MSIIIb,Servicio de Salud,Primario
110310,2025.0,4.0,8.0,234.0,MSIIIb,Servicio de Salud,Primario
110310,2025.0,5.0,12.0,234.0,MSIIIb,Servicio de Salud,Primario
110310,2025.0,6.0,26.0,234.0,MSIIIb,Servicio de Salud,Primario
110310,2025.0,7.0,20.0,234.0,MSIIIb,Servicio de Salud,Primario
110310,2025.0,8.0,14.0,234.0,MSIIIb,Servicio de Salud,Primario
110310,2025.0,9.0,4.0,234.0,MSIIIb,Servicio de Salud,Primario
110315,2025.0,1.0,12.0,456.0,MSIIIb,Municipal,Primario
110315,2025.0,2.0,12.0,456.0,MSIIIb,Municipal,Primario
110315,2025.0,3.0,8.0,456.0,MSIIIb,Municipal,Primario
110315,2025.0,4.0,8.0,456.0,MSIIIb,Municipal,Primario
110315,2025.0,5.0,38.0,456.0,MSIIIb,Municipal,Primario
110315,2025.0,6.0,32.0,456.0,MSIIIb,Municipal,Primario
110315,2025.0,7.0,18.0,456.0,MSIIIb,Municipal,Primario
110315,2025.0,8.0,8.0,456.0,MSIIIb,Municipal,Primario
110315,2025.0,9.0,18.0,456.0,MSIIIb,Municipal,Primario
110315,2025.0,10.0,6.0,456.0,MSIIIb,Municipal,Primario
110316,2025.0,1.0,4.0,389.0,MSIIIb,Municipal,Primario
110316,2025.0,2.0,8.0,389.0,MSIIIb,Municipal,Primario
110316,2025.0,3.0,10.0,389.0,MSIIIb,Municipal,Primario
110316,2025.0,4.0,14.0,389.0,MSIIIb,Municipal,Primario
110316,2025.0,5.0,6.0,389.0,MSIIIb,Municipal,Primario
110316,2025.0,6.0,20.0,389.0,MSIIIb,Municipal,Primario
110316,2025.0,7.0,6.0,389.0,MSIIIb,Municipal,Primario
110316,2025.0,8.0,8.0,389.0,MSIIIb,Municipal,Primario
110316,2025.0,9.0,4.0,389.0,MSIIIb,Municipal,Primario
110316,2025.0,10.0,3.0,389.0,MSIIIb,Municipal,Primario
110320,2025.0,1.0,12.0,538.0,MSIIIb,Municipal,Primario
110320,2025.0,2.0,14.0,538.0,MSIIIb,Municipal,Primario
110320,2025.0,3.0,16.0,538.0,MSIIIb,Municipal,Primario
110320,2025.0,4.0,14.0,538.0,MSIIIb,Municipal,Primario
110320,2025.0,5.0,14.0,538.0,MSIIIb,Municipal,Primario
110320,2025.0,6.0,10.0,538.0,MSIIIb,Municipal,Primario
110320,2025.0,7.0,16.0,538.0,MSIIIb,Municipal,Primario
110320,2025.0,8.0,18.0,538.0,MSIIIb,Municipal,Primario
110320,2025.0,9.0,14.0,538.0,MSIIIb,Municipal,Primario
110320,2025.0,10.0,10.0,538.0,MSIIIb,Municipal,Primario
110325,2025.0,1.0,26.0,387.0,MSIIIb,Municipal,Primario
110325,2025.0,2.0,16.0,387.0,MSIIIb,Municipal,Primario
110325,2025.0,3.0,4.0,387.0,MSIIIb,Municipal,Primario
110325,2025.0,4.0,14.0,387.0,MSIIIb,Municipal,Primario
110325,2025.0,5.0,10.0,387.0,MSIIIb,Municipal,Primario
110325,2025.0,6.0,6.0,387.0,MSIIIb,Municipal,Primario
110325,2025.0,7.0,8.0,387.0,MSIIIb,Municipal,Primario
110325,2025.0,8.0,12.0,387.0,MSIIIb,Municipal,Primario
110325,2025.0,9.0,10.0,387.0,MSIIIb,Municipal,Primario
110325,2025.0,10.0,0.0,387.0,MSIIIb,Municipal,Primario
110330,2025.0,1.0,28.0,483.0,MSIIIb,Municipal,Primario
110330,2025.0,2.0,20.0,483.0,MSIIIb,Municipal,Primario
110330,2025.0,3.0,18.0,483.0,MSIIIb,Municipal,Primario
110330,2025.0,4.0,30.0,483.0,MSIIIb,Municipal,Primario
110330,2025.0,5.0,14.0,483.0,MSIIIb,Municipal,Primario
110330,2025.0,6.0,24.0,483.0,MSIIIb,Municipal,Primario
110330,2025.0,7.0,12.0,483.0,MSIIIb,Municipal,Primario
110330,2025.0,8.0,18.0,483.0,MSIIIb,Municipal,Primario
110330,2025.0,9.0,8.0,483.0,MSIIIb,Municipal,Primario
110330,2025.0,10.0,4.0,483.0,MSIIIb,Municipal,Primario
110331,2025.0,1.0,14.0,319.0,MSIIIb,Municipal,Primario
110331,2025.0,2.0,12.0,319.0,MSIIIb,Municipal,Primario
110331,2025.0,3.0,8.0,319.0,MSIIIb,Municipal,Primario
110331,2025.0,4.0,46.0,319.0,MSIIIb,Municipal,Primario
110331,2025.0,5.0,12.0,319.0,MSIIIb,Municipal,Primario
110331,2025.0,6.0,16.0,319.0,MSIIIb,Municipal,Primario
110331,2025.0,7.0,8.0,319.0,MSIIIb,Municipal,Primario
110331,2025.0,8.0,8.0,319.0,MSIIIb,Municipal,Primario
110331,2025.0,9.0,2.0,319.0,MSIIIb,Municipal,Primario
110331,2025.0,10.0,3.0,319.0,MSIIIb,Municipal,Primario
110335,2025.0,1.0,26.0,362.0,MSIIIb,Municipal,Primario
110335,2025.0,2.0,32.0,362.0,MSIIIb,Municipal,Primario
110335,2025.0,3.0,18.0,362.0,MSIIIb,Municipal,Primario
110335,2025.0,4.0,14.0,362.0,MSIIIb,Municipal,Primario
110335,2025.0,5.0,16.0,362.0,MSIIIb,Municipal,Primario
110335,2025.0,6.0,16.0,362.0,MSIIIb,Municipal,Primario
110335,2025.0,7.0,12.0,362.0,MSIIIb,Municipal,Primario
110335,2025.0,8.0,12.0,362.0,MSIIIb,Municipal,Primario
110335,2025.0,9.0,2.0,362.0,MSIIIb,Municipal,Primario
110335,2025.0,10.0,5.0,362.0,MSIIIb,Municipal,Primario
110340,2025.0,1.0,24.0,406.0,MSIIIb,Municipal,Primario
110340,2025.0,2.0,6.0,406.0,MSIIIb,Municipal,Primario
110340,2025.0,3.0,2.0,406.0,MSIIIb,Municipal,Primario
110340,2025.0,4.0,2.0,406.0,MSIIIb,Municipal,Primario
110340,2025.0,5.0,0.0,406.0,MSIIIb,Municipal,Primario
110340,2025.0,6.0,2.0,406.0,MSIIIb,Municipal,Primario
110340,2025.0,7.0,4.0,406.0,MSIIIb,Municipal,Primario
110340,2025.0,8.0,28.0,406.0,MSIIIb,Municipal,Primario
110340,2025.0,9.0,24.0,406.0,MSIIIb,Municipal,Primario
110340,2025.0,10.0,5.0,406.0,MSIIIb,Municipal,Primario
110345,2025.0,1.0,4.0,310.0,MSIIIb,Municipal,Primario
110345,2025.0,2.0,8.0,310.0,MSIIIb,Municipal,Primario
110345,2025.0,3.0,6.0,310.0,MSIIIb,Municipal,Primario
110345,2025.0,4.0,4.0,310.0,MSIIIb,Municipal,Primario
110345,2025.0,5.0,16.0,310.0,MSIIIb,Municipal,Primario
110345,2025.0,6.0,30.0,310.0,MSIIIb,Municipal,Primario
110345,2025.0,7.0,14.0,310.0,MSIIIb,Municipal,Primario
110345,2025.0,8.0,10.0,310.0,MSIIIb,Municipal,Primario
110345,2025.0,9.0,16.0,310.0,MSIIIb,Municipal,Primario
110345,2025.0,10.0,7.0,310.0,MSIIIb,Municipal,Primario
110350,2025.0,1.0,24.0,626.0,MSIIIb,Municipal,Primario
110350,2025.0,2.0,6.0,626.0,MSIIIb,Municipal,Primario
110350,2025.0,3.0,16.0,626.0,MSIIIb,Municipal,Primario
110350,2025.0,4.0,40.0,626.0,MSIIIb,Municipal,Primario
110350,2025.0,5.0,26.0,626.0,MSIIIb,Municipal,Primario
110350,2025.0,6.0,38.0,626.0,MSIIIb,Municipal,Primario
110350,2025.0,7.0,26.0,626.0,MSIIIb,Municipal,Primario
110350,2025.0,8.0,28.0,626.0,MSIIIb,Municipal,Primario
110350,2025.0,9.0,18.0,626.0,MSIIIb,Municipal,Primario
110350,2025.0,10.0,10.0,626.0,MSIIIb,Municipal,Primario
110351,2025.0,1.0,10.0,508.0,MSIIIb,Municipal,Primario
110351,2025.0,2.0,4.0,508.0,MSIIIb,Municipal,Primario
110351,2025.0,3.0,8.0,508.0,MSIIIb,Municipal,Primario
110351,2025.0,4.0,6.0,508.0,MSIIIb,Municipal,Primario
110351,2025.0,5.0,16.0,508.0,MSIIIb,Municipal,Primario
110351,2025.0,6.0,32.0,508.0,MSIIIb,Municipal,Primario
110351,2025.0,7.0,26.0,508.0,MSIIIb,Municipal,Primario
110351,2025.0,8.0,38.0,508.0,MSIIIb,Municipal,Primario
110351,2025.0,9.0,14.0,508.0,MSIIIb,Municipal,Primario
110351,2025.0,10.0,10.0,508.0,MSIIIb,Municipal,Primario
110352,2025.0,1.0,4.0,369.0,MSIIIb,Municipal,Primario
110352,2025.0,2.0,10.0,369.0,MSIIIb,Municipal,Primario
110352,2025.0,3.0,8.0,369.0,MSIIIb,Municipal,Primario
110352,2025.0,4.0,4.0,369.0,MSIIIb,Municipal,Primario
110352,2025.0,5.0,20.0,369.0,MSIIIb,Municipal,Primario
110352,2025.0,6.0,10.0,369.0,MSIIIb,Municipal,Primario
110352,2025.0,7.0,28.0,369.0,MSIIIb,Municipal,Primario
110352,2025.0,8.0,14.0,369.0,MSIIIb,Municipal,Primario
110352,2025.0,9.0,20.0,369.0,MSIIIb,Municipal,Primario
110352,2025.0,10.0,4.0,369.0,MSIIIb,Municipal,Primario
110353,2025.0,1.0,12.0,304.0,MSIIIb,Municipal,Primario
110353,2025.0,2.0,8.0,304.0,MSIIIb,Municipal,Primario
110353,2025.0,3.0,8.0,304.0,MSIIIb,Municipal,Primario
110353,2025.0,4.0,14.0,304.0,MSIIIb,Municipal,Primario
110353,2025.0,5.0,8.0,304.0,MSIIIb,Municipal,Primario
110353,2025.0,6.0,18.0,304.0,MSIIIb,Municipal,Primario
110353,2025.0,7.0,21.0,304.0,MSIIIb,Municipal,Primario
110353,2025.0,8.0,16.0,304.0,MSIIIb,Municipal,Primario
110353,2025.0,9.0,15.0,304.0,MSIIIb,Municipal,Primario
110353,2025.0,10.0,9.0,304.0,MSIIIb,Municipal,Primario
110354,2025.0,1.0,16.0,528.0,MSIIIb,Municipal,Primario
110354,2025.0,2.0,16.0,528.0,MSIIIb,Municipal,Primario
110354,2025.0,3.0,12.0,528.0,MSIIIb,Municipal,Primario
110354,2025.0,4.0,12.0,528.0,MSIIIb,Municipal,Primario
110354,2025.0,5.0,10.0,528.0,MSIIIb,Municipal,Primario
110354,2025.0,6.0,20.0,528.0,MSIIIb,Municipal,Primario
110354,2025.0,7.0,26.0,528.0,MSIIIb,Municipal,Primario
110354,2025.0,8.0,50.0,528.0,MSIIIb,Municipal,Primario
110354,2025.0,9.0,92.0,528.0,MSIIIb,Municipal,Primario
110354,2025.0,10.0,14.0,528.0,MSIIIb,Municipal,Primario
110355,2025.0,1.0,10.0,447.0,MSIIIb,Municipal,Primario
110355,2025.0,2.0,6.0,447.0,MSIIIb,Municipal,Primario
110355,2025.0,3.0,4.0,447.0,MSIIIb,Municipal,Primario
110355,2025.0,4.0,20.0,447.0,MSIIIb,Municipal,Primario
110355,2025.0,5.0,8.0,447.0,MSIIIb,Municipal,Primario
110355,2025.0,6.0,26.0,447.0,MSIIIb,Municipal,Primario
110355,2025.0,7.0,24.0,447.0,MSIIIb,Municipal,Primario
110355,2025.0,8.0,20.0,447.0,MSIIIb,Municipal,Primario
110355,2025.0,9.0,20.0,447.0,MSIIIb,Municipal,Primario
110355,2025.0,10.0,12.0,447.0,MSIIIb,Municipal,Primario
110360,2025.0,1.0,58.0,698.0,MSIIIb,Municipal,Primario
110360,2025.0,2.0,4.0,698.0,MSIIIb,Municipal,Primario
110360,2025.0,3.0,2.0,698.0,MSIIIb,Municipal,Primario
110360,2025.0,4.0,26.0,698.0,MSIIIb,Municipal,Primario
110360,2025.0,5.0,30.0,698.0,MSIIIb,Municipal,Primario
110360,2025.0,6.0,14.0,698.0,MSIIIb,Municipal,Primario
110360,2025.0,7.0,12.0,698.0,MSIIIb,Municipal,Primario
110360,2025.0,8.0,30.0,698.0,MSIIIb,Municipal,Primario
110360,2025.0,9.0,58.0,698.0,MSIIIb,Municipal,Primario
110360,2025.0,10.0,12.0,698.0,MSIIIb,Municipal,Primario
110361,2025.0,1.0,34.0,631.0,MSIIIb,Municipal,Primario
110361,2025.0,2.0,16.0,631.0,MSIIIb,Municipal,Primario
110361,2025.0,3.0,20.0,631.0,MSIIIb,Municipal,Primario
110361,2025.0,4.0,16.0,631.0,MSIIIb,Municipal,Primario
110361,2025.0,5.0,28.0,631.0,MSIIIb,Municipal,Primario
110361,2025.0,6.0,22.0,631.0,MSIIIb,Municipal,Primario
110361,2025.0,7.0,4.0,631.0,MSIIIb,Municipal,Primario
110361,2025.0,8.0,18.0,631.0,MSIIIb,Municipal,Primario
110361,2025.0,9.0,12.0,631.0,MSIIIb,Municipal,Primario
110361,2025.0,10.0,14.0,631.0,MSIIIb,Municipal,Primario
110362,2025.0,1.0,8.0,426.0,MSIIIb,Municipal,Primario
110362,2025.0,2.0,12.0,426.0,MSIIIb,Municipal,Primario
110362,2025.0,3.0,8.0,426.0,MSIIIb,Municipal,Primario
110362,2025.0,4.0,16.0,426.0,MSIIIb,Municipal,Primario
110362,2025.0,5.0,6.0,426.0,MSIIIb,Municipal,Primario
110362,2025.0,6.0,6.0,426.0,MSIIIb,Municipal,Primario
110362,2025.0,7.0,10.0,426.0,MSIIIb,Municipal,Primario
110362,2025.0,8.0,12.0,426.0,MSIIIb,Municipal,Primario
110362,2025.0,9.0,14.0,426.0,MSIIIb,Municipal,Primario
110362,2025.0,10.0,11.0,426.0,MSIIIb,Municipal,Primario
110364,2025.0,1.0,4.0,239.0,MSIIIb,Municipal,Primario
110364,2025.0,2.0,4.0,239.0,MSIIIb,Municipal,Primario
110364,2025.0,3.0,6.0,239.0,MSIIIb,Municipal,Primario
110364,2025.0,4.0,10.0,239.0,MSIIIb,Municipal,Primario
110364,2025.0,5.0,10.0,239.0,MSIIIb,Municipal,Primario
110364,2025.0,6.0,8.0,239.0,MSIIIb,Municipal,Primario
110364,2025.0,7.0,0.0,239.0,MSIIIb,Municipal,Primario
110364,2025.0,8.0,6.0,239.0,MSIIIb,Municipal,Primario
110364,2025.0,9.0,34.0,239.0,MSIIIb,Municipal,Primario
110364,2025.0,10.0,5.0,239.0,MSIIIb,Municipal,Primario
110366,2025.0,1.0,16.0,696.0,MSIIIb,Municipal,Primario
110366,2025.0,2.0,20.0,696.0,MSIIIb,Municipal,Primario
110366,2025.0,3.0,28.0,696.0,MSIIIb,Municipal,Primario
110366,2025.0,4.0,28.0,696.0,MSIIIb,Municipal,Primario
110366,2025.0,5.0,44.0,696.0,MSIIIb,Municipal,Primario
110366,2025.0,6.0,26.0,696.0,MSIIIb,Municipal,Primario
110366,2025.0,7.0,18.0,696.0,MSIIIb,Municipal,Primario
110366,2025.0,8.0,18.0,696.0,MSIIIb,Municipal,Primario
110366,2025.0,9.0,16.0,696.0,MSIIIb,Municipal,Primario
110366,2025.0,10.0,8.0,696.0,MSIIIb,Municipal,Primario
110369,2025.0,1.0,26.0,482.0,MSIIIb,Municipal,Primario
110369,2025.0,2.0,8.0,482.0,MSIIIb,Municipal,Primario
110369,2025.0,3.0,28.0,482.0,MSIIIb,Municipal,Primario
110369,2025.0,4.0,28.0,482.0,MSIIIb,Municipal,Primario
110369,2025.0,5.0,32.0,482.0,MSIIIb,Municipal,Primario
110369,2025.0,6.0,30.0,482.0,MSIIIb,Municipal,Primario
110369,2025.0,7.0,28.0,482.0,MSIIIb,Municipal,Primario
110369,2025.0,8.0,16.0,482.0,MSIIIb,Municipal,Primario
110369,2025.0,9.0,8.0,482.0,MSIIIb,Municipal,Primario
110369,2025.0,10.0,10.0,482.0,MSIIIb,Municipal,Primario
110370,2025.0,1.0,10.0,336.0,MSIIIb,Municipal,Primario
110370,2025.0,2.0,0.0,336.0,MSIIIb,Municipal,Primario
110370,2025.0,3.0,10.0,336.0,MSIIIb,Municipal,Primario
110370,2025.0,4.0,26.0,336.0,MSIIIb,Municipal,Primario
110370,2025.0,5.0,10.0,336.0,MSIIIb,Municipal,Primario
110370,2025.0,6.0,12.0,336.0,MSIIIb,Municipal,Primario
110370,2025.0,7.0,14.0,336.0,MSIIIb,Municipal,Primario
110370,2025.0,8.0,16.0,336.0,MSIIIb,Municipal,Primario
110370,2025.0,9.0,6.0,336.0,MSIIIb,Municipal,Primario
110370,2025.0,10.0,0.0,336.0,MSIIIb,Municipal,Primario
110375,2025.0,1.0,0.0,153.0,MSIIIb,Municipal,Primario
110375,2025.0,2.0,2.0,153.0,MSIIIb,Municipal,Primario
110375,2025.0,3.0,3.0,153.0,MSIIIb,Municipal,Primario
110375,2025.0,4.0,0.0,153.0,MSIIIb,Municipal,Primario
110375,2025.0,5.0,6.0,153.0,MSIIIb,Municipal,Primario
110375,2025.0,6.0,0.0,153.0,MSIIIb,Municipal,Primario
110375,2025.0,7.0,1.0,153.0,MSIIIb,Municipal,Primario
110375,2025.0,8.0,4.0,153.0,MSIIIb,Municipal,Primario
110375,2025.0,9.0,0.0,153.0,MSIIIb,Municipal,Primario
110375,2025.0,10.0,9.0,153.0,MSIIIb,Municipal,Primario
110378,2025.0,1.0,4.0,271.0,MSIIIb,Municipal,Primario
110378,2025.0,2.0,2.0,271.0,MSIIIb,Municipal,Primario
110378,2025.0,3.0,2.0,271.0,MSIIIb,Municipal,Primario
110378,2025.0,4.0,22.0,271.0,MSIIIb,Municipal,Primario
110378,2025.0,5.0,4.0,271.0,MSIIIb,Municipal,Primario
110378,2025.0,6.0,12.0,271.0,MSIIIb,Municipal,Primario
110378,2025.0,7.0,16.0,271.0,MSIIIb,Municipal,Primario
110378,2025.0,8.0,4.0,271.0,MSIIIb,Municipal,Primario
110378,2025.0,9.0,14.0,271.0,MSIIIb,Municipal,Primario
110378,2025.0,10.0,17.0,271.0,MSIIIb,Municipal,Primario
110379,2025.0,1.0,2.0,445.0,MSIIIb,Municipal,Primario
110379,2025.0,2.0,8.0,445.0,MSIIIb,Municipal,Primario
110379,2025.0,3.0,14.0,445.0,MSIIIb,Municipal,Primario
110379,2025.0,4.0,6.0,445.0,MSIIIb,Municipal,Primario
110379,2025.0,5.0,6.0,445.0,MSIIIb,Municipal,Primario
110379,2025.0,6.0,2.0,445.0,MSIIIb,Municipal,Primario
110379,2025.0,7.0,4.0,445.0,MSIIIb,Municipal,Primario
110379,2025.0,8.0,70.0,445.0,MSIIIb,Municipal,Primario
110379,2025.0,9.0,50.0,445.0,MSIIIb,Municipal,Primario
110379,2025.0,10.0,3.0,445.0,MSIIIb,Municipal,Primario
110380,2025.0,1.0,2.0,135.0,MSIIIb,Municipal,Primario
110380,2025.0,2.0,2.0,135.0,MSIIIb,Municipal,Primario
110380,2025.0,3.0,2.0,135.0,MSIIIb,Municipal,Primario
110380,2025.0,4.0,4.0,135.0,MSIIIb,Municipal,Primario
110380,2025.0,5.0,2.0,135.0,MSIIIb,Municipal,Primario
110380,2025.0,6.0,4.0,135.0,MSIIIb,Municipal,Primario
110380,2025.0,7.0,12.0,135.0,MSIIIb,Municipal,Primario
110380,2025.0,8.0,4.0,135.0,MSIIIb,Municipal,Primario
110380,2025.0,9.0,6.0,135.0,MSIIIb,Municipal,Primario
110380,2025.0,10.0,1.0,135.0,MSIIIb,Municipal,Primario
110381,2025.0,1.0,2.0,93.0,MSIIIb,Municipal,Primario
110381,2025.0,2.0,0.0,93.0,MSIIIb,Municipal,Primario
110381,2025.0,3.0,4.0,93.0,MSIIIb,Municipal,Primario
110381,2025.0,4.0,4.0,93.0,MSIIIb,Municipal,Primario
110381,2025.0,5.0,4.0,93.0,MSIIIb,Municipal,Primario
110381,2025.0,6.0,0.0,93.0,MSIIIb,Municipal,Primario
110381,2025.0,7.0,6.0,93.0,MSIIIb,Municipal,Primario
110381,2025.0,8.0,2.0,93.0,MSIIIb,Municipal,Primario
110381,2025.0,9.0,4.0,93.0,MSIIIb,Municipal,Primario
110381,2025.0,10.0,3.0,93.0,MSIIIb,Municipal,Primario
110385,2025.0,1.0,4.0,135.0,MSIIIb,Municipal,Primario
110385,2025.0,2.0,4.0,135.0,MSIIIb,Municipal,Primario
110385,2025.0,3.0,14.0,135.0,MSIIIb,Municipal,Primario
110385,2025.0,4.0,6.0,135.0,MSIIIb,Municipal,Primario
110385,2025.0,5.0,4.0,135.0,MSIIIb,Municipal,Primario
110385,2025.0,6.0,0.0,135.0,MSIIIb,Municipal,Primario
110385,2025.0,7.0,2.0,135.0,MSIIIb,Municipal,Primario
110385,2025.0,8.0,0.0,135.0,MSIIIb,Municipal,Primario
110385,2025.0,9.0,10.0,135.0,MSIIIb,Municipal,Primario
110385,2025.0,10.0,3.0,135.0,MSIIIb,Municipal,Primario
110387,2025.0,1.0,8.0,135.0,MSIIIb,Municipal,Primario
110387,2025.0,2.0,2.0,135.0,MSIIIb,Municipal,Primario
110387,2025.0,3.0,0.0,135.0,MSIIIb,Municipal,Primario
110387,2025.0,4.0,6.0,135.0,MSIIIb,Municipal,Primario
110387,2025.0,5.0,4.0,135.0,MSIIIb,Municipal,Primario
110387,2025.0,6.0,6.0,135.0,MSIIIb,Municipal,Primario
110387,2025.0,7.0,4.0,135.0,MSIIIb,Municipal,Primario
110387,2025.0,8.0,2.0,135.0,MSIIIb,Municipal,Primario
110387,2025.0,9.0,2.0,135.0,MSIIIb,Municipal,Primario
110387,2025.0,10.0,1.0,135.0,MSIIIb,Municipal,Primario
110390,2025.0,1.0,10.0,317.0,MSIIIb,Municipal,Primario
110390,2025.0,2.0,22.0,317.0,MSIIIb,Municipal,Primario
110390,2025.0,3.0,10.0,317.0,MSIIIb,Municipal,Primario
110390,2025.0,4.0,8.0,317.0,MSIIIb,Municipal,Primario
110390,2025.0,5.0,8.0,317.0,MSIIIb,Municipal,Primario
110390,2025.0,6.0,2.0,317.0,MSIIIb,Municipal,Primario
110390,2025.0,7.0,8.0,317.0,MSIIIb,Municipal,Primario
110390,2025.0,8.0,10.0,317.0,MSIIIb,Municipal,Primario
110390,2025.0,9.0,12.0,317.0,MSIIIb,Municipal,Primario
110390,2025.0,10.0,2.0,317.0,MSIIIb,Municipal,Primario
110393,2025.0,1.0,2.0,67.0,MSIIIb,Municipal,Primario
110393,2025.0,2.0,0.0,67.0,MSIIIb,Municipal,Primario
110393,2025.0,3.0,2.0,67.0,MSIIIb,Municipal,Primario
110393,2025.0,4.0,0.0,67.0,MSIIIb,Municipal,Primario
110393,2025.0,5.0,2.0,67.0,MSIIIb,Municipal,Primario
110393,2025.0,6.0,2.0,67.0,MSIIIb,Municipal,Primario
110393,2025.0,7.0,10.0,67.0,MSIIIb,Municipal,Primario
110393,2025.0,8.0,4.0,67.0,MSIIIb,Municipal,Primario
110393,2025.0,9.0,0.0,67.0,MSIIIb,Municipal,Primario
110393,2025.0,10.0,3.0,67.0,MSIIIb,Municipal,Primario
110400,2025.0,1.0,0.0,20.0,MSIIIb,Municipal,Primario
110400,2025.0,2.0,2.0,20.0,MSIIIb,Municipal,Primario
110400,2025.0,4.0,0.0,20.0,MSIIIb,Municipal,Primario
110400,2025.0,5.0,0.0,20.0,MSIIIb,Municipal,Primario
110400,2025.0,6.0,2.0,20.0,MSIIIb,Municipal,Primario
110400,2025.0,7.0,2.0,20.0,MSIIIb,Municipal,Primario
110400,2025.0,8.0,0.0,20.0,MSIIIb,Municipal,Primario
110400,2025.0,9.0,0.0,20.0,MSIIIb,Municipal,Primario
110400,2025.0,10.0,0.0,20.0,MSIIIb,Municipal,Primario
110410,2025.0,1.0,2.0,10.0,MSIIIb,Municipal,Primario
110410,2025.0,2.0,0.0,10.0,MSIIIb,Municipal,Primario
110410,2025.0,3.0,2.0,10.0,MSIIIb,Municipal,Primario
110410,2025.0,4.0,0.0,10.0,MSIIIb,Municipal,Primario
110410,2025.0,5.0,0.0,10.0,MSIIIb,Municipal,Primario
110410,2025.0,6.0,0.0,10.0,MSIIIb,Municipal,Primario
110410,2025.0,8.0,0.0,10.0,MSIIIb,Municipal,Primario
110410,2025.0,9.0,0.0,10.0,MSIIIb,Municipal,Primario
110410,2025.0,10.0,0.0,10.0,MSIIIb,Municipal,Primario
110425,2025.0,1.0,2.0,154.0,MSIIIb,Municipal,Primario
110425,2025.0,2.0,1.0,154.0,MSIIIb,Municipal,Primario
110425,2025.0,3.0,6.0,154.0,MSIIIb,Municipal,Primario
110425,2025.0,4.0,2.0,154.0,MSIIIb,Municipal,Primario
110425,2025.0,5.0,0.0,154.0,MSIIIb,Municipal,Primario
110425,2025.0,6.0,2.0,154.0,MSIIIb,Municipal,Primario
110425,2025.0,7.0,8.0,154.0,MSIIIb,Municipal,Primario
110425,2025.0,8.0,0.0,154.0,MSIIIb,Municipal,Primario
110425,2025.0,9.0,0.0,154.0,MSIIIb,Municipal,Primario
110425,2025.0,10.0,6.0,154.0,MSIIIb,Municipal,Primario
110430,2025.0,1.0,0.0,22.0,MSIIIb,Municipal,Primario
110430,2025.0,2.0,0.0,22.0,MSIIIb,Municipal,Primario
110430,2025.0,3.0,0.0,22.0,MSIIIb,Municipal,Primario
110430,2025.0,4.0,0.0,22.0,MSIIIb,Municipal,Primario
110430,2025.0,5.0,0.0,22.0,MSIIIb,Municipal,Primario
110430,2025.0,6.0,2.0,22.0,MSIIIb,Municipal,Primario
110430,2025.0,7.0,2.0,22.0,MSIIIb,Municipal,Primario
110430,2025.0,8.0,0.0,22.0,MSIIIb,Municipal,Primario
110430,2025.0,9.0,0.0,22.0,MSIIIb,Municipal,Primario
110430,2025.0,10.0,0.0,22.0,MSIIIb,Municipal,Primario
110431,2025.0,1.0,0.0,17.0,MSIIIb,Municipal,Primario
110431,2025.0,2.0,2.0,17.0,MSIIIb,Municipal,Primario
110431,2025.0,3.0,0.0,17.0,MSIIIb,Municipal,Primario
110431,2025.0,4.0,0.0,17.0,MSIIIb,Municipal,Primario
110431,2025.0,5.0,0.0,17.0,MSIIIb,Municipal,Primario
110431,2025.0,6.0,0.0,17.0,MSIIIb,Municipal,Primario
110431,2025.0,7.0,0.0,17.0,MSIIIb,Municipal,Primario
110431,2025.0,8.0,0.0,17.0,MSIIIb,Municipal,Primario
110431,2025.0,9.0,0.0,17.0,MSIIIb,Municipal,Primario
110431,2025.0,10.0,1.0,17.0,MSIIIb,Municipal,Primario
110432,2025.0,1.0,0.0,22.0,MSIIIb,Municipal,Primario
110432,2025.0,2.0,0.0,22.0,MSIIIb,Municipal,Primario
110432,2025.0,3.0,0.0,22.0,MSIIIb,Municipal,Primario
110432,2025.0,4.0,0.0,22.0,MSIIIb,Municipal,Primario
110432,2025.0,5.0,0.0,22.0,MSIIIb,Municipal,Primario
110432,2025.0,6.0,0.0,22.0,MSIIIb,Municipal,Primario
110432,2025.0,7.0,0.0,22.0,MSIIIb,Municipal,Primario
110432,2025.0,8.0,0.0,22.0,MSIIIb,Municipal,Primario
110432,2025.0,9.0,0.0,22.0,MSIIIb,Municipal,Primario
110432,2025.0,10.0,0.0,22.0,MSIIIb,Municipal,Primario
110440,2025.0,4.0,8.0,102.0,MSIIIb,Municipal,Primario
110440,2025.0,5.0,0.0,102.0,MSIIIb,Municipal,Primario
110440,2025.0,6.0,4.0,102.0,MSIIIb,Municipal,Primario
110440,2025.0,7.0,2.0,102.0,MSIIIb,Municipal,Primario
110440,2025.0,8.0,6.0,102.0,MSIIIb,Municipal,Primario
110440,2025.0,9.0,4.0,102.0,MSIIIb,Municipal,Primario
110440,2025.0,10.0,5.0,102.0,MSIIIb,Municipal,Primario
110445,2025.0,1.0,2.0,60.0,MSIIIb,Municipal,Primario
110445,2025.0,2.0,2.0,60.0,MSIIIb,Municipal,Primario
110445,2025.0,3.0,4.0,60.0,MSIIIb,Municipal,Primario
110445,2025.0,4.0,4.0,60.0,MSIIIb,Municipal,Primario
110445,2025.0,5.0,0.0,60.0,MSIIIb,Municipal,Primario
110445,2025.0,6.0,6.0,60.0,MSIIIb,Municipal,Primario
110445,2025.0,7.0,4.0,60.0,MSIIIb,Municipal,Primario
110445,2025.0,8.0,8.0,60.0,MSIIIb,Municipal,Primario
110445,2025.0,9.0,2.0,60.0,MSIIIb,Municipal,Primario
110445,2025.0,10.0,0.0,60.0,MSIIIb,Municipal,Primario
110455,,,,36.0,MSIIIb,Municipal,Primario
110465,2025.0,1.0,6.0,23.0,MSIIIb,Municipal,Primario
110465,2025.0,2.0,2.0,23.0,MSIIIb,Municipal,Primario
110465,2025.0,3.0,0.0,23.0,MSIIIb,Municipal,Primario
110465,2025.0,4.0,0.0,23.0,MSIIIb,Municipal,Primario
110465,2025.0,5.0,4.0,23.0,MSIIIb,Municipal,Primario
110465,2025.0,6.0,4.0,23.0,MSIIIb,Municipal,Primario
110465,2025.0,7.0,0.0,23.0,MSIIIb,Municipal,Primario
110465,2025.0,8.0,0.0,23.0,MSIIIb,Municipal,Primario
110465,2025.0,9.0,0.0,23.0,MSIIIb,Municipal,Primario
110465,2025.0,10.0,0.0,23.0,MSIIIb,Municipal,Primario
110470,2025.0,1.0,0.0,12.0,MSIIIb,Municipal,Primario
110470,2025.0,2.0,0.0,12.0,MSIIIb,Municipal,Primario
110470,2025.0,3.0,0.0,12.0,MSIIIb,Municipal,Primario
110470,2025.0,4.0,0.0,12.0,MSIIIb,Municipal,Primario
110470,2025.0,5.0,0.0,12.0,MSIIIb,Municipal,Primario
110470,2025.0,6.0,0.0,12.0,MSIIIb,Municipal,Primario
110470,2025.0,7.0,0.0,12.0,MSIIIb,Municipal,Primario
110470,2025.0,8.0,0.0,12.0,MSIIIb,Municipal,Primario
110470,2025.0,9.0,0.0,12.0,MSIIIb,Municipal,Primario
110470,2025.0,10.0,1.0,12.0,MSIIIb,Municipal,Primario
110475,2025.0,2.0,2.0,36.0,MSIIIb,Municipal,Primario
110475,2025.0,3.0,4.0,36.0,MSIIIb,Municipal,Primario
110475,2025.0,4.0,0.0,36.0,MSIIIb,Municipal,Primario
110475,2025.0,5.0,0.0,36.0,MSIIIb,Municipal,Primario
110475,2025.0,6.0,2.0,36.0,MSIIIb,Municipal,Primario
110475,2025.0,7.0,2.0,36.0,MSIIIb,Municipal,Primario
110475,2025.0,8.0,4.0,36.0,MSIIIb,Municipal,Primario
110475,2025.0,9.0,0.0,36.0,MSIIIb,Municipal,Primario
110475,2025.0,10.0,3.0,36.0,MSIIIb,Municipal,Primario
110477,2025.0,1.0,4.0,10.0,MSIIIb,Servicio de Salud,Primario
110477,2025.0,2.0,8.0,10.0,MSIIIb,Servicio de Salud,Primario
110477,2025.0,3.0,4.0,10.0,MSIIIb,Servicio de Salud,Primario
110477,2025.0,4.0,0.0,10.0,MSIIIb,Servicio de Salud,Primario
110477,2025.0,5.0,8.0,10.0,MSIIIb,Servicio de Salud,Primario
110477,2025.0,6.0,8.0,10.0,MSIIIb,Servicio de Salud,Primario
110477,2025.0,7.0,2.0,10.0,MSIIIb,Servicio de Salud,Primario
110477,2025.0,8.0,0.0,10.0,MSIIIb,Servicio de Salud,Primario
110477,2025.0,9.0,8.0,10.0,MSIIIb,Servicio de Salud,Primario
110477,2025.0,10.0,1.0,10.0,MSIIIb,Servicio de Salud,Primario
110485,2025.0,1.0,0.0,28.0,MSIIIb,Municipal,Primario
110485,2025.0,2.0,8.0,28.0,MSIIIb,Municipal,Primario
110485,2025.0,3.0,2.0,28.0,MSIIIb,Municipal,Primario
110485,2025.0,4.0,2.0,28.0,MSIIIb,Municipal,Primario
110485,2025.0,5.0,4.0,28.0,MSIIIb,Municipal,Primario
110485,2025.0,6.0,4.0,28.0,MSIIIb,Municipal,Primario
110485,2025.0,7.0,0.0,28.0,MSIIIb,Municipal,Primario
110485,2025.0,8.0,2.0,28.0,MSIIIb,Municipal,Primario
110485,2025.0,9.0,0.0,28.0,MSIIIb,Municipal,Primario
110485,2025.0,10.0,0.0,28.0,MSIIIb,Municipal,Primario
110490,,,,7.0,MSIIIb,Municipal,Primario
110492,,,,8.0,MSIIIb,Municipal,Primario
110495,2025.0,1.0,0.0,24.0,MSIIIb,Municipal,Primario
110495,2025.0,2.0,4.0,24.0,MSIIIb,Municipal,Primario
110495,2025.0,3.0,0.0,24.0,MSIIIb,Municipal,Primario
110495,2025.0,4.0,0.0,24.0,MSIIIb,Municipal,Primario
110495,2025.0,5.0,2.0,24.0,MSIIIb,Municipal,Primario
110495,2025.0,6.0,0.0,24.0,MSIIIb,Municipal,Primario
110495,2025.0,7.0,4.0,24.0,MSIIIb,Municipal,Primario
110495,2025.0,8.0,2.0,24.0,MSIIIb,Municipal,Primario
110495,2025.0,9.0,0.0,24.0,MSIIIb,Municipal,Primario
110495,2025.0,10.0,0.0,24.0,MSIIIb,Municipal,Primario
110503,2025.0,1.0,2.0,24.0,MSIIIb,Municipal,Primario
110503,2025.0,2.0,2.0,24.0,MSIIIb,Municipal,Primario
110503,2025.0,3.0,2.0,24.0,MSIIIb,Municipal,Primario
110503,2025.0,4.0,0.0,24.0,MSIIIb,Municipal,Primario
110503,2025.0,5.0,0.0,24.0,MSIIIb,Municipal,Primario
110503,2025.0,6.0,0.0,24.0,MSIIIb,Municipal,Primario
110503,2025.0,7.0,0.0,24.0,MSIIIb,Municipal,Primario
110503,2025.0,8.0,2.0,24.0,MSIIIb,Municipal,Primario
110503,2025.0,9.0,2.0,24.0,MSIIIb,Municipal,Primario
110503,2025.0,10.0,0.0,24.0,MSIIIb,Municipal,Primario
110505,2025.0,5.0,0.0,1.0,MSIIIb,Municipal,Primario
110505,2025.0,7.0,0.0,1.0,MSIIIb,Municipal,Primario
110505,2025.0,8.0,0.0,1.0,MSIIIb,Municipal,Primario
110510,2025.0,1.0,0.0,1.0,MSIIIb,Municipal,Primario
110510,2025.0,2.0,0.0,1.0,MSIIIb,Municipal,Primario
110510,2025.0,6.0,0.0,1.0,MSIIIb,Municipal,Primario
110510,2025.0,7.0,2.0,1.0,MSIIIb,Municipal,Primario
110510,2025.0,8.0,0.0,1.0,MSIIIb,Municipal,Primario
110510,2025.0,9.0,0.0,1.0,MSIIIb,Municipal,Primario
110601,,,,1.0,MSIIIb,Privado,Secundario
110720,2025.0,1.0,0.0,2.0,MSIIIb,Municipal,Primario
110720,2025.0,2.0,2.0,2.0,MSIIIb,Municipal,Primario
110720,2025.0,3.0,0.0,2.0,MSIIIb,Municipal,Primario
110720,2025.0,4.0,2.0,2.0,MSIIIb,Municipal,Primario
110720,2025.0,5.0,0.0,2.0,MSIIIb,Municipal,Primario
110720,2025.0,6.0,6.0,2.0,MSIIIb,Municipal,Primario
110720,2025.0,7.0,0.0,2.0,MSIIIb,Municipal,Primario
110720,2025.0,8.0,6.0,2.0,MSIIIb,Municipal,Primario
110720,2025.0,9.0,0.0,2.0,MSIIIb,Municipal,Primario
110720,2025.0,10.0,0.0,2.0,MSIIIb,Municipal,Primario
110725,2025.0,1.0,2.0,,MSIIIb,Municipal,Primario
110725,2025.0,3.0,2.0,,MSIIIb,Municipal,Primario
110725,2025.0,4.0,0.0,,MSIIIb,Municipal,Primario
110725,2025.0,5.0,0.0,,MSIIIb,Municipal,Primario
110725,2025.0,6.0,4.0,,MSIIIb,Municipal,Primario
110725,2025.0,7.0,10.0,,MSIIIb,Municipal,Primario
110725,2025.0,8.0,6.0,,MSIIIb,Municipal,Primario
110725,2025.0,9.0,4.0,,MSIIIb,Municipal,Primario
110725,2025.0,10.0,1.0,,MSIIIb,Municipal,Primario
110735,2025.0,1.0,0.0,2.0,MSIIIb,Municipal,Primario
110735,2025.0,2.0,2.0,2.0,MSIIIb,Municipal,Primario
110735,2025.0,3.0,0.0,2.0,MSIIIb,Municipal,Primario
110735,2025.0,4.0,0.0,2.0,MSIIIb,Municipal,Primario
110735,2025.0,5.0,0.0,2.0,MSIIIb,Municipal,Primario
110735,2025.0,6.0,0.0,2.0,MSIIIb,Municipal,Primario
110735,2025.0,7.0,0.0,2.0,MSIIIb,Municipal,Primario
110735,2025.0,8.0,0.0,2.0,MSIIIb,Municipal,Primario
110735,2025.0,9.0,0.0,2.0,MSIIIb,Municipal,Primario
110735,2025.0,10.0,0.0,2.0,MSIIIb,Municipal,Primario
110750,2025.0,1.0,0.0,,MSIIIb,Municipal,Primario
110750,2025.0,2.0,0.0,,MSIIIb,Municipal,Primario
110750,2025.0,3.0,0.0,,MSIIIb,Municipal,Primario
110750,2025.0,4.0,0.0,,MSIIIb,Municipal,Primario
110750,2025.0,5.0,2.0,,MSIIIb,Municipal,Primario
110750,2025.0,6.0,0.0,,MSIIIb,Municipal,Primario
110750,2025.0,8.0,2.0,,MSIIIb,Municipal,Primario
110750,2025.0,9.0,0.0,,MSIIIb,Municipal,Primario
110750,2025.0,10.0,0.0,,MSIIIb,Municipal,Primario
110752,2025.0,1.0,2.0,11.0,MSIIIb,Municipal,Primario
110752,2025.0,3.0,4.0,11.0,MSIIIb,Municipal,Primario
110752,2025.0,4.0,0.0,11.0,MSIIIb,Municipal,Primario
110752,2025.0,5.0,0.0,11.0,MSIIIb,Municipal,Primario
110752,2025.0,6.0,4.0,11.0,MSIIIb,Municipal,Primario
110752,2025.0,7.0,6.0,11.0,MSIIIb,Municipal,Primario
110752,2025.0,8.0,2.0,11.0,MSIIIb,Municipal,Primario
110752,2025.0,9.0,0.0,11.0,MSIIIb,Municipal,Primario
110752,2025.0,10.0,2.0,11.0,MSIIIb,Municipal,Primario
110754,2025.0,1.0,2.0,14.0,MSIIIb,Municipal,Primario
110754,2025.0,2.0,2.0,14.0,MSIIIb,Municipal,Primario
110754,2025.0,3.0,2.0,14.0,MSIIIb,Municipal,Primario
110754,2025.0,4.0,0.0,14.0,MSIIIb,Municipal,Primario
110754,2025.0,5.0,0.0,14.0,MSIIIb,Municipal,Primario
110754,2025.0,6.0,0.0,14.0,MSIIIb,Municipal,Primario
110754,2025.0,7.0,2.0,14.0,MSIIIb,Municipal,Primario
110754,2025.0,8.0,2.0,14.0,MSIIIb,Municipal,Primario
110754,2025.0,9.0,4.0,14.0,MSIIIb,Municipal,Primario
110754,2025.0,10.0,0.0,14.0,MSIIIb,Municipal,Primario
110756,2025.0,1.0,4.0,8.0,MSIIIb,Municipal,Primario
110756,2025.0,2.0,2.0,8.0,MSIIIb,Municipal,Primario
110756,2025.0,3.0,0.0,8.0,MSIIIb,Municipal,Primario
110756,2025.0,4.0,4.0,8.0,MSIIIb,Municipal,Primario
110756,2025.0,5.0,4.0,8.0,MSIIIb,Municipal,Primario
110756,2025.0,6.0,2.0,8.0,MSIIIb,Municipal,Primario
110756,2025.0,7.0,0.0,8.0,MSIIIb,Municipal,Primario
110756,2025.0,8.0,0.0,8.0,MSIIIb,Municipal,Primario
110756,2025.0,9.0,2.0,8.0,MSIIIb,Municipal,Primario
110756,2025.0,10.0,1.0,8.0,MSIIIb,Municipal,Primario
110758,2025.0,1.0,2.0,7.0,MSIIIb,Municipal,Primario
110758,2025.0,2.0,0.0,7.0,MSIIIb,Municipal,Primario
110758,2025.0,3.0,0.0,7.0,MSIIIb,Municipal,Primario
110758,2025.0,4.0,2.0,7.0,MSIIIb,Municipal,Primario
110758,2025.0,5.0,0.0,7.0,MSIIIb,Municipal,Primario
110758,2025.0,6.0,2.0,7.0,MSIIIb,Municipal,Primario
110758,2025.0,7.0,2.0,7.0,MSIIIb,Municipal,Primario
110758,2025.0,8.0,2.0,7.0,MSIIIb,Municipal,Primario
110758,2025.0,9.0,4.0,7.0,MSIIIb,Municipal,Primario
110758,2025.0,10.0,0.0,7.0,MSIIIb,Municipal,Primario
110760,2025.0,1.0,0.0,23.0,MSIIIb,Servicio de Salud,Primario
110760,2025.0,2.0,4.0,23.0,MSIIIb,Servicio de Salud,Primario
110760,2025.0,3.0,0.0,23.0,MSIIIb,Servicio de Salud,Primario
110760,2025.0,4.0,0.0,23.0,MSIIIb,Servicio de Salud,Primario
110760,2025.0,5.0,2.0,23.0,MSIIIb,Servicio de Salud,Primario
110760,2025.0,6.0,0.0,23.0,MSIIIb,Servicio de Salud,Primario
110760,2025.0,7.0,10.0,23.0,MSIIIb,Servicio de Salud,Primario
110760,2025.0,8.0,6.0,23.0,MSIIIb,Servicio de Salud,Primario
110760,2025.0,9.0,4.0,23.0,MSIIIb,Servicio de Salud,Primario
110760,2025.0,10.0,1.0,23.0,MSIIIb,Servicio de Salud,Primario
110775,2025.0,1.0,2.0,37.0,MSIIIb,Municipal,Primario
110775,2025.0,2.0,0.0,37.0,MSIIIb,Municipal,Primario
110775,2025.0,3.0,0.0,37.0,MSIIIb,Municipal,Primario
110775,2025.0,4.0,2.0,37.0,MSIIIb,Municipal,Primario
110775,2025.0,5.0,0.0,37.0,MSIIIb,Municipal,Primario
110775,2025.0,6.0,4.0,37.0,MSIIIb,Municipal,Primario
110775,2025.0,7.0,0.0,37.0,MSIIIb,Municipal,Primario
110775,2025.0,8.0,2.0,37.0,MSIIIb,Municipal,Primario
110775,2025.0,9.0,0.0,37.0,MSIIIb,Municipal,Primario
110775,2025.0,10.0,2.0,37.0,MSIIIb,Municipal,Primario
110778,2025.0,1.0,6.0,118.0,MSIIIb,Municipal,Primario
110778,2025.0,2.0,2.0,118.0,MSIIIb,Municipal,Primario
110778,2025.0,3.0,2.0,118.0,MSIIIb,Municipal,Primario
110778,2025.0,4.0,2.0,118.0,MSIIIb,Municipal,Primario
110778,2025.0,5.0,2.0,118.0,MSIIIb,Municipal,Primario
110778,2025.0,6.0,8.0,118.0,MSIIIb,Municipal,Primario
110778,2025.0,7.0,4.0,118.0,MSIIIb,Municipal,Primario
110778,2025.0,8.0,2.0,118.0,MSIIIb,Municipal,Primario
110778,2025.0,9.0,2.0,118.0,MSIIIb,Municipal,Primario
110778,2025.0,10.0,3.0,118.0,MSIIIb,Municipal,Primario
110781,2025.0,1.0,0.0,57.0,MSIIIb,Municipal,Primario
110781,2025.0,2.0,0.0,57.0,MSIIIb,Municipal,Primario
110781,2025.0,3.0,2.0,57.0,MSIIIb,Municipal,Primario
110781,2025.0,4.0,0.0,57.0,MSIIIb,Municipal,Primario
110781,2025.0,5.0,4.0,57.0,MSIIIb,Municipal,Primario
110781,2025.0,6.0,2.0,57.0,MSIIIb,Municipal,Primario
110781,2025.0,7.0,0.0,57.0,MSIIIb,Municipal,Primario
110781,2025.0,9.0,0.0,57.0,MSIIIb,Municipal,Primario
110781,2025.0,10.0,0.0,57.0,MSIIIb,Municipal,Primario
110783,2025.0,1.0,4.0,23.0,MSIIIb,Municipal,Primario
110783,2025.0,2.0,2.0,23.0,MSIIIb,Municipal,Primario
110783,2025.0,3.0,0.0,23.0,MSIIIb,Municipal,Primario
110783,2025.0,4.0,0.0,23.0,MSIIIb,Municipal,Primario
110783,2025.0,5.0,0.0,23.0,MSIIIb,Municipal,Primario
110783,2025.0,6.0,2.0,23.0,MSIIIb,Municipal,Primario
110783,2025.0,7.0,0.0,23.0,MSIIIb,Municipal,Primario
110783,2025.0,8.0,0.0,23.0,MSIIIb,Municipal,Primario
110783,2025.0,9.0,0.0,23.0,MSIIIb,Municipal,Primario
110783,2025.0,10.0,2.0,23.0,MSIIIb,Municipal,Primario
111300,2025.0,1.0,50.0,532.0,MSIIIb,Servicio de Salud,Primario
111300,2025.0,2.0,34.0,532.0,MSIIIb,Servicio de Salud,Primario
111300,2025.0,3.0,26.0,532.0,MSIIIb,Servicio de Salud,Primario
111300,2025.0,4.0,20.0,532.0,MSIIIb,Servicio de Salud,Primario
111300,2025.0,5.0,16.0,532.0,MSIIIb,Servicio de Salud,Primario
111300,2025.0,6.0,52.0,532.0,MSIIIb,Servicio de Salud,Primario
111300,2025.0,7.0,54.0,532.0,MSIIIb,Servicio de Salud,Primario
111300,2025.0,8.0,56.0,532.0,MSIIIb,Servicio de Salud,Primario
111300,2025.0,9.0,42.0,532.0,MSIIIb,Servicio de Salud,Primario
111300,2025.0,10.0,20.0,532.0,MSIIIb,Servicio de Salud,Primario
111301,2025.0,1.0,16.0,191.0,MSIIIb,Servicio de Salud,Primario
111301,2025.0,2.0,14.0,191.0,MSIIIb,Servicio de Salud,Primario
111301,2025.0,3.0,20.0,191.0,MSIIIb,Servicio de Salud,Primario
111301,2025.0,4.0,14.0,191.0,MSIIIb,Servicio de Salud,Primario
111301,2025.0,5.0,16.0,191.0,MSIIIb,Servicio de Salud,Primario
111301,2025.0,6.0,10.0,191.0,MSIIIb,Servicio de Salud,Primario
111301,2025.0,7.0,12.0,191.0,MSIIIb,Servicio de Salud,Primario
111301,2025.0,8.0,12.0,191.0,MSIIIb,Servicio de Salud,Primario
111301,2025.0,9.0,8.0,191.0,MSIIIb,Servicio de Salud,Primario
111301,2025.0,10.0,7.0,191.0,MSIIIb,Servicio de Salud,Primario
111302,2025.0,1.0,28.0,248.0,MSIIIb,Servicio de Salud,Primario
111302,2025.0,2.0,28.0,248.0,MSIIIb,Servicio de Salud,Primario
111302,2025.0,3.0,12.0,248.0,MSIIIb,Servicio de Salud,Primario
111302,2025.0,4.0,16.0,248.0,MSIIIb,Servicio de Salud,Primario
111302,2025.0,5.0,12.0,248.0,MSIIIb,Servicio de Salud,Primario
111302,2025.0,6.0,28.0,248.0,MSIIIb,Servicio de Salud,Primario
111302,2025.0,7.0,8.0,248.0,MSIIIb,Servicio de Salud,Primario
111302,2025.0,8.0,16.0,248.0,MSIIIb,Servicio de Salud,Primario
111302,2025.0,9.0,6.0,248.0,MSIIIb,Servicio de Salud,Primario
111302,2025.0,10.0,10.0,248.0,MSIIIb,Servicio de Salud,Primario
111303,2025.0,1.0,20.0,246.0,MSIIIb,Municipal,Primario
111303,2025.0,2.0,16.0,246.0,MSIIIb,Municipal,Primario
111303,2025.0,3.0,4.0,246.0,MSIIIb,Municipal,Primario
111303,2025.0,4.0,8.0,246.0,MSIIIb,Municipal,Primario
111303,2025.0,5.0,8.0,246.0,MSIIIb,Municipal,Primario
111303,2025.0,6.0,2.0,246.0,MSIIIb,Municipal,Primario
111303,2025.0,7.0,6.0,246.0,MSIIIb,Municipal,Primario
111303,2025.0,8.0,4.0,246.0,MSIIIb,Municipal,Primario
111303,2025.0,9.0,10.0,246.0,MSIIIb,Municipal,Primario
111303,2025.0,10.0,14.0,246.0,MSIIIb,Municipal,Primario
111304,2025.0,1.0,14.0,228.0,MSIIIb,Servicio de Salud,Primario
111304,2025.0,2.0,6.0,228.0,MSIIIb,Servicio de Salud,Primario
111304,2025.0,3.0,14.0,228.0,MSIIIb,Servicio de Salud,Primario
111304,2025.0,4.0,12.0,228.0,MSIIIb,Servicio de Salud,Primario
111304,2025.0,5.0,18.0,228.0,MSIIIb,Servicio de Salud,Primario
111304,2025.0,6.0,10.0,228.0,MSIIIb,Servicio de Salud,Primario
111304,2025.0,7.0,14.0,228.0,MSIIIb,Servicio de Salud,Primario
111304,2025.0,8.0,8.0,228.0,MSIIIb,Servicio de Salud,Primario
111304,2025.0,9.0,4.0,228.0,MSIIIb,Servicio de Salud,Primario
111304,2025.0,10.0,8.0,228.0,MSIIIb,Servicio de Salud,Primario
111305,2025.0,1.0,18.0,311.0,MSIIIb,Servicio de Salud,Primario
111305,2025.0,2.0,14.0,311.0,MSIIIb,Servicio de Salud,Primario
111305,2025.0,3.0,14.0,311.0,MSIIIb,Servicio de Salud,Primario
111305,2025.0,4.0,16.0,311.0,MSIIIb,Servicio de Salud,Primario
111305,2025.0,5.0,14.0,311.0,MSIIIb,Servicio de Salud,Primario
111305,2025.0,6.0,22.0,311.0,MSIIIb,Servicio de Salud,Primario
111305,2025.0,7.0,20.0,311.0,MSIIIb,Servicio de Salud,Primario
111305,2025.0,8.0,12.0,311.0,MSIIIb,Servicio de Salud,Primario
111305,2025.0,9.0,8.0,311.0,MSIIIb,Servicio de Salud,Primario
111305,2025.0,10.0,9.0,311.0,MSIIIb,Servicio de Salud,Primario
111306,2025.0,1.0,18.0,233.0,MSIIIb,Servicio de Salud,Primario
111306,2025.0,2.0,12.0,233.0,MSIIIb,Servicio de Salud,Primario
111306,2025.0,3.0,14.0,233.0,MSIIIb,Servicio de Salud,Primario
111306,2025.0,4.0,14.0,233.0,MSIIIb,Servicio de Salud,Primario
111306,2025.0,5.0,18.0,233.0,MSIIIb,Servicio de Salud,Primario
111306,2025.0,6.0,18.0,233.0,MSIIIb,Servicio de Salud,Primario
111306,2025.0,7.0,6.0,233.0,MSIIIb,Servicio de Salud,Primario
111306,2025.0,8.0,10.0,233.0,MSIIIb,Servicio de Salud,Primario
111306,2025.0,9.0,6.0,233.0,MSIIIb,Servicio de Salud,Primario
111306,2025.0,10.0,2.0,233.0,MSIIIb,Servicio de Salud,Primario
111307,2025.0,1.0,22.0,113.0,MSIIIb,Servicio de Salud,Primario
111307,2025.0,2.0,6.0,113.0,MSIIIb,Servicio de Salud,Primario
111307,2025.0,3.0,18.0,113.0,MSIIIb,Servicio de Salud,Primario
111307,2025.0,4.0,16.0,113.0,MSIIIb,Servicio de Salud,Primario
111307,2025.0,5.0,20.0,113.0,MSIIIb,Servicio de Salud,Primario
111307,2025.0,6.0,14.0,113.0,MSIIIb,Servicio de Salud,Primario
111307,2025.0,7.0,16.0,113.0,MSIIIb,Servicio de Salud,Primario
111307,2025.0,8.0,18.0,113.0,MSIIIb,Servicio de Salud,Primario
111307,2025.0,9.0,2.0,113.0,MSIIIb,Servicio de Salud,Primario
111307,2025.0,10.0,7.0,113.0,MSIIIb,Servicio de Salud,Primario
111308,2025.0,1.0,14.0,111.0,MSIIIb,Servicio de Salud,Primario
111308,2025.0,2.0,10.0,111.0,MSIIIb,Servicio de Salud,Primario
111308,2025.0,3.0,8.0,111.0,MSIIIb,Servicio de Salud,Primario
111308,2025.0,4.0,6.0,111.0,MSIIIb,Servicio de Salud,Primario
111308,2025.0,5.0,6.0,111.0,MSIIIb,Servicio de Salud,Primario
111308,2025.0,6.0,2.0,111.0,MSIIIb,Servicio de Salud,Primario
111308,2025.0,7.0,4.0,111.0,MSIIIb,Servicio de Salud,Primario
111308,2025.0,8.0,6.0,111.0,MSIIIb,Servicio de Salud,Primario
111308,2025.0,9.0,0.0,111.0,MSIIIb,Servicio de Salud,Primario
111308,2025.0,10.0,3.0,111.0,MSIIIb,Servicio de Salud,Primario
111309,2025.0,1.0,12.0,180.0,MSIIIb,Servicio de Salud,Primario
111309,2025.0,2.0,14.0,180.0,MSIIIb,Servicio de Salud,Primario
111309,2025.0,3.0,16.0,180.0,MSIIIb,Servicio de Salud,Primario
111309,2025.0,4.0,24.0,180.0,MSIIIb,Servicio de Salud,Primario
111309,2025.0,5.0,10.0,180.0,MSIIIb,Servicio de Salud,Primario
111309,2025.0,6.0,10.0,180.0,MSIIIb,Servicio de Salud,Primario
111309,2025.0,7.0,6.0,180.0,MSIIIb,Servicio de Salud,Primario
111309,2025.0,8.0,2.0,180.0,MSIIIb,Servicio de Salud,Primario
111309,2025.0,9.0,0.0,180.0,MSIIIb,Servicio de Salud,Primario
111309,2025.0,10.0,6.0,180.0,MSIIIb,Servicio de Salud,Primario
111310,2025.0,1.0,40.0,1084.0,MSIIIb,Servicio de Salud,Primario
111310,2025.0,2.0,44.0,1084.0,MSIIIb,Servicio de Salud,Primario
111310,2025.0,3.0,42.0,1084.0,MSIIIb,Servicio de Salud,Primario
111310,2025.0,4.0,38.0,1084.0,MSIIIb,Servicio de Salud,Primario
111310,2025.0,5.0,36.0,1084.0,MSIIIb,Servicio de Salud,Primario
111310,2025.0,6.0,34.0,1084.0,MSIIIb,Servicio de Salud,Primario
111310,2025.0,7.0,36.0,1084.0,MSIIIb,Servicio de Salud,Primario
111310,2025.0,8.0,40.0,1084.0,MSIIIb,Servicio de Salud,Primario
111310,2025.0,9.0,28.0,1084.0,MSIIIb,Servicio de Salud,Primario
111310,2025.0,10.0,34.0,1084.0,MSIIIb,Servicio de Salud,Primario
111351,,,,9.0,MSIIIb,Servicio de Salud,Secundario
111370,2025.0,1.0,20.0,634.0,MSIIIb,Municipal,Primario
111370,2025.0,2.0,8.0,634.0,MSIIIb,Municipal,Primario
111370,2025.0,3.0,14.0,634.0,MSIIIb,Municipal,Primario
111370,2025.0,4.0,36.0,634.0,MSIIIb,Municipal,Primario
111370,2025.0,5.0,108.0,634.0,MSIIIb,Municipal,Primario
111370,2025.0,6.0,28.0,634.0,MSIIIb,Municipal,Primario
111370,2025.0,7.0,34.0,634.0,MSIIIb,Municipal,Primario
111370,2025.0,8.0,30.0,634.0,MSIIIb,Municipal,Primario
111370,2025.0,9.0,14.0,634.0,MSIIIb,Municipal,Primario
111370,2025.0,10.0,17.0,634.0,MSIIIb,Municipal,Primario
111372,2025.0,1.0,22.0,320.0,MSIIIb,Municipal,Primario
111372,2025.0,2.0,12.0,320.0,MSIIIb,Municipal,Primario
111372,2025.0,3.0,10.0,320.0,MSIIIb,Municipal,Primario
111372,2025.0,4.0,6.0,320.0,MSIIIb,Municipal,Primario
111372,2025.0,5.0,8.0,320.0,MSIIIb,Municipal,Primario
111372,2025.0,6.0,38.0,320.0,MSIIIb,Municipal,Primario
111372,2025.0,7.0,10.0,320.0,MSIIIb,Municipal,Primario
111372,2025.0,8.0,6.0,320.0,MSIIIb,Municipal,Primario
111372,2025.0,9.0,2.0,320.0,MSIIIb,Municipal,Primario
111372,2025.0,10.0,7.0,320.0,MSIIIb,Municipal,Primario
111376,2025.0,1.0,20.0,537.0,MSIIIb,Municipal,Primario
111376,2025.0,2.0,20.0,537.0,MSIIIb,Municipal,Primario
111376,2025.0,3.0,18.0,537.0,MSIIIb,Municipal,Primario
111376,2025.0,4.0,72.0,537.0,MSIIIb,Municipal,Primario
111376,2025.0,5.0,32.0,537.0,MSIIIb,Municipal,Primario
111376,2025.0,6.0,12.0,537.0,MSIIIb,Municipal,Primario
111376,2025.0,7.0,24.0,537.0,MSIIIb,Municipal,Primario
111376,2025.0,8.0,38.0,537.0,MSIIIb,Municipal,Primario
111376,2025.0,9.0,2.0,537.0,MSIIIb,Municipal,Primario
111376,2025.0,10.0,6.0,537.0,MSIIIb,Municipal,Primario
111378,2025.0,1.0,14.0,282.0,MSIIIb,Municipal,Primario
111378,2025.0,2.0,10.0,282.0,MSIIIb,Municipal,Primario
111378,2025.0,3.0,8.0,282.0,MSIIIb,Municipal,Primario
111378,2025.0,4.0,28.0,282.0,MSIIIb,Municipal,Primario
111378,2025.0,5.0,4.0,282.0,MSIIIb,Municipal,Primario
111378,2025.0,6.0,10.0,282.0,MSIIIb,Municipal,Primario
111378,2025.0,7.0,18.0,282.0,MSIIIb,Municipal,Primario
111378,2025.0,8.0,10.0,282.0,MSIIIb,Municipal,Primario
111378,2025.0,9.0,16.0,282.0,MSIIIb,Municipal,Primario
111378,2025.0,10.0,3.0,282.0,MSIIIb,Municipal,Primario
111379,2025.0,1.0,12.0,369.0,MSIIIb,Municipal,Primario
111379,2025.0,2.0,26.0,369.0,MSIIIb,Municipal,Primario
111379,2025.0,3.0,34.0,369.0,MSIIIb,Municipal,Primario
111379,2025.0,4.0,36.0,369.0,MSIIIb,Municipal,Primario
111379,2025.0,5.0,22.0,369.0,MSIIIb,Municipal,Primario
111379,2025.0,6.0,20.0,369.0,MSIIIb,Municipal,Primario
111379,2025.0,7.0,16.0,369.0,MSIIIb,Municipal,Primario
111379,2025.0,8.0,10.0,369.0,MSIIIb,Municipal,Primario
111379,2025.0,9.0,4.0,369.0,MSIIIb,Municipal,Primario
111379,2025.0,10.0,2.0,369.0,MSIIIb,Municipal,Primario
111380,2025.0,1.0,12.0,370.0,MSIIIb,Municipal,Primario
111380,2025.0,2.0,12.0,370.0,MSIIIb,Municipal,Primario
111380,2025.0,3.0,18.0,370.0,MSIIIb,Municipal,Primario
111380,2025.0,4.0,8.0,370.0,MSIIIb,Municipal,Primario
111380,2025.0,5.0,12.0,370.0,MSIIIb,Municipal,Primario
111380,2025.0,6.0,16.0,370.0,MSIIIb,Municipal,Primario
111380,2025.0,7.0,14.0,370.0,MSIIIb,Municipal,Primario
111380,2025.0,8.0,16.0,370.0,MSIIIb,Municipal,Primario
111380,2025.0,9.0,6.0,370.0,MSIIIb,Municipal,Primario
111380,2025.0,10.0,6.0,370.0,MSIIIb,Municipal,Primario
111381,2025.0,1.0,40.0,1237.0,MSIIIb,Municipal,Primario
111381,2025.0,2.0,40.0,1237.0,MSIIIb,Municipal,Primario
111381,2025.0,3.0,26.0,1237.0,MSIIIb,Municipal,Primario
111381,2025.0,4.0,30.0,1237.0,MSIIIb,Municipal,Primario
111381,2025.0,5.0,64.0,1237.0,MSIIIb,Municipal,Primario
111381,2025.0,6.0,124.0,1237.0,MSIIIb,Municipal,Primario
111381,2025.0,7.0,136.0,1237.0,MSIIIb,Municipal,Primario
111381,2025.0,8.0,58.0,1237.0,MSIIIb,Municipal,Primario
111381,2025.0,9.0,28.0,1237.0,MSIIIb,Municipal,Primario
111381,2025.0,10.0,13.0,1237.0,MSIIIb,Municipal,Primario
111382,2025.0,1.0,16.0,429.0,MSIIIb,Municipal,Primario
111382,2025.0,2.0,10.0,429.0,MSIIIb,Municipal,Primario
111382,2025.0,3.0,26.0,429.0,MSIIIb,Municipal,Primario
111382,2025.0,4.0,12.0,429.0,MSIIIb,Municipal,Primario
111382,2025.0,5.0,12.0,429.0,MSIIIb,Municipal,Primario
111382,2025.0,6.0,12.0,429.0,MSIIIb,Municipal,Primario
111382,2025.0,7.0,16.0,429.0,MSIIIb,Municipal,Primario
111382,2025.0,8.0,12.0,429.0,MSIIIb,Municipal,Primario
111382,2025.0,9.0,38.0,429.0,MSIIIb,Municipal,Primario
111382,2025.0,10.0,6.0,429.0,MSIIIb,Municipal,Primario
111383,2025.0,1.0,18.0,286.0,MSIIIb,Municipal,Primario
111383,2025.0,2.0,22.0,286.0,MSIIIb,Municipal,Primario
111383,2025.0,3.0,26.0,286.0,MSIIIb,Municipal,Primario
111383,2025.0,4.0,14.0,286.0,MSIIIb,Municipal,Primario
111383,2025.0,5.0,4.0,286.0,MSIIIb,Municipal,Primario
111383,2025.0,6.0,12.0,286.0,MSIIIb,Municipal,Primario
111383,2025.0,7.0,12.0,286.0,MSIIIb,Municipal,Primario
111383,2025.0,8.0,14.0,286.0,MSIIIb,Municipal,Primario
111383,2025.0,9.0,4.0,286.0,MSIIIb,Municipal,Primario
111383,2025.0,10.0,2.0,286.0,MSIIIb,Municipal,Primario
111400,2025.0,2.0,2.0,,MSIIIb,Servicio de Salud,Primario
111400,2025.0,3.0,0.0,,MSIIIb,Servicio de Salud,Primario
111400,2025.0,4.0,2.0,,MSIIIb,Servicio de Salud,Primario
111400,2025.0,5.0,0.0,,MSIIIb,Servicio de Salud,Primario
111400,2025.0,6.0,2.0,,MSIIIb,Servicio de Salud,Primario
111400,2025.0,7.0,0.0,,MSIIIb,Servicio de Salud,Primario
111400,2025.0,8.0,0.0,,MSIIIb,Servicio de Salud,Primario
111400,2025.0,9.0,0.0,,MSIIIb,Servicio de Salud,Primario
111400,2025.0,10.0,0.0,,MSIIIb,Servicio de Salud,Primario
111704,2025.0,9.0,0.0,2.0,MSIIIb,Servicio de Salud,Primario
111704,2025.0,10.0,1.0,2.0,MSIIIb,Servicio de Salud,Primario
111780,2025.0,6.0,2.0,5.0,MSIIIb,Servicio de Salud,Primario
111780,2025.0,7.0,0.0,5.0,MSIIIb,Servicio de Salud,Primario
111780,2025.0,8.0,0.0,5.0,MSIIIb,Servicio de Salud,Primario
111780,2025.0,9.0,0.0,5.0,MSIIIb,Servicio de Salud,Primario
111781,2025.0,1.0,2.0,1.0,MSIIIb,Servicio de Salud,Primario
111781,2025.0,2.0,0.0,1.0,MSIIIb,Servicio de Salud,Primario
111781,2025.0,3.0,2.0,1.0,MSIIIb,Servicio de Salud,Primario
111781,2025.0,4.0,0.0,1.0,MSIIIb,Servicio de Salud,Primario
111781,2025.0,5.0,4.0,1.0,MSIIIb,Servicio de Salud,Primario
111781,2025.0,6.0,0.0,1.0,MSIIIb,Servicio de Salud,Primario
111781,2025.0,7.0,6.0,1.0,MSIIIb,Servicio de Salud,Primario
111781,2025.0,8.0,0.0,1.0,MSIIIb,Servicio de Salud,Primario
111781,2025.0,9.0,2.0,1.0,MSIIIb,Servicio de Salud,Primario
111781,2025.0,10.0,1.0,1.0,MSIIIb,Servicio de Salud,Primario
111782,,,,19.0,MSIIIb,,
111783,2025.0,1.0,2.0,32.0,MSIIIb,Municipal,Primario
111783,2025.0,2.0,0.0,32.0,MSIIIb,Municipal,Primario
111783,2025.0,3.0,0.0,32.0,MSIIIb,Municipal,Primario
111783,2025.0,4.0,2.0,32.0,MSIIIb,Municipal,Primario
111783,2025.0,5.0,0.0,32.0,MSIIIb,Municipal,Primario
111783,2025.0,6.0,4.0,32.0,MSIIIb,Municipal,Primario
111783,2025.0,7.0,0.0,32.0,MSIIIb,Municipal,Primario
111783,2025.0,8.0,2.0,32.0,MSIIIb,Municipal,Primario
111784,2025.0,1.0,4.0,16.0,MSIIIb,Municipal,Primario
111784,2025.0,2.0,0.0,16.0,MSIIIb,Municipal,Primario
111784,2025.0,3.0,0.0,16.0,MSIIIb,Municipal,Primario
111784,2025.0,4.0,0.0,16.0,MSIIIb,Municipal,Primario
111784,2025.0,5.0,2.0,16.0,MSIIIb,Municipal,Primario
111784,2025.0,6.0,0.0,16.0,MSIIIb,Municipal,Primario
111784,2025.0,7.0,0.0,16.0,MSIIIb,Municipal,Primario
111784,2025.0,8.0,2.0,16.0,MSIIIb,Municipal,Primario
111784,2025.0,9.0,0.0,16.0,MSIIIb,Municipal,Primario
111784,2025.0,10.0,0.0,16.0,MSIIIb,Municipal,Primario
112301,2025.0,1.0,18.0,217.0,MSIIIb,Municipal,Primario
112301,2025.0,2.0,2.0,217.0,MSIIIb,Municipal,Primario
112301,2025.0,3.0,8.0,217.0,MSIIIb,Municipal,Primario
112301,2025.0,4.0,0.0,217.0,MSIIIb,Municipal,Primario
112301,2025.0,5.0,8.0,217.0,MSIIIb,Municipal,Primario
112301,2025.0,6.0,4.0,217.0,MSIIIb,Municipal,Primario
112301,2025.0,7.0,6.0,217.0,MSIIIb,Municipal,Primario
112301,2025.0,8.0,20.0,217.0,MSIIIb,Municipal,Primario
112301,2025.0,9.0,0.0,217.0,MSIIIb,Municipal,Primario
112301,2025.0,10.0,1.0,217.0,MSIIIb,Municipal,Primario
112302,2025.0,1.0,8.0,101.0,MSIIIb,Municipal,Primario
112302,2025.0,2.0,6.0,101.0,MSIIIb,Municipal,Primario
112302,2025.0,3.0,8.0,101.0,MSIIIb,Municipal,Primario
112302,2025.0,4.0,2.0,101.0,MSIIIb,Municipal,Primario
112302,2025.0,5.0,2.0,101.0,MSIIIb,Municipal,Primario
112302,2025.0,6.0,2.0,101.0,MSIIIb,Municipal,Primario
112302,2025.0,7.0,6.0,101.0,MSIIIb,Municipal,Primario
112302,2025.0,8.0,2.0,101.0,MSIIIb,Municipal,Primario
112302,2025.0,9.0,6.0,101.0,MSIIIb,Municipal,Primario
112302,2025.0,10.0,3.0,101.0,MSIIIb,Municipal,Primario
112303,2025.0,1.0,10.0,97.0,MSIIIb,Municipal,Primario
112303,2025.0,2.0,2.0,97.0,MSIIIb,Municipal,Primario
112303,2025.0,3.0,12.0,97.0,MSIIIb,Municipal,Primario
112303,2025.0,4.0,2.0,97.0,MSIIIb,Municipal,Primario
112303,2025.0,5.0,6.0,97.0,MSIIIb,Municipal,Primario
112303,2025.0,6.0,8.0,97.0,MSIIIb,Municipal,Primario
112303,2025.0,7.0,10.0,97.0,MSIIIb,Municipal,Primario
112303,2025.0,8.0,2.0,97.0,MSIIIb,Municipal,Primario
112303,2025.0,9.0,4.0,97.0,MSIIIb,Municipal,Primario
112303,2025.0,10.0,7.0,97.0,MSIIIb,Municipal,Primario
112304,2025.0,1.0,12.0,113.0,MSIIIb,Municipal,Primario
112304,2025.0,2.0,10.0,113.0,MSIIIb,Municipal,Primario
112304,2025.0,3.0,16.0,113.0,MSIIIb,Municipal,Primario
112304,2025.0,4.0,8.0,113.0,MSIIIb,Municipal,Primario
112304,2025.0,5.0,18.0,113.0,MSIIIb,Municipal,Primario
112304,2025.0,6.0,12.0,113.0,MSIIIb,Municipal,Primario
112304,2025.0,7.0,6.0,113.0,MSIIIb,Municipal,Primario
112304,2025.0,8.0,2.0,113.0,MSIIIb,Municipal,Primario
112304,2025.0,9.0,0.0,113.0,MSIIIb,Municipal,Primario
112304,2025.0,10.0,2.0,113.0,MSIIIb,Municipal,Primario
112306,2025.0,1.0,28.0,346.0,MSIIIb,Municipal,Primario
112306,2025.0,2.0,28.0,346.0,MSIIIb,Municipal,Primario
112306,2025.0,3.0,44.0,346.0,MSIIIb,Municipal,Primario
112306,2025.0,4.0,26.0,346.0,MSIIIb,Municipal,Primario
112306,2025.0,5.0,30.0,346.0,MSIIIb,Municipal,Primario
112306,2025.0,6.0,22.0,346.0,MSIIIb,Municipal,Primario
112306,2025.0,7.0,16.0,346.0,MSIIIb,Municipal,Primario
112306,2025.0,8.0,40.0,346.0,MSIIIb,Municipal,Primario
112306,2025.0,9.0,56.0,346.0,MSIIIb,Municipal,Primario
112306,2025.0,10.0,18.0,346.0,MSIIIb,Municipal,Primario
112307,2025.0,1.0,28.0,412.0,MSIIIb,Municipal,Primario
112307,2025.0,2.0,16.0,412.0,MSIIIb,Municipal,Primario
112307,2025.0,3.0,34.0,412.0,MSIIIb,Municipal,Primario
112307,2025.0,4.0,26.0,412.0,MSIIIb,Municipal,Primario
112307,2025.0,5.0,34.0,412.0,MSIIIb,Municipal,Primario
112307,2025.0,6.0,26.0,412.0,MSIIIb,Municipal,Primario
112307,2025.0,7.0,20.0,412.0,MSIIIb,Municipal,Primario
112307,2025.0,8.0,4.0,412.0,MSIIIb,Municipal,Primario
112307,2025.0,9.0,8.0,412.0,MSIIIb,Municipal,Primario
112307,2025.0,10.0,4.0,412.0,MSIIIb,Municipal,Primario
112309,2025.0,1.0,4.0,94.0,MSIIIb,Municipal,Primario
112309,2025.0,2.0,12.0,94.0,MSIIIb,Municipal,Primario
112309,2025.0,3.0,6.0,94.0,MSIIIb,Municipal,Primario
112309,2025.0,4.0,8.0,94.0,MSIIIb,Municipal,Primario
112309,2025.0,5.0,4.0,94.0,MSIIIb,Municipal,Primario
112309,2025.0,6.0,2.0,94.0,MSIIIb,Municipal,Primario
112309,2025.0,7.0,4.0,94.0,MSIIIb,Municipal,Primario
112309,2025.0,8.0,0.0,94.0,MSIIIb,Municipal,Primario
112309,2025.0,9.0,2.0,94.0,MSIIIb,Municipal,Primario
112309,2025.0,10.0,2.0,94.0,MSIIIb,Municipal,Primario
112310,2025.0,1.0,14.0,381.0,MSIIIb,Municipal,Primario
112310,2025.0,2.0,10.0,381.0,MSIIIb,Municipal,Primario
112310,2025.0,3.0,0.0,381.0,MSIIIb,Municipal,Primario
112310,2025.0,4.0,46.0,381.0,MSIIIb,Municipal,Primario
112310,2025.0,5.0,14.0,381.0,MSIIIb,Municipal,Primario
112310,2025.0,6.0,24.0,381.0,MSIIIb,Municipal,Primario
112310,2025.0,7.0,14.0,381.0,MSIIIb,Municipal,Primario
112310,2025.0,8.0,12.0,381.0,MSIIIb,Municipal,Primario
112310,2025.0,9.0,0.0,381.0,MSIIIb,Municipal,Primario
112310,2025.0,10.0,2.0,381.0,MSIIIb,Municipal,Primario
112311,2025.0,1.0,28.0,298.0,MSIIIb,Municipal,Primario
112311,2025.0,2.0,16.0,298.0,MSIIIb,Municipal,Primario
112311,2025.0,3.0,10.0,298.0,MSIIIb,Municipal,Primario
112311,2025.0,4.0,0.0,298.0,MSIIIb,Municipal,Primario
112311,2025.0,5.0,0.0,298.0,MSIIIb,Municipal,Primario
112311,2025.0,6.0,5.0,298.0,MSIIIb,Municipal,Primario
112311,2025.0,7.0,80.0,298.0,MSIIIb,Municipal,Primario
112311,2025.0,8.0,32.0,298.0,MSIIIb,Municipal,Primario
112311,2025.0,9.0,24.0,298.0,MSIIIb,Municipal,Primario
112311,2025.0,10.0,9.0,298.0,MSIIIb,Municipal,Primario
112312,,,,458.0,MSIIIb,Municipal,Primario
112313,,,,486.0,MSIIIb,Municipal,Primario
112314,2025.0,1.0,10.0,382.0,MSIIIb,Municipal,Primario
112314,2025.0,2.0,8.0,382.0,MSIIIb,Municipal,Primario
112314,2025.0,3.0,16.0,382.0,MSIIIb,Municipal,Primario
112314,2025.0,4.0,24.0,382.0,MSIIIb,Municipal,Primario
112314,2025.0,5.0,8.0,382.0,MSIIIb,Municipal,Primario
112314,2025.0,6.0,18.0,382.0,MSIIIb,Municipal,Primario
112314,2025.0,7.0,8.0,382.0,MSIIIb,Municipal,Primario
112314,2025.0,8.0,14.0,382.0,MSIIIb,Municipal,Primario
112314,2025.0,9.0,38.0,382.0,MSIIIb,Municipal,Primario
112314,2025.0,10.0,1.0,382.0,MSIIIb,Municipal,Primario
112315,2025.0,1.0,10.0,239.0,MSIIIb,Municipal,Primario
112315,2025.0,2.0,4.0,239.0,MSIIIb,Municipal,Primario
112315,2025.0,3.0,8.0,239.0,MSIIIb,Municipal,Primario
112315,2025.0,4.0,18.0,239.0,MSIIIb,Municipal,Primario
112315,2025.0,5.0,2.0,239.0,MSIIIb,Municipal,Primario
112315,2025.0,6.0,8.0,239.0,MSIIIb,Municipal,Primario
112315,2025.0,7.0,10.0,239.0,MSIIIb,Municipal,Primario
112315,2025.0,8.0,16.0,239.0,MSIIIb,Municipal,Primario
112315,2025.0,9.0,4.0,239.0,MSIIIb,Municipal,Primario
112315,2025.0,10.0,2.0,239.0,MSIIIb,Municipal,Primario
112316,2025.0,1.0,54.0,409.0,MSIIIb,Municipal,Primario
112316,2025.0,2.0,44.0,409.0,MSIIIb,Municipal,Primario
112316,2025.0,3.0,60.0,409.0,MSIIIb,Municipal,Primario
112316,2025.0,4.0,32.0,409.0,MSIIIb,Municipal,Primario
112316,2025.0,5.0,14.0,409.0,MSIIIb,Municipal,Primario
112316,2025.0,6.0,12.0,409.0,MSIIIb,Municipal,Primario
112316,2025.0,7.0,24.0,409.0,MSIIIb,Municipal,Primario
112316,2025.0,8.0,10.0,409.0,MSIIIb,Municipal,Primario
112316,2025.0,9.0,14.0,409.0,MSIIIb,Municipal,Primario
112316,2025.0,10.0,0.0,409.0,MSIIIb,Municipal,Primario
112317,2025.0,1.0,8.0,112.0,MSIIIb,Municipal,Primario
112317,2025.0,2.0,0.0,112.0,MSIIIb,Municipal,Primario
112317,2025.0,3.0,2.0,112.0,MSIIIb,Municipal,Primario
112317,2025.0,4.0,6.0,112.0,MSIIIb,Municipal,Primario
112317,2025.0,5.0,0.0,112.0,MSIIIb,Municipal,Primario
112317,2025.0,6.0,2.0,112.0,MSIIIb,Municipal,Primario
112317,2025.0,7.0,2.0,112.0,MSIIIb,Municipal,Primario
112317,2025.0,8.0,0.0,112.0,MSIIIb,Municipal,Primario
112317,2025.0,9.0,4.0,112.0,MSIIIb,Municipal,Primario
112317,2025.0,10.0,0.0,112.0,MSIIIb,Municipal,Primario
112318,2025.0,1.0,48.0,321.0,MSIIIb,Municipal,Primario
112318,2025.0,2.0,20.0,321.0,MSIIIb,Municipal,Primario
112318,2025.0,3.0,8.0,321.0,MSIIIb,Municipal,Primario
112318,2025.0,4.0,20.0,321.0,MSIIIb,Municipal,Primario
112318,2025.0,5.0,8.0,321.0,MSIIIb,Municipal,Primario
112318,2025.0,6.0,16.0,321.0,MSIIIb,Municipal,Primario
112318,2025.0,7.0,6.0,321.0,MSIIIb,Municipal,Primario
112318,2025.0,8.0,12.0,321.0,MSIIIb,Municipal,Primario
112318,2025.0,9.0,4.0,321.0,MSIIIb,Municipal,Primario
112318,2025.0,10.0,4.0,321.0,MSIIIb,Municipal,Primario
112319,,,,413.0,MSIIIb,Municipal,Primario
112320,,,,192.0,MSIIIb,Municipal,Primario
112321,2025.0,1.0,8.0,303.0,MSIIIb,Municipal,Primario
112321,2025.0,2.0,6.0,303.0,MSIIIb,Municipal,Primario
112321,2025.0,3.0,14.0,303.0,MSIIIb,Municipal,Primario
112321,2025.0,4.0,16.0,303.0,MSIIIb,Municipal,Primario
112321,2025.0,5.0,18.0,303.0,MSIIIb,Municipal,Primario
112321,2025.0,6.0,4.0,303.0,MSIIIb,Municipal,Primario
112321,2025.0,7.0,18.0,303.0,MSIIIb,Municipal,Primario
112321,2025.0,8.0,8.0,303.0,MSIIIb,Municipal,Primario
112321,2025.0,9.0,16.0,303.0,MSIIIb,Municipal,Primario
112321,2025.0,10.0,2.0,303.0,MSIIIb,Municipal,Primario
112322,2025.0,1.0,16.0,283.0,MSIIIb,Municipal,Primario
112322,2025.0,2.0,6.0,283.0,MSIIIb,Municipal,Primario
112322,2025.0,3.0,14.0,283.0,MSIIIb,Municipal,Primario
112322,2025.0,4.0,28.0,283.0,MSIIIb,Municipal,Primario
112322,2025.0,5.0,16.0,283.0,MSIIIb,Municipal,Primario
112322,2025.0,6.0,8.0,283.0,MSIIIb,Municipal,Primario
112322,2025.0,7.0,14.0,283.0,MSIIIb,Municipal,Primario
112322,2025.0,8.0,6.0,283.0,MSIIIb,Municipal,Primario
112322,2025.0,9.0,9.0,283.0,MSIIIb,Municipal,Primario
112322,2025.0,10.0,4.0,283.0,MSIIIb,Municipal,Primario
112323,2025.0,1.0,76.0,,MSIIIb,Municipal,No Aplica
112323,2025.0,2.0,34.0,,MSIIIb,Municipal,No Aplica
112323,2025.0,3.0,36.0,,MSIIIb,Municipal,No Aplica
112323,2025.0,4.0,19.0,,MSIIIb,Municipal,No Aplica
112323,2025.0,5.0,28.0,,MSIIIb,Municipal,No Aplica
112323,2025.0,6.0,33.0,,MSIIIb,Municipal,No Aplica
112323,2025.0,7.0,18.0,,MSIIIb,Municipal,No Aplica
112323,2025.0,8.0,28.0,,MSIIIb,Municipal,No Aplica
112323,2025.0,9.0,41.0,,MSIIIb,Municipal,No Aplica
112323,2025.0,10.0,35.0,,MSIIIb,Municipal,No Aplica
112707,,,,16.0,MSIIIb,Municipal,Primario
112716,2025.0,1.0,2.0,1.0,MSIIIb,Municipal,Primario
112716,2025.0,2.0,2.0,1.0,MSIIIb,Municipal,Primario
112716,2025.0,3.0,0.0,1.0,MSIIIb,Municipal,Primario
112716,2025.0,4.0,0.0,1.0,MSIIIb,Municipal,Primario
112716,2025.0,5.0,0.0,1.0,MSIIIb,Municipal,Primario
112716,2025.0,6.0,6.0,1.0,MSIIIb,Municipal,Primario
112716,2025.0,7.0,2.0,1.0,MSIIIb,Municipal,Primario
112716,2025.0,8.0,0.0,1.0,MSIIIb,Municipal,Primario
112716,2025.0,9.0,2.0,1.0,MSIIIb,Municipal,Primario
112717,2025.0,1.0,0.0,39.0,MSIIIb,Municipal,Primario
112717,2025.0,2.0,2.0,39.0,MSIIIb,Municipal,Primario
112717,2025.0,3.0,8.0,39.0,MSIIIb,Municipal,Primario
112717,2025.0,4.0,2.0,39.0,MSIIIb,Municipal,Primario
112717,2025.0,5.0,2.0,39.0,MSIIIb,Municipal,Primario
112717,2025.0,6.0,0.0,39.0,MSIIIb,Municipal,Primario
112717,2025.0,7.0,0.0,39.0,MSIIIb,Municipal,Primario
112717,2025.0,8.0,2.0,39.0,MSIIIb,Municipal,Primario
112717,2025.0,9.0,0.0,39.0,MSIIIb,Municipal,Primario
112717,2025.0,10.0,1.0,39.0,MSIIIb,Municipal,Primario
113300,2025.0,1.0,28.0,593.0,MSIIIb,Municipal,Primario
113300,2025.0,2.0,22.0,593.0,MSIIIb,Municipal,Primario
113300,2025.0,3.0,18.0,593.0,MSIIIb,Municipal,Primario
113300,2025.0,4.0,24.0,593.0,MSIIIb,Municipal,Primario
113300,2025.0,5.0,24.0,593.0,MSIIIb,Municipal,Primario
113300,2025.0,6.0,38.0,593.0,MSIIIb,Municipal,Primario
113300,2025.0,7.0,38.0,593.0,MSIIIb,Municipal,Primario
113300,2025.0,8.0,22.0,593.0,MSIIIb,Municipal,Primario
113300,2025.0,9.0,20.0,593.0,MSIIIb,Municipal,Primario
113300,2025.0,10.0,11.0,593.0,MSIIIb,Municipal,Primario
113301,2025.0,1.0,6.0,253.0,MSIIIb,Municipal,Primario
113301,2025.0,2.0,12.0,253.0,MSIIIb,Municipal,Primario
113301,2025.0,3.0,16.0,253.0,MSIIIb,Municipal,Primario
113301,2025.0,4.0,16.0,253.0,MSIIIb,Municipal,Primario
113301,2025.0,5.0,24.0,253.0,MSIIIb,Municipal,Primario
113301,2025.0,6.0,12.0,253.0,MSIIIb,Municipal,Primario
113301,2025.0,7.0,16.0,253.0,MSIIIb,Municipal,Primario
113301,2025.0,8.0,10.0,253.0,MSIIIb,Municipal,Primario
113301,2025.0,9.0,10.0,253.0,MSIIIb,Municipal,Primario
113301,2025.0,10.0,5.0,253.0,MSIIIb,Municipal,Primario
113302,2025.0,1.0,28.0,474.0,MSIIIb,Municipal,Primario
113302,2025.0,2.0,20.0,474.0,MSIIIb,Municipal,Primario
113302,2025.0,3.0,12.0,474.0,MSIIIb,Municipal,Primario
113302,2025.0,4.0,18.0,474.0,MSIIIb,Municipal,Primario
113302,2025.0,5.0,20.0,474.0,MSIIIb,Municipal,Primario
113302,2025.0,6.0,24.0,474.0,MSIIIb,Municipal,Primario
113302,2025.0,7.0,18.0,474.0,MSIIIb,Municipal,Primario
113302,2025.0,8.0,20.0,474.0,MSIIIb,Municipal,Primario
113302,2025.0,9.0,6.0,474.0,MSIIIb,Municipal,Primario
113302,2025.0,10.0,13.0,474.0,MSIIIb,Municipal,Primario
113303,2025.0,1.0,4.0,367.0,MSIIIb,Municipal,Primario
113303,2025.0,2.0,0.0,367.0,MSIIIb,Municipal,Primario
113303,2025.0,3.0,28.0,367.0,MSIIIb,Municipal,Primario
113303,2025.0,4.0,16.0,367.0,MSIIIb,Municipal,Primario
113303,2025.0,5.0,14.0,367.0,MSIIIb,Municipal,Primario
113303,2025.0,6.0,4.0,367.0,MSIIIb,Municipal,Primario
113303,2025.0,7.0,22.0,367.0,MSIIIb,Municipal,Primario
113303,2025.0,8.0,30.0,367.0,MSIIIb,Municipal,Primario
113303,2025.0,9.0,8.0,367.0,MSIIIb,Municipal,Primario
113303,2025.0,10.0,27.0,367.0,MSIIIb,Municipal,Primario
113304,2025.0,1.0,0.0,2.0,MSIIIb,Municipal,Primario
113304,2025.0,2.0,2.0,2.0,MSIIIb,Municipal,Primario
113304,2025.0,3.0,2.0,2.0,MSIIIb,Municipal,Primario
113304,2025.0,4.0,0.0,2.0,MSIIIb,Municipal,Primario
113304,2025.0,5.0,2.0,2.0,MSIIIb,Municipal,Primario
113304,2025.0,6.0,0.0,2.0,MSIIIb,Municipal,Primario
113304,2025.0,7.0,0.0,2.0,MSIIIb,Municipal,Primario
113304,2025.0,8.0,0.0,2.0,MSIIIb,Municipal,Primario
113304,2025.0,9.0,0.0,2.0,MSIIIb,Municipal,Primario
113305,2025.0,1.0,18.0,215.0,MSIIIb,Municipal,Primario
113305,2025.0,2.0,10.0,215.0,MSIIIb,Municipal,Primario
113305,2025.0,3.0,10.0,215.0,MSIIIb,Municipal,Primario
113305,2025.0,4.0,12.0,215.0,MSIIIb,Municipal,Primario
113305,2025.0,5.0,16.0,215.0,MSIIIb,Municipal,Primario
113305,2025.0,6.0,12.0,215.0,MSIIIb,Municipal,Primario
113305,2025.0,7.0,12.0,215.0,MSIIIb,Municipal,Primario
113305,2025.0,8.0,0.0,215.0,MSIIIb,Municipal,Primario
113305,2025.0,9.0,4.0,215.0,MSIIIb,Municipal,Primario
113305,2025.0,10.0,3.0,215.0,MSIIIb,Municipal,Primario
113306,2025.0,1.0,4.0,284.0,MSIIIb,Municipal,Primario
113306,2025.0,2.0,14.0,284.0,MSIIIb,Municipal,Primario
113306,2025.0,3.0,16.0,284.0,MSIIIb,Municipal,Primario
113306,2025.0,4.0,14.0,284.0,MSIIIb,Municipal,Primario
113306,2025.0,5.0,12.0,284.0,MSIIIb,Municipal,Primario
113306,2025.0,6.0,12.0,284.0,MSIIIb,Municipal,Primario
113306,2025.0,7.0,10.0,284.0,MSIIIb,Municipal,Primario
113306,2025.0,8.0,6.0,284.0,MSIIIb,Municipal,Primario
113306,2025.0,9.0,6.0,284.0,MSIIIb,Municipal,Primario
113306,2025.0,10.0,12.0,284.0,MSIIIb,Municipal,Primario
113307,2025.0,1.0,12.0,266.0,MSIIIb,Municipal,Primario
113307,2025.0,2.0,0.0,266.0,MSIIIb,Municipal,Primario
113307,2025.0,3.0,12.0,266.0,MSIIIb,Municipal,Primario
113307,2025.0,4.0,10.0,266.0,MSIIIb,Municipal,Primario
113307,2025.0,5.0,4.0,266.0,MSIIIb,Municipal,Primario
113307,2025.0,7.0,18.0,266.0,MSIIIb,Municipal,Primario
113307,2025.0,8.0,0.0,266.0,MSIIIb,Municipal,Primario
113307,2025.0,10.0,10.0,266.0,MSIIIb,Municipal,Primario
113308,2025.0,1.0,8.0,333.0,MSIIIb,Municipal,Primario
113308,2025.0,2.0,6.0,333.0,MSIIIb,Municipal,Primario
113308,2025.0,3.0,4.0,333.0,MSIIIb,Municipal,Primario
113308,2025.0,4.0,4.0,333.0,MSIIIb,Municipal,Primario
113308,2025.0,5.0,12.0,333.0,MSIIIb,Municipal,Primario
113308,2025.0,6.0,26.0,333.0,MSIIIb,Municipal,Primario
113308,2025.0,7.0,38.0,333.0,MSIIIb,Municipal,Primario
113308,2025.0,8.0,10.0,333.0,MSIIIb,Municipal,Primario
113308,2025.0,9.0,10.0,333.0,MSIIIb,Municipal,Primario
113308,2025.0,10.0,4.0,333.0,MSIIIb,Municipal,Primario
113309,2025.0,1.0,10.0,285.0,MSIIIb,Municipal,Primario
113309,2025.0,2.0,22.0,285.0,MSIIIb,Municipal,Primario
113309,2025.0,3.0,2.0,285.0,MSIIIb,Municipal,Primario
113309,2025.0,4.0,10.0,285.0,MSIIIb,Municipal,Primario
113309,2025.0,5.0,40.0,285.0,MSIIIb,Municipal,Primario
113309,2025.0,6.0,10.0,285.0,MSIIIb,Municipal,Primario
113309,2025.0,7.0,10.0,285.0,MSIIIb,Municipal,Primario
113309,2025.0,8.0,16.0,285.0,MSIIIb,Municipal,Primario
113309,2025.0,9.0,12.0,285.0,MSIIIb,Municipal,Primario
113309,2025.0,10.0,9.0,285.0,MSIIIb,Municipal,Primario
113310,2025.0,1.0,10.0,327.0,MSIIIb,Municipal,Primario
113310,2025.0,2.0,2.0,327.0,MSIIIb,Municipal,Primario
113310,2025.0,3.0,6.0,327.0,MSIIIb,Municipal,Primario
113310,2025.0,4.0,12.0,327.0,MSIIIb,Municipal,Primario
113310,2025.0,5.0,6.0,327.0,MSIIIb,Municipal,Primario
113310,2025.0,6.0,12.0,327.0,MSIIIb,Municipal,Primario
113310,2025.0,7.0,16.0,327.0,MSIIIb,Municipal,Primario
113310,2025.0,8.0,36.0,327.0,MSIIIb,Municipal,Primario
113310,2025.0,9.0,10.0,327.0,MSIIIb,Municipal,Primario
113310,2025.0,10.0,2.0,327.0,MSIIIb,Municipal,Primario
113311,2025.0,1.0,24.0,492.0,MSIIIb,Municipal,Primario
113311,2025.0,2.0,26.0,492.0,MSIIIb,Municipal,Primario
113311,2025.0,3.0,14.0,492.0,MSIIIb,Municipal,Primario
113311,2025.0,4.0,18.0,492.0,MSIIIb,Municipal,Primario
113311,2025.0,5.0,20.0,492.0,MSIIIb,Municipal,Primario
113311,2025.0,6.0,20.0,492.0,MSIIIb,Municipal,Primario
113311,2025.0,7.0,16.0,492.0,MSIIIb,Municipal,Primario
113311,2025.0,8.0,12.0,492.0,MSIIIb,Municipal,Primario
113311,2025.0,9.0,14.0,492.0,MSIIIb,Municipal,Primario
113311,2025.0,10.0,20.0,492.0,MSIIIb,Municipal,Primario
113312,2025.0,1.0,16.0,399.0,MSIIIb,Municipal,Primario
113312,2025.0,2.0,14.0,399.0,MSIIIb,Municipal,Primario
113312,2025.0,3.0,24.0,399.0,MSIIIb,Municipal,Primario
113312,2025.0,4.0,14.0,399.0,MSIIIb,Municipal,Primario
113312,2025.0,5.0,30.0,399.0,MSIIIb,Municipal,Primario
113312,2025.0,6.0,12.0,399.0,MSIIIb,Municipal,Primario
113312,2025.0,7.0,12.0,399.0,MSIIIb,Municipal,Primario
113312,2025.0,8.0,14.0,399.0,MSIIIb,Municipal,Primario
113312,2025.0,9.0,2.0,399.0,MSIIIb,Municipal,Primario
113312,2025.0,10.0,3.0,399.0,MSIIIb,Municipal,Primario
113313,2025.0,1.0,6.0,587.0,MSIIIb,Municipal,Primario
113313,2025.0,2.0,18.0,587.0,MSIIIb,Municipal,Primario
113313,2025.0,3.0,10.0,587.0,MSIIIb,Municipal,Primario
113313,2025.0,4.0,14.0,587.0,MSIIIb,Municipal,Primario
113313,2025.0,5.0,6.0,587.0,MSIIIb,Municipal,Primario
113313,2025.0,6.0,4.0,587.0,MSIIIb,Municipal,Primario
113313,2025.0,7.0,6.0,587.0,MSIIIb,Municipal,Primario
113313,2025.0,8.0,46.0,587.0,MSIIIb,Municipal,Primario
113313,2025.0,9.0,54.0,587.0,MSIIIb,Municipal,Primario
113313,2025.0,10.0,18.0,587.0,MSIIIb,Municipal,Primario
113314,2025.0,1.0,10.0,372.0,MSIIIb,Municipal,Primario
113314,2025.0,2.0,10.0,372.0,MSIIIb,Municipal,Primario
113314,2025.0,3.0,8.0,372.0,MSIIIb,Municipal,Primario
113314,2025.0,4.0,26.0,372.0,MSIIIb,Municipal,Primario
113314,2025.0,5.0,18.0,372.0,MSIIIb,Municipal,Primario
113314,2025.0,6.0,8.0,372.0,MSIIIb,Municipal,Primario
113314,2025.0,7.0,32.0,372.0,MSIIIb,Municipal,Primario
113314,2025.0,8.0,12.0,372.0,MSIIIb,Municipal,Primario
113314,2025.0,9.0,10.0,372.0,MSIIIb,Municipal,Primario
113314,2025.0,10.0,8.0,372.0,MSIIIb,Municipal,Primario
113315,2025.0,1.0,8.0,433.0,MSIIIb,Municipal,Primario
113315,2025.0,2.0,28.0,433.0,MSIIIb,Municipal,Primario
113315,2025.0,3.0,44.0,433.0,MSIIIb,Municipal,Primario
113315,2025.0,4.0,10.0,433.0,MSIIIb,Municipal,Primario
113315,2025.0,5.0,22.0,433.0,MSIIIb,Municipal,Primario
113315,2025.0,6.0,12.0,433.0,MSIIIb,Municipal,Primario
113315,2025.0,7.0,2.0,433.0,MSIIIb,Municipal,Primario
113315,2025.0,8.0,22.0,433.0,MSIIIb,Municipal,Primario
113315,2025.0,9.0,20.0,433.0,MSIIIb,Municipal,Primario
113315,2025.0,10.0,5.0,433.0,MSIIIb,Municipal,Primario
113316,2025.0,1.0,22.0,388.0,MSIIIb,Municipal,Primario
113316,2025.0,2.0,8.0,388.0,MSIIIb,Municipal,Primario
113316,2025.0,3.0,8.0,388.0,MSIIIb,Municipal,Primario
113316,2025.0,4.0,24.0,388.0,MSIIIb,Municipal,Primario
113316,2025.0,5.0,10.0,388.0,MSIIIb,Municipal,Primario
113316,2025.0,6.0,8.0,388.0,MSIIIb,Municipal,Primario
113316,2025.0,7.0,20.0,388.0,MSIIIb,Municipal,Primario
113316,2025.0,8.0,14.0,388.0,MSIIIb,Municipal,Primario
113316,2025.0,9.0,12.0,388.0,MSIIIb,Municipal,Primario
113316,2025.0,10.0,29.0,388.0,MSIIIb,Municipal,Primario
113317,2025.0,1.0,6.0,364.0,MSIIIb,Municipal,Primario
113317,2025.0,2.0,10.0,364.0,MSIIIb,Municipal,Primario
113317,2025.0,3.0,14.0,364.0,MSIIIb,Municipal,Primario
113317,2025.0,4.0,26.0,364.0,MSIIIb,Municipal,Primario
113317,2025.0,5.0,12.0,364.0,MSIIIb,Municipal,Primario
113317,2025.0,6.0,10.0,364.0,MSIIIb,Municipal,Primario
113317,2025.0,7.0,22.0,364.0,MSIIIb,Municipal,Primario
113317,2025.0,8.0,6.0,364.0,MSIIIb,Municipal,Primario
113317,2025.0,9.0,8.0,364.0,MSIIIb,Municipal,Primario
113317,2025.0,10.0,5.0,364.0,MSIIIb,Municipal,Primario
113318,2025.0,1.0,36.0,606.0,MSIIIb,Municipal,Primario
113318,2025.0,2.0,18.0,606.0,MSIIIb,Municipal,Primario
113318,2025.0,3.0,30.0,606.0,MSIIIb,Municipal,Primario
113318,2025.0,4.0,26.0,606.0,MSIIIb,Municipal,Primario
113318,2025.0,5.0,12.0,606.0,MSIIIb,Municipal,Primario
113318,2025.0,6.0,28.0,606.0,MSIIIb,Municipal,Primario
113318,2025.0,7.0,38.0,606.0,MSIIIb,Municipal,Primario
113318,2025.0,8.0,56.0,606.0,MSIIIb,Municipal,Primario
113318,2025.0,9.0,8.0,606.0,MSIIIb,Municipal,Primario
113318,2025.0,10.0,10.0,606.0,MSIIIb,Municipal,Primario
113319,2025.0,1.0,6.0,176.0,MSIIIb,Municipal,Primario
113319,2025.0,3.0,6.0,176.0,MSIIIb,Municipal,Primario
113319,2025.0,4.0,6.0,176.0,MSIIIb,Municipal,Primario
113319,2025.0,5.0,16.0,176.0,MSIIIb,Municipal,Primario
113319,2025.0,6.0,12.0,176.0,MSIIIb,Municipal,Primario
113319,2025.0,7.0,4.0,176.0,MSIIIb,Municipal,Primario
113319,2025.0,8.0,10.0,176.0,MSIIIb,Municipal,Primario
113319,2025.0,9.0,10.0,176.0,MSIIIb,Municipal,Primario
113319,2025.0,10.0,4.0,176.0,MSIIIb,Municipal,Primario
113320,2025.0,1.0,20.0,253.0,MSIIIb,Municipal,Primario
113320,2025.0,2.0,10.0,253.0,MSIIIb,Municipal,Primario
113320,2025.0,3.0,0.0,253.0,MSIIIb,Municipal,Primario
113320,2025.0,4.0,10.0,253.0,MSIIIb,Municipal,Primario
113320,2025.0,5.0,20.0,253.0,MSIIIb,Municipal,Primario
113320,2025.0,6.0,0.0,253.0,MSIIIb,Municipal,Primario
113320,2025.0,7.0,10.0,253.0,MSIIIb,Municipal,Primario
113320,2025.0,8.0,8.0,253.0,MSIIIb,Municipal,Primario
113320,2025.0,9.0,12.0,253.0,MSIIIb,Municipal,Primario
113320,2025.0,10.0,6.0,253.0,MSIIIb,Municipal,Primario
113321,2025.0,1.0,2.0,84.0,MSIIIb,Municipal,Primario
113321,2025.0,2.0,2.0,84.0,MSIIIb,Municipal,Primario
113321,2025.0,3.0,8.0,84.0,MSIIIb,Municipal,Primario
113321,2025.0,4.0,6.0,84.0,MSIIIb,Municipal,Primario
113321,2025.0,5.0,0.0,84.0,MSIIIb,Municipal,Primario
113321,2025.0,6.0,10.0,84.0,MSIIIb,Municipal,Primario
113321,2025.0,7.0,2.0,84.0,MSIIIb,Municipal,Primario
113321,2025.0,8.0,6.0,84.0,MSIIIb,Municipal,Primario
113321,2025.0,9.0,4.0,84.0,MSIIIb,Municipal,Primario
113321,2025.0,10.0,7.0,84.0,MSIIIb,Municipal,Primario
113322,2025.0,1.0,6.0,240.0,MSIIIb,Municipal,Primario
113322,2025.0,2.0,16.0,240.0,MSIIIb,Municipal,Primario
113322,2025.0,3.0,16.0,240.0,MSIIIb,Municipal,Primario
113322,2025.0,4.0,6.0,240.0,MSIIIb,Municipal,Primario
113322,2025.0,5.0,2.0,240.0,MSIIIb,Municipal,Primario
113322,2025.0,6.0,12.0,240.0,MSIIIb,Municipal,Primario
113322,2025.0,7.0,30.0,240.0,MSIIIb,Municipal,Primario
113322,2025.0,8.0,22.0,240.0,MSIIIb,Municipal,Primario
113322,2025.0,9.0,26.0,240.0,MSIIIb,Municipal,Primario
113322,2025.0,10.0,6.0,240.0,MSIIIb,Municipal,Primario
113323,2025.0,1.0,24.0,455.0,MSIIIb,Municipal,Primario
113323,2025.0,2.0,16.0,455.0,MSIIIb,Municipal,Primario
113323,2025.0,3.0,26.0,455.0,MSIIIb,Municipal,Primario
113323,2025.0,4.0,26.0,455.0,MSIIIb,Municipal,Primario
113323,2025.0,5.0,16.0,455.0,MSIIIb,Municipal,Primario
113323,2025.0,6.0,20.0,455.0,MSIIIb,Municipal,Primario
113323,2025.0,7.0,26.0,455.0,MSIIIb,Municipal,Primario
113323,2025.0,8.0,8.0,455.0,MSIIIb,Municipal,Primario
113323,2025.0,9.0,0.0,455.0,MSIIIb,Municipal,Primario
113323,2025.0,10.0,7.0,455.0,MSIIIb,Municipal,Primario
113324,2025.0,1.0,14.0,411.0,MSIIIb,Municipal,Primario
113324,2025.0,2.0,10.0,411.0,MSIIIb,Municipal,Primario
113324,2025.0,3.0,28.0,411.0,MSIIIb,Municipal,Primario
113324,2025.0,4.0,4.0,411.0,MSIIIb,Municipal,Primario
113324,2025.0,5.0,12.0,411.0,MSIIIb,Municipal,Primario
113324,2025.0,6.0,14.0,411.0,MSIIIb,Municipal,Primario
113324,2025.0,7.0,20.0,411.0,MSIIIb,Municipal,Primario
113324,2025.0,8.0,8.0,411.0,MSIIIb,Municipal,Primario
113324,2025.0,9.0,14.0,411.0,MSIIIb,Municipal,Primario
113324,2025.0,10.0,0.0,411.0,MSIIIb,Municipal,Primario
113326,2025.0,1.0,14.0,420.0,MSIIIb,Municipal,Primario
113326,2025.0,2.0,12.0,420.0,MSIIIb,Municipal,Primario
113326,2025.0,3.0,16.0,420.0,MSIIIb,Municipal,Primario
113326,2025.0,4.0,26.0,420.0,MSIIIb,Municipal,Primario
113326,2025.0,5.0,24.0,420.0,MSIIIb,Municipal,Primario
113326,2025.0,6.0,14.0,420.0,MSIIIb,Municipal,Primario
113326,2025.0,7.0,16.0,420.0,MSIIIb,Municipal,Primario
113326,2025.0,8.0,22.0,420.0,MSIIIb,Municipal,Primario
113326,2025.0,9.0,12.0,420.0,MSIIIb,Municipal,Primario
113326,2025.0,10.0,6.0,420.0,MSIIIb,Municipal,Primario
113328,2025.0,1.0,32.0,414.0,MSIIIb,Municipal,Primario
113328,2025.0,2.0,22.0,414.0,MSIIIb,Municipal,Primario
113328,2025.0,3.0,12.0,414.0,MSIIIb,Municipal,Primario
113328,2025.0,4.0,16.0,414.0,MSIIIb,Municipal,Primario
113328,2025.0,5.0,22.0,414.0,MSIIIb,Municipal,Primario
113328,2025.0,6.0,14.0,414.0,MSIIIb,Municipal,Primario
113328,2025.0,7.0,14.0,414.0,MSIIIb,Municipal,Primario
113328,2025.0,8.0,26.0,414.0,MSIIIb,Municipal,Primario
113328,2025.0,9.0,6.0,414.0,MSIIIb,Municipal,Primario
113328,2025.0,10.0,8.0,414.0,MSIIIb,Municipal,Primario
113329,2025.0,1.0,10.0,292.0,MSIIIb,Municipal,Primario
113329,2025.0,2.0,10.0,292.0,MSIIIb,Municipal,Primario
113329,2025.0,3.0,4.0,292.0,MSIIIb,Municipal,Primario
113329,2025.0,4.0,10.0,292.0,MSIIIb,Municipal,Primario
113329,2025.0,5.0,12.0,292.0,MSIIIb,Municipal,Primario
113329,2025.0,6.0,6.0,292.0,MSIIIb,Municipal,Primario
113329,2025.0,7.0,18.0,292.0,MSIIIb,Municipal,Primario
113329,2025.0,8.0,12.0,292.0,MSIIIb,Municipal,Primario
113329,2025.0,9.0,8.0,292.0,MSIIIb,Municipal,Primario
113329,2025.0,10.0,8.0,292.0,MSIIIb,Municipal,Primario
113330,2025.0,1.0,6.0,543.0,MSIIIb,Municipal,Primario
113330,2025.0,2.0,18.0,543.0,MSIIIb,Municipal,Primario
113330,2025.0,3.0,16.0,543.0,MSIIIb,Municipal,Primario
113330,2025.0,4.0,20.0,543.0,MSIIIb,Municipal,Primario
113330,2025.0,5.0,24.0,543.0,MSIIIb,Municipal,Primario
113330,2025.0,6.0,18.0,543.0,MSIIIb,Municipal,Primario
113330,2025.0,7.0,12.0,543.0,MSIIIb,Municipal,Primario
113330,2025.0,8.0,14.0,543.0,MSIIIb,Municipal,Primario
113330,2025.0,9.0,12.0,543.0,MSIIIb,Municipal,Primario
113330,2025.0,10.0,9.0,543.0,MSIIIb,Municipal,Primario
113331,2025.0,1.0,8.0,262.0,MSIIIb,Municipal,Primario
113331,2025.0,2.0,4.0,262.0,MSIIIb,Municipal,Primario
113331,2025.0,3.0,12.0,262.0,MSIIIb,Municipal,Primario
113331,2025.0,4.0,10.0,262.0,MSIIIb,Municipal,Primario
113331,2025.0,5.0,2.0,262.0,MSIIIb,Municipal,Primario
113331,2025.0,6.0,4.0,262.0,MSIIIb,Municipal,Primario
113331,2025.0,7.0,4.0,262.0,MSIIIb,Municipal,Primario
113331,2025.0,8.0,8.0,262.0,MSIIIb,Municipal,Primario
113331,2025.0,9.0,44.0,262.0,MSIIIb,Municipal,Primario
113331,2025.0,10.0,20.0,262.0,MSIIIb,Municipal,Primario
113332,2025.0,1.0,14.0,399.0,MSIIIb,Municipal,Primario
113332,2025.0,2.0,16.0,399.0,MSIIIb,Municipal,Primario
113332,2025.0,3.0,20.0,399.0,MSIIIb,Municipal,Primario
113332,2025.0,4.0,12.0,399.0,MSIIIb,Municipal,Primario
113332,2025.0,5.0,12.0,399.0,MSIIIb,Municipal,Primario
113332,2025.0,6.0,8.0,399.0,MSIIIb,Municipal,Primario
113332,2025.0,7.0,12.0,399.0,MSIIIb,Municipal,Primario
113332,2025.0,8.0,6.0,399.0,MSIIIb,Municipal,Primario
113332,2025.0,9.0,14.0,399.0,MSIIIb,Municipal,Primario
113332,2025.0,10.0,15.0,399.0,MSIIIb,Municipal,Primario
113333,2025.0,1.0,16.0,170.0,MSIIIb,Municipal,Primario
113333,2025.0,2.0,6.0,170.0,MSIIIb,Municipal,Primario
113333,2025.0,3.0,6.0,170.0,MSIIIb,Municipal,Primario
113333,2025.0,4.0,4.0,170.0,MSIIIb,Municipal,Primario
113333,2025.0,5.0,4.0,170.0,MSIIIb,Municipal,Primario
113333,2025.0,6.0,6.0,170.0,MSIIIb,Municipal,Primario
113333,2025.0,7.0,2.0,170.0,MSIIIb,Municipal,Primario
113333,2025.0,8.0,4.0,170.0,MSIIIb,Municipal,Primario
113333,2025.0,9.0,2.0,170.0,MSIIIb,Municipal,Primario
113333,2025.0,10.0,3.0,170.0,MSIIIb,Municipal,Primario
113334,2025.0,1.0,22.0,136.0,MSIIIb,Municipal,Primario
113334,2025.0,2.0,6.0,136.0,MSIIIb,Municipal,Primario
113334,2025.0,3.0,2.0,136.0,MSIIIb,Municipal,Primario
113334,2025.0,4.0,12.0,136.0,MSIIIb,Municipal,Primario
113334,2025.0,5.0,4.0,136.0,MSIIIb,Municipal,Primario
113334,2025.0,6.0,0.0,136.0,MSIIIb,Municipal,Primario
113334,2025.0,7.0,4.0,136.0,MSIIIb,Municipal,Primario
113334,2025.0,8.0,6.0,136.0,MSIIIb,Municipal,Primario
113334,2025.0,9.0,6.0,136.0,MSIIIb,Municipal,Primario
113334,2025.0,10.0,7.0,136.0,MSIIIb,Municipal,Primario
113390,2025.0,1.0,24.0,524.0,MSIIIb,Municipal,Primario
113390,2025.0,2.0,20.0,524.0,MSIIIb,Municipal,Primario
113390,2025.0,3.0,28.0,524.0,MSIIIb,Municipal,Primario
113390,2025.0,4.0,22.0,524.0,MSIIIb,Municipal,Primario
113390,2025.0,5.0,10.0,524.0,MSIIIb,Municipal,Primario
113390,2025.0,6.0,14.0,524.0,MSIIIb,Municipal,Primario
113390,2025.0,7.0,20.0,524.0,MSIIIb,Municipal,Primario
113390,2025.0,8.0,4.0,524.0,MSIIIb,Municipal,Primario
113390,2025.0,9.0,14.0,524.0,MSIIIb,Municipal,Primario
113390,2025.0,10.0,12.0,524.0,MSIIIb,Municipal,Primario
113394,2025.0,1.0,14.0,398.0,MSIIIb,Municipal,Primario
113394,2025.0,2.0,10.0,398.0,MSIIIb,Municipal,Primario
113394,2025.0,3.0,12.0,398.0,MSIIIb,Municipal,Primario
113394,2025.0,4.0,10.0,398.0,MSIIIb,Municipal,Primario
113394,2025.0,5.0,8.0,398.0,MSIIIb,Municipal,Primario
113394,2025.0,6.0,8.0,398.0,MSIIIb,Municipal,Primario
113394,2025.0,7.0,14.0,398.0,MSIIIb,Municipal,Primario
113394,2025.0,8.0,6.0,398.0,MSIIIb,Municipal,Primario
113394,2025.0,9.0,8.0,398.0,MSIIIb,Municipal,Primario
113394,2025.0,10.0,5.0,398.0,MSIIIb,Municipal,Primario
113396,2025.0,1.0,32.0,310.0,MSIIIb,Municipal,Primario
113396,2025.0,2.0,10.0,310.0,MSIIIb,Municipal,Primario
113396,2025.0,3.0,30.0,310.0,MSIIIb,Municipal,Primario
113396,2025.0,4.0,10.0,310.0,MSIIIb,Municipal,Primario
113396,2025.0,5.0,6.0,310.0,MSIIIb,Municipal,Primario
113396,2025.0,6.0,16.0,310.0,MSIIIb,Municipal,Primario
113396,2025.0,7.0,16.0,310.0,MSIIIb,Municipal,Primario
113396,2025.0,8.0,16.0,310.0,MSIIIb,Municipal,Primario
113396,2025.0,9.0,2.0,310.0,MSIIIb,Municipal,Primario
113396,2025.0,10.0,2.0,310.0,MSIIIb,Municipal,Primario
113402,2025.0,1.0,6.0,74.0,MSIIIb,Municipal,Primario
113402,2025.0,2.0,4.0,74.0,MSIIIb,Municipal,Primario
113402,2025.0,3.0,0.0,74.0,MSIIIb,Municipal,Primario
113402,2025.0,4.0,4.0,74.0,MSIIIb,Municipal,Primario
113402,2025.0,5.0,2.0,74.0,MSIIIb,Municipal,Primario
113402,2025.0,6.0,4.0,74.0,MSIIIb,Municipal,Primario
113402,2025.0,7.0,10.0,74.0,MSIIIb,Municipal,Primario
113402,2025.0,8.0,8.0,74.0,MSIIIb,Municipal,Primario
113402,2025.0,9.0,2.0,74.0,MSIIIb,Municipal,Primario
113402,2025.0,10.0,0.0,74.0,MSIIIb,Municipal,Primario
113404,2025.0,1.0,2.0,44.0,MSIIIb,Municipal,Primario
113404,2025.0,2.0,2.0,44.0,MSIIIb,Municipal,Primario
113404,2025.0,3.0,2.0,44.0,MSIIIb,Municipal,Primario
113404,2025.0,4.0,6.0,44.0,MSIIIb,Municipal,Primario
113404,2025.0,5.0,2.0,44.0,MSIIIb,Municipal,Primario
113404,2025.0,6.0,4.0,44.0,MSIIIb,Municipal,Primario
113404,2025.0,7.0,0.0,44.0,MSIIIb,Municipal,Primario
113404,2025.0,8.0,0.0,44.0,MSIIIb,Municipal,Primario
113404,2025.0,9.0,0.0,44.0,MSIIIb,Municipal,Primario
113404,2025.0,10.0,3.0,44.0,MSIIIb,Municipal,Primario
113405,2025.0,1.0,2.0,61.0,MSIIIb,Municipal,Primario
113405,2025.0,2.0,4.0,61.0,MSIIIb,Municipal,Primario
113405,2025.0,3.0,2.0,61.0,MSIIIb,Municipal,Primario
113405,2025.0,4.0,6.0,61.0,MSIIIb,Municipal,Primario
113405,2025.0,5.0,0.0,61.0,MSIIIb,Municipal,Primario
113405,2025.0,6.0,0.0,61.0,MSIIIb,Municipal,Primario
113405,2025.0,7.0,4.0,61.0,MSIIIb,Municipal,Primario
113405,2025.0,8.0,8.0,61.0,MSIIIb,Municipal,Primario
113405,2025.0,9.0,0.0,61.0,MSIIIb,Municipal,Primario
113405,2025.0,10.0,0.0,61.0,MSIIIb,Municipal,Primario
113406,2025.0,1.0,0.0,15.0,MSIIIb,Municipal,Primario
113406,2025.0,2.0,2.0,15.0,MSIIIb,Municipal,Primario
113406,2025.0,3.0,2.0,15.0,MSIIIb,Municipal,Primario
113406,2025.0,4.0,0.0,15.0,MSIIIb,Municipal,Primario
113406,2025.0,5.0,2.0,15.0,MSIIIb,Municipal,Primario
113406,2025.0,6.0,0.0,15.0,MSIIIb,Municipal,Primario
113406,2025.0,7.0,2.0,15.0,MSIIIb,Municipal,Primario
113406,2025.0,8.0,0.0,15.0,MSIIIb,Municipal,Primario
113406,2025.0,9.0,2.0,15.0,MSIIIb,Municipal,Primario
113406,2025.0,10.0,1.0,15.0,MSIIIb,Municipal,Primario
113407,2025.0,1.0,2.0,34.0,MSIIIb,Municipal,Primario
113407,2025.0,2.0,4.0,34.0,MSIIIb,Municipal,Primario
113407,2025.0,3.0,0.0,34.0,MSIIIb,Municipal,Primario
113407,2025.0,4.0,2.0,34.0,MSIIIb,Municipal,Primario
113407,2025.0,5.0,0.0,34.0,MSIIIb,Municipal,Primario
113407,2025.0,6.0,4.0,34.0,MSIIIb,Municipal,Primario
113407,2025.0,7.0,2.0,34.0,MSIIIb,Municipal,Primario
113407,2025.0,8.0,4.0,34.0,MSIIIb,Municipal,Primario
113407,2025.0,9.0,0.0,34.0,MSIIIb,Municipal,Primario
113407,2025.0,10.0,0.0,34.0,MSIIIb,Municipal,Primario
113408,2025.0,1.0,0.0,30.0,MSIIIb,Municipal,Primario
113408,2025.0,2.0,0.0,30.0,MSIIIb,Municipal,Primario
113408,2025.0,3.0,0.0,30.0,MSIIIb,Municipal,Primario
113408,2025.0,4.0,2.0,30.0,MSIIIb,Municipal,Primario
113408,2025.0,5.0,2.0,30.0,MSIIIb,Municipal,Primario
113408,2025.0,6.0,0.0,30.0,MSIIIb,Municipal,Primario
113408,2025.0,7.0,6.0,30.0,MSIIIb,Municipal,Primario
113408,2025.0,8.0,2.0,30.0,MSIIIb,Municipal,Primario
113408,2025.0,9.0,0.0,30.0,MSIIIb,Municipal,Primario
113408,2025.0,10.0,0.0,30.0,MSIIIb,Municipal,Primario
113409,2025.0,1.0,2.0,75.0,MSIIIb,Municipal,Primario
113409,2025.0,2.0,2.0,75.0,MSIIIb,Municipal,Primario
113409,2025.0,3.0,4.0,75.0,MSIIIb,Municipal,Primario
113409,2025.0,4.0,0.0,75.0,MSIIIb,Municipal,Primario
113409,2025.0,5.0,6.0,75.0,MSIIIb,Municipal,Primario
113409,2025.0,6.0,2.0,75.0,MSIIIb,Municipal,Primario
113409,2025.0,7.0,2.0,75.0,MSIIIb,Municipal,Primario
113409,2025.0,8.0,4.0,75.0,MSIIIb,Municipal,Primario
113409,2025.0,9.0,4.0,75.0,MSIIIb,Municipal,Primario
113409,2025.0,10.0,1.0,75.0,MSIIIb,Municipal,Primario
113410,2025.0,1.0,0.0,9.0,MSIIIb,Municipal,Primario
113410,2025.0,2.0,0.0,9.0,MSIIIb,Municipal,Primario
113410,2025.0,3.0,0.0,9.0,MSIIIb,Municipal,Primario
113410,2025.0,4.0,2.0,9.0,MSIIIb,Municipal,Primario
113410,2025.0,5.0,2.0,9.0,MSIIIb,Municipal,Primario
113410,2025.0,6.0,0.0,9.0,MSIIIb,Municipal,Primario
113410,2025.0,7.0,2.0,9.0,MSIIIb,Municipal,Primario
113410,2025.0,8.0,0.0,9.0,MSIIIb,Municipal,Primario
113410,2025.0,9.0,0.0,9.0,MSIIIb,Municipal,Primario
113410,2025.0,10.0,0.0,9.0,MSIIIb,Municipal,Primario
113411,2025.0,1.0,0.0,34.0,MSIIIb,Municipal,Primario
113411,2025.0,2.0,2.0,34.0,MSIIIb,Municipal,Primario
113411,2025.0,3.0,0.0,34.0,MSIIIb,Municipal,Primario
113411,2025.0,4.0,2.0,34.0,MSIIIb,Municipal,Primario
113411,2025.0,5.0,0.0,34.0,MSIIIb,Municipal,Primario
113411,2025.0,6.0,0.0,34.0,MSIIIb,Municipal,Primario
113411,2025.0,7.0,0.0,34.0,MSIIIb,Municipal,Primario
113411,2025.0,8.0,0.0,34.0,MSIIIb,Municipal,Primario
113411,2025.0,9.0,0.0,34.0,MSIIIb,Municipal,Primario
113411,2025.0,10.0,2.0,34.0,MSIIIb,Municipal,Primario
113412,2025.0,1.0,2.0,26.0,MSIIIb,Municipal,Primario
113412,2025.0,3.0,4.0,26.0,MSIIIb,Municipal,Primario
113412,2025.0,4.0,0.0,26.0,MSIIIb,Municipal,Primario
113412,2025.0,5.0,0.0,26.0,MSIIIb,Municipal,Primario
113412,2025.0,6.0,0.0,26.0,MSIIIb,Municipal,Primario
113412,2025.0,7.0,0.0,26.0,MSIIIb,Municipal,Primario
113412,2025.0,8.0,0.0,26.0,MSIIIb,Municipal,Primario
113412,2025.0,9.0,2.0,26.0,MSIIIb,Municipal,Primario
113412,2025.0,10.0,2.0,26.0,MSIIIb,Municipal,Primario
113413,,,,1.0,MSIIIb,Municipal,Primario
113701,2025.0,1.0,10.0,108.0,MSIIIb,Municipal,Primario
113701,2025.0,2.0,12.0,108.0,MSIIIb,Municipal,Primario
113701,2025.0,3.0,4.0,108.0,MSIIIb,Municipal,Primario
113701,2025.0,4.0,6.0,108.0,MSIIIb,Municipal,Primario
113701,2025.0,5.0,4.0,108.0,MSIIIb,Municipal,Primario
113701,2025.0,6.0,8.0,108.0,MSIIIb,Municipal,Primario
113701,2025.0,7.0,6.0,108.0,MSIIIb,Municipal,Primario
113701,2025.0,8.0,4.0,108.0,MSIIIb,Municipal,Primario
113701,2025.0,9.0,2.0,108.0,MSIIIb,Municipal,Primario
113701,2025.0,10.0,1.0,108.0,MSIIIb,Municipal,Primario
113702,2025.0,1.0,2.0,26.0,MSIIIb,Municipal,Primario
113702,2025.0,2.0,0.0,26.0,MSIIIb,Municipal,Primario
113702,2025.0,3.0,4.0,26.0,MSIIIb,Municipal,Primario
113702,2025.0,4.0,12.0,26.0,MSIIIb,Municipal,Primario
113702,2025.0,5.0,2.0,26.0,MSIIIb,Municipal,Primario
113702,2025.0,6.0,8.0,26.0,MSIIIb,Municipal,Primario
113702,2025.0,7.0,0.0,26.0,MSIIIb,Municipal,Primario
113702,2025.0,8.0,2.0,26.0,MSIIIb,Municipal,Primario
113702,2025.0,9.0,2.0,26.0,MSIIIb,Municipal,Primario
113702,2025.0,10.0,1.0,26.0,MSIIIb,Municipal,Primario
113703,2025.0,1.0,0.0,70.0,MSIIIb,Municipal,Primario
113703,2025.0,2.0,0.0,70.0,MSIIIb,Municipal,Primario
113703,2025.0,3.0,4.0,70.0,MSIIIb,Municipal,Primario
113703,2025.0,4.0,2.0,70.0,MSIIIb,Municipal,Primario
113703,2025.0,5.0,0.0,70.0,MSIIIb,Municipal,Primario
113703,2025.0,6.0,2.0,70.0,MSIIIb,Municipal,Primario
113703,2025.0,7.0,6.0,70.0,MSIIIb,Municipal,Primario
113703,2025.0,8.0,2.0,70.0,MSIIIb,Municipal,Primario
113703,2025.0,9.0,0.0,70.0,MSIIIb,Municipal,Primario
113703,2025.0,10.0,2.0,70.0,MSIIIb,Municipal,Primario
113713,2025.0,1.0,0.0,67.0,MSIIIb,Municipal,Primario
113713,2025.0,2.0,6.0,67.0,MSIIIb,Municipal,Primario
113713,2025.0,3.0,6.0,67.0,MSIIIb,Municipal,Primario
113713,2025.0,4.0,4.0,67.0,MSIIIb,Municipal,Primario
113713,2025.0,5.0,0.0,67.0,MSIIIb,Municipal,Primario
113713,2025.0,6.0,4.0,67.0,MSIIIb,Municipal,Primario
113713,2025.0,7.0,2.0,67.0,MSIIIb,Municipal,Primario
113713,2025.0,8.0,0.0,67.0,MSIIIb,Municipal,Primario
113713,2025.0,9.0,2.0,67.0,MSIIIb,Municipal,Primario
113713,2025.0,10.0,0.0,67.0,MSIIIb,Municipal,Primario
113716,2025.0,1.0,12.0,71.0,MSIIIb,Municipal,Primario
113716,2025.0,2.0,0.0,71.0,MSIIIb,Municipal,Primario
113716,2025.0,3.0,6.0,71.0,MSIIIb,Municipal,Primario
113716,2025.0,4.0,10.0,71.0,MSIIIb,Municipal,Primario
113716,2025.0,5.0,10.0,71.0,MSIIIb,Municipal,Primario
113716,2025.0,6.0,0.0,71.0,MSIIIb,Municipal,Primario
113716,2025.0,7.0,4.0,71.0,MSIIIb,Municipal,Primario
113716,2025.0,8.0,4.0,71.0,MSIIIb,Municipal,Primario
113716,2025.0,9.0,2.0,71.0,MSIIIb,Municipal,Primario
113716,2025.0,10.0,2.0,71.0,MSIIIb,Municipal,Primario
113717,2025.0,1.0,0.0,64.0,MSIIIb,Municipal,Primario
113717,2025.0,2.0,4.0,64.0,MSIIIb,Municipal,Primario
113717,2025.0,3.0,4.0,64.0,MSIIIb,Municipal,Primario
113717,2025.0,4.0,0.0,64.0,MSIIIb,Municipal,Primario
113717,2025.0,5.0,2.0,64.0,MSIIIb,Municipal,Primario
113717,2025.0,6.0,0.0,64.0,MSIIIb,Municipal,Primario
113717,2025.0,7.0,10.0,64.0,MSIIIb,Municipal,Primario
113717,2025.0,8.0,2.0,64.0,MSIIIb,Municipal,Primario
113717,2025.0,9.0,0.0,64.0,MSIIIb,Municipal,Primario
113717,2025.0,10.0,0.0,64.0,MSIIIb,Municipal,Primario
113722,2025.0,1.0,2.0,81.0,MSIIIb,Municipal,Primario
113722,2025.0,2.0,2.0,81.0,MSIIIb,Municipal,Primario
113722,2025.0,3.0,6.0,81.0,MSIIIb,Municipal,Primario
113722,2025.0,4.0,0.0,81.0,MSIIIb,Municipal,Primario
113722,2025.0,5.0,4.0,81.0,MSIIIb,Municipal,Primario
113722,2025.0,6.0,0.0,81.0,MSIIIb,Municipal,Primario
113722,2025.0,7.0,4.0,81.0,MSIIIb,Municipal,Primario
113722,2025.0,8.0,8.0,81.0,MSIIIb,Municipal,Primario
113722,2025.0,9.0,6.0,81.0,MSIIIb,Municipal,Primario
113722,2025.0,10.0,3.0,81.0,MSIIIb,Municipal,Primario
113728,2025.0,1.0,0.0,95.0,MSIIIb,Municipal,Primario
113728,2025.0,2.0,0.0,95.0,MSIIIb,Municipal,Primario
113728,2025.0,3.0,10.0,95.0,MSIIIb,Municipal,Primario
113728,2025.0,4.0,20.0,95.0,MSIIIb,Municipal,Primario
113728,2025.0,5.0,0.0,95.0,MSIIIb,Municipal,Primario
113728,2025.0,6.0,4.0,95.0,MSIIIb,Municipal,Primario
113728,2025.0,7.0,2.0,95.0,MSIIIb,Municipal,Primario
113728,2025.0,8.0,4.0,95.0,MSIIIb,Municipal,Primario
113728,2025.0,9.0,2.0,95.0,MSIIIb,Municipal,Primario
113728,2025.0,10.0,3.0,95.0,MSIIIb,Municipal,Primario
113753,2025.0,1.0,0.0,26.0,MSIIIb,Municipal,Primario
113753,2025.0,2.0,2.0,26.0,MSIIIb,Municipal,Primario
113753,2025.0,3.0,2.0,26.0,MSIIIb,Municipal,Primario
113753,2025.0,4.0,4.0,26.0,MSIIIb,Municipal,Primario
113753,2025.0,5.0,0.0,26.0,MSIIIb,Municipal,Primario
113753,2025.0,6.0,2.0,26.0,MSIIIb,Municipal,Primario
113753,2025.0,7.0,4.0,26.0,MSIIIb,Municipal,Primario
113753,2025.0,8.0,0.0,26.0,MSIIIb,Municipal,Primario
113753,2025.0,9.0,0.0,26.0,MSIIIb,Municipal,Primario
113753,2025.0,10.0,0.0,26.0,MSIIIb,Municipal,Primario
113790,2025.0,1.0,4.0,132.0,MSIIIb,Municipal,Primario
113790,2025.0,2.0,0.0,132.0,MSIIIb,Municipal,Primario
113790,2025.0,3.0,2.0,132.0,MSIIIb,Municipal,Primario
113790,2025.0,4.0,6.0,132.0,MSIIIb,Municipal,Primario
113790,2025.0,5.0,4.0,132.0,MSIIIb,Municipal,Primario
113790,2025.0,6.0,8.0,132.0,MSIIIb,Municipal,Primario
113790,2025.0,7.0,2.0,132.0,MSIIIb,Municipal,Primario
113790,2025.0,8.0,0.0,132.0,MSIIIb,Municipal,Primario
113790,2025.0,9.0,4.0,132.0,MSIIIb,Municipal,Primario
113790,2025.0,10.0,3.0,132.0,MSIIIb,Municipal,Primario
114102,2025.0,1.0,4.0,3.0,MSIIIb,Servicio de Salud,Terciario
114102,2025.0,2.0,12.0,3.0,MSIIIb,Servicio de Salud,Terciario
114102,2025.0,3.0,6.0,3.0,MSIIIb,Servicio de Salud,Terciario
114102,2025.0,4.0,4.0,3.0,MSIIIb,Servicio de Salud,Terciario
114102,2025.0,5.0,4.0,3.0,MSIIIb,Servicio de Salud,Terciario
114102,2025.0,6.0,2.0,3.0,MSIIIb,Servicio de Salud,Terciario
114102,2025.0,7.0,2.0,3.0,MSIIIb,Servicio de Salud,Terciario
114102,2025.0,8.0,2.0,3.0,MSIIIb,Servicio de Salud,Terciario
114102,2025.0,9.0,3.0,3.0,MSIIIb,Servicio de Salud,Terciario
114102,2025.0,10.0,1.0,3.0,MSIIIb,Servicio de Salud,Terciario
114301,2025.0,1.0,32.0,924.0,MSIIIb,Municipal,Primario
114301,2025.0,2.0,48.0,924.0,MSIIIb,Municipal,Primario
114301,2025.0,3.0,36.0,924.0,MSIIIb,Municipal,Primario
114301,2025.0,4.0,48.0,924.0,MSIIIb,Municipal,Primario
114301,2025.0,5.0,36.0,924.0,MSIIIb,Municipal,Primario
114301,2025.0,6.0,26.0,924.0,MSIIIb,Municipal,Primario
114301,2025.0,7.0,38.0,924.0,MSIIIb,Municipal,Primario
114301,2025.0,8.0,18.0,924.0,MSIIIb,Municipal,Primario
114301,2025.0,9.0,26.0,924.0,MSIIIb,Municipal,Primario
114301,2025.0,10.0,24.0,924.0,MSIIIb,Municipal,Primario
114302,2025.0,1.0,34.0,310.0,MSIIIb,Municipal,Primario
114302,2025.0,2.0,12.0,310.0,MSIIIb,Municipal,Primario
114302,2025.0,3.0,12.0,310.0,MSIIIb,Municipal,Primario
114302,2025.0,4.0,12.0,310.0,MSIIIb,Municipal,Primario
114302,2025.0,5.0,8.0,310.0,MSIIIb,Municipal,Primario
114302,2025.0,6.0,16.0,310.0,MSIIIb,Municipal,Primario
114302,2025.0,7.0,6.0,310.0,MSIIIb,Municipal,Primario
114302,2025.0,8.0,10.0,310.0,MSIIIb,Municipal,Primario
114302,2025.0,9.0,36.0,310.0,MSIIIb,Municipal,Primario
114302,2025.0,10.0,1.0,310.0,MSIIIb,Municipal,Primario
114303,2025.0,1.0,8.0,492.0,MSIIIb,Municipal,Primario
114303,2025.0,2.0,22.0,492.0,MSIIIb,Municipal,Primario
114303,2025.0,3.0,14.0,492.0,MSIIIb,Municipal,Primario
114303,2025.0,4.0,18.0,492.0,MSIIIb,Municipal,Primario
114303,2025.0,5.0,12.0,492.0,MSIIIb,Municipal,Primario
114303,2025.0,6.0,26.0,492.0,MSIIIb,Municipal,Primario
114303,2025.0,7.0,26.0,492.0,MSIIIb,Municipal,Primario
114303,2025.0,8.0,28.0,492.0,MSIIIb,Municipal,Primario
114303,2025.0,9.0,28.0,492.0,MSIIIb,Municipal,Primario
114303,2025.0,10.0,15.0,492.0,MSIIIb,Municipal,Primario
114304,2025.0,1.0,16.0,411.0,MSIIIb,Municipal,Primario
114304,2025.0,2.0,16.0,411.0,MSIIIb,Municipal,Primario
114304,2025.0,3.0,18.0,411.0,MSIIIb,Municipal,Primario
114304,2025.0,4.0,12.0,411.0,MSIIIb,Municipal,Primario
114304,2025.0,5.0,8.0,411.0,MSIIIb,Municipal,Primario
114304,2025.0,6.0,14.0,411.0,MSIIIb,Municipal,Primario
114304,2025.0,7.0,14.0,411.0,MSIIIb,Municipal,Primario
114304,2025.0,8.0,20.0,411.0,MSIIIb,Municipal,Primario
114304,2025.0,9.0,20.0,411.0,MSIIIb,Municipal,Primario
114304,2025.0,10.0,6.0,411.0,MSIIIb,Municipal,Primario
114305,2025.0,1.0,16.0,546.0,MSIIIb,Municipal,Primario
114305,2025.0,2.0,14.0,546.0,MSIIIb,Municipal,Primario
114305,2025.0,3.0,16.0,546.0,MSIIIb,Municipal,Primario
114305,2025.0,4.0,30.0,546.0,MSIIIb,Municipal,Primario
114305,2025.0,5.0,16.0,546.0,MSIIIb,Municipal,Primario
114305,2025.0,6.0,14.0,546.0,MSIIIb,Municipal,Primario
114305,2025.0,7.0,34.0,546.0,MSIIIb,Municipal,Primario
114305,2025.0,8.0,24.0,546.0,MSIIIb,Municipal,Primario
114305,2025.0,9.0,38.0,546.0,MSIIIb,Municipal,Primario
114305,2025.0,10.0,19.0,546.0,MSIIIb,Municipal,Primario
114306,2025.0,1.0,16.0,388.0,MSIIIb,Municipal,Primario
114306,2025.0,2.0,12.0,388.0,MSIIIb,Municipal,Primario
114306,2025.0,3.0,32.0,388.0,MSIIIb,Municipal,Primario
114306,2025.0,4.0,4.0,388.0,MSIIIb,Municipal,Primario
114306,2025.0,5.0,14.0,388.0,MSIIIb,Municipal,Primario
114306,2025.0,6.0,10.0,388.0,MSIIIb,Municipal,Primario
114306,2025.0,7.0,24.0,388.0,MSIIIb,Municipal,Primario
114306,2025.0,8.0,18.0,388.0,MSIIIb,Municipal,Primario
114306,2025.0,9.0,14.0,388.0,MSIIIb,Municipal,Primario
114306,2025.0,10.0,3.0,388.0,MSIIIb,Municipal,Primario
114307,2025.0,1.0,12.0,286.0,MSIIIb,Municipal,Primario
114307,2025.0,2.0,4.0,286.0,MSIIIb,Municipal,Primario
114307,2025.0,3.0,32.0,286.0,MSIIIb,Municipal,Primario
114307,2025.0,4.0,22.0,286.0,MSIIIb,Municipal,Primario
114307,2025.0,5.0,12.0,286.0,MSIIIb,Municipal,Primario
114307,2025.0,6.0,12.0,286.0,MSIIIb,Municipal,Primario
114307,2025.0,7.0,10.0,286.0,MSIIIb,Municipal,Primario
114307,2025.0,8.0,4.0,286.0,MSIIIb,Municipal,Primario
114307,2025.0,9.0,4.0,286.0,MSIIIb,Municipal,Primario
114307,2025.0,10.0,7.0,286.0,MSIIIb,Municipal,Primario
114308,2025.0,1.0,8.0,321.0,MSIIIb,Municipal,Primario
114308,2025.0,2.0,6.0,321.0,MSIIIb,Municipal,Primario
114308,2025.0,3.0,2.0,321.0,MSIIIb,Municipal,Primario
114308,2025.0,4.0,26.0,321.0,MSIIIb,Municipal,Primario
114308,2025.0,5.0,10.0,321.0,MSIIIb,Municipal,Primario
114308,2025.0,6.0,30.0,321.0,MSIIIb,Municipal,Primario
114308,2025.0,7.0,16.0,321.0,MSIIIb,Municipal,Primario
114308,2025.0,8.0,24.0,321.0,MSIIIb,Municipal,Primario
114308,2025.0,9.0,10.0,321.0,MSIIIb,Municipal,Primario
114308,2025.0,10.0,0.0,321.0,MSIIIb,Municipal,Primario
114309,2025.0,1.0,10.0,324.0,MSIIIb,Municipal,Primario
114309,2025.0,2.0,10.0,324.0,MSIIIb,Municipal,Primario
114309,2025.0,3.0,8.0,324.0,MSIIIb,Municipal,Primario
114309,2025.0,4.0,8.0,324.0,MSIIIb,Municipal,Primario
114309,2025.0,5.0,10.0,324.0,MSIIIb,Municipal,Primario
114309,2025.0,6.0,32.0,324.0,MSIIIb,Municipal,Primario
114309,2025.0,7.0,18.0,324.0,MSIIIb,Municipal,Primario
114309,2025.0,8.0,16.0,324.0,MSIIIb,Municipal,Primario
114309,2025.0,9.0,24.0,324.0,MSIIIb,Municipal,Primario
114309,2025.0,10.0,7.0,324.0,MSIIIb,Municipal,Primario
114310,2025.0,1.0,3.0,127.0,MSIIIb,Municipal,Primario
114310,2025.0,2.0,3.0,127.0,MSIIIb,Municipal,Primario
114310,2025.0,3.0,10.0,127.0,MSIIIb,Municipal,Primario
114310,2025.0,4.0,0.0,127.0,MSIIIb,Municipal,Primario
114310,2025.0,5.0,2.0,127.0,MSIIIb,Municipal,Primario
114310,2025.0,6.0,0.0,127.0,MSIIIb,Municipal,Primario
114310,2025.0,7.0,4.0,127.0,MSIIIb,Municipal,Primario
114310,2025.0,8.0,4.0,127.0,MSIIIb,Municipal,Primario
114310,2025.0,9.0,4.0,127.0,MSIIIb,Municipal,Primario
114310,2025.0,10.0,4.0,127.0,MSIIIb,Municipal,Primario
114311,2025.0,1.0,4.0,351.0,MSIIIb,Municipal,Primario
114311,2025.0,2.0,20.0,351.0,MSIIIb,Municipal,Primario
114311,2025.0,3.0,18.0,351.0,MSIIIb,Municipal,Primario
114311,2025.0,4.0,34.0,351.0,MSIIIb,Municipal,Primario
114311,2025.0,5.0,24.0,351.0,MSIIIb,Municipal,Primario
114311,2025.0,6.0,24.0,351.0,MSIIIb,Municipal,Primario
114311,2025.0,7.0,28.0,351.0,MSIIIb,Municipal,Primario
114311,2025.0,8.0,6.0,351.0,MSIIIb,Municipal,Primario
114311,2025.0,9.0,10.0,351.0,MSIIIb,Municipal,Primario
114311,2025.0,10.0,0.0,351.0,MSIIIb,Municipal,Primario
114312,2025.0,1.0,20.0,574.0,MSIIIb,Municipal,Primario
114312,2025.0,2.0,16.0,574.0,MSIIIb,Municipal,Primario
114312,2025.0,3.0,24.0,574.0,MSIIIb,Municipal,Primario
114312,2025.0,4.0,24.0,574.0,MSIIIb,Municipal,Primario
114312,2025.0,5.0,20.0,574.0,MSIIIb,Municipal,Primario
114312,2025.0,6.0,30.0,574.0,MSIIIb,Municipal,Primario
114312,2025.0,7.0,34.0,574.0,MSIIIb,Municipal,Primario
114312,2025.0,8.0,20.0,574.0,MSIIIb,Municipal,Primario
114312,2025.0,9.0,20.0,574.0,MSIIIb,Municipal,Primario
114313,2025.0,1.0,18.0,394.0,MSIIIb,Municipal,Primario
114313,2025.0,2.0,6.0,394.0,MSIIIb,Municipal,Primario
114313,2025.0,3.0,14.0,394.0,MSIIIb,Municipal,Primario
114313,2025.0,4.0,10.0,394.0,MSIIIb,Municipal,Primario
114313,2025.0,5.0,0.0,394.0,MSIIIb,Municipal,Primario
114313,2025.0,6.0,12.0,394.0,MSIIIb,Municipal,Primario
114313,2025.0,7.0,16.0,394.0,MSIIIb,Municipal,Primario
114313,2025.0,8.0,12.0,394.0,MSIIIb,Municipal,Primario
114313,2025.0,9.0,14.0,394.0,MSIIIb,Municipal,Primario
114313,2025.0,10.0,10.0,394.0,MSIIIb,Municipal,Primario
114314,2025.0,1.0,10.0,276.0,MSIIIb,Municipal,Primario
114314,2025.0,2.0,4.0,276.0,MSIIIb,Municipal,Primario
114314,2025.0,3.0,8.0,276.0,MSIIIb,Municipal,Primario
114314,2025.0,4.0,22.0,276.0,MSIIIb,Municipal,Primario
114314,2025.0,5.0,20.0,276.0,MSIIIb,Municipal,Primario
114314,2025.0,6.0,28.0,276.0,MSIIIb,Municipal,Primario
114314,2025.0,7.0,10.0,276.0,MSIIIb,Municipal,Primario
114314,2025.0,8.0,12.0,276.0,MSIIIb,Municipal,Primario
114314,2025.0,9.0,6.0,276.0,MSIIIb,Municipal,Primario
114314,2025.0,10.0,6.0,276.0,MSIIIb,Municipal,Primario
114315,2025.0,1.0,10.0,200.0,MSIIIb,Municipal,Primario
114315,2025.0,2.0,14.0,200.0,MSIIIb,Municipal,Primario
114315,2025.0,3.0,20.0,200.0,MSIIIb,Municipal,Primario
114315,2025.0,4.0,10.0,200.0,MSIIIb,Municipal,Primario
114315,2025.0,5.0,10.0,200.0,MSIIIb,Municipal,Primario
114315,2025.0,6.0,12.0,200.0,MSIIIb,Municipal,Primario
114315,2025.0,7.0,6.0,200.0,MSIIIb,Municipal,Primario
114315,2025.0,8.0,8.0,200.0,MSIIIb,Municipal,Primario
114315,2025.0,9.0,8.0,200.0,MSIIIb,Municipal,Primario
114315,2025.0,10.0,3.0,200.0,MSIIIb,Municipal,Primario
114316,2025.0,1.0,40.0,400.0,MSIIIb,Municipal,Primario
114316,2025.0,2.0,14.0,400.0,MSIIIb,Municipal,Primario
114316,2025.0,3.0,20.0,400.0,MSIIIb,Municipal,Primario
114316,2025.0,4.0,24.0,400.0,MSIIIb,Municipal,Primario
114316,2025.0,5.0,14.0,400.0,MSIIIb,Municipal,Primario
114316,2025.0,6.0,14.0,400.0,MSIIIb,Municipal,Primario
114316,2025.0,7.0,22.0,400.0,MSIIIb,Municipal,Primario
114316,2025.0,8.0,28.0,400.0,MSIIIb,Municipal,Primario
114316,2025.0,9.0,6.0,400.0,MSIIIb,Municipal,Primario
114316,2025.0,10.0,5.0,400.0,MSIIIb,Municipal,Primario
114317,2025.0,1.0,14.0,333.0,MSIIIb,Municipal,Primario
114317,2025.0,2.0,18.0,333.0,MSIIIb,Municipal,Primario
114317,2025.0,3.0,8.0,333.0,MSIIIb,Municipal,Primario
114317,2025.0,4.0,26.0,333.0,MSIIIb,Municipal,Primario
114317,2025.0,5.0,12.0,333.0,MSIIIb,Municipal,Primario
114317,2025.0,6.0,20.0,333.0,MSIIIb,Municipal,Primario
114317,2025.0,7.0,16.0,333.0,MSIIIb,Municipal,Primario
114317,2025.0,8.0,12.0,333.0,MSIIIb,Municipal,Primario
114317,2025.0,9.0,6.0,333.0,MSIIIb,Municipal,Primario
114317,2025.0,10.0,2.0,333.0,MSIIIb,Municipal,Primario
114318,2025.0,1.0,6.0,88.0,MSIIIb,Municipal,Primario
114318,2025.0,2.0,2.0,88.0,MSIIIb,Municipal,Primario
114318,2025.0,3.0,10.0,88.0,MSIIIb,Municipal,Primario
114318,2025.0,4.0,0.0,88.0,MSIIIb,Municipal,Primario
114318,2025.0,5.0,2.0,88.0,MSIIIb,Municipal,Primario
114318,2025.0,6.0,8.0,88.0,MSIIIb,Municipal,Primario
114318,2025.0,7.0,8.0,88.0,MSIIIb,Municipal,Primario
114318,2025.0,8.0,10.0,88.0,MSIIIb,Municipal,Primario
114318,2025.0,9.0,2.0,88.0,MSIIIb,Municipal,Primario
114318,2025.0,10.0,2.0,88.0,MSIIIb,Municipal,Primario
114319,2025.0,1.0,22.0,398.0,MSIIIb,Municipal,Primario
114319,2025.0,2.0,14.0,398.0,MSIIIb,Municipal,Primario
114319,2025.0,3.0,16.0,398.0,MSIIIb,Municipal,Primario
114319,2025.0,4.0,28.0,398.0,MSIIIb,Municipal,Primario
114319,2025.0,5.0,6.0,398.0,MSIIIb,Municipal,Primario
114319,2025.0,6.0,8.0,398.0,MSIIIb,Municipal,Primario
114319,2025.0,7.0,16.0,398.0,MSIIIb,Municipal,Primario
114319,2025.0,8.0,14.0,398.0,MSIIIb,Municipal,Primario
114319,2025.0,9.0,8.0,398.0,MSIIIb,Municipal,Primario
114319,2025.0,10.0,9.0,398.0,MSIIIb,Municipal,Primario
114320,2025.0,1.0,18.0,541.0,MSIIIb,Municipal,Primario
114320,2025.0,2.0,10.0,541.0,MSIIIb,Municipal,Primario
114320,2025.0,3.0,18.0,541.0,MSIIIb,Municipal,Primario
114320,2025.0,4.0,28.0,541.0,MSIIIb,Municipal,Primario
114320,2025.0,5.0,20.0,541.0,MSIIIb,Municipal,Primario
114320,2025.0,6.0,6.0,541.0,MSIIIb,Municipal,Primario
114320,2025.0,7.0,30.0,541.0,MSIIIb,Municipal,Primario
114320,2025.0,8.0,16.0,541.0,MSIIIb,Municipal,Primario
114320,2025.0,9.0,8.0,541.0,MSIIIb,Municipal,Primario
114320,2025.0,10.0,14.0,541.0,MSIIIb,Municipal,Primario
114321,2025.0,1.0,18.0,493.0,MSIIIb,Municipal,Primario
114321,2025.0,2.0,20.0,493.0,MSIIIb,Municipal,Primario
114321,2025.0,3.0,8.0,493.0,MSIIIb,Municipal,Primario
114321,2025.0,4.0,14.0,493.0,MSIIIb,Municipal,Primario
114321,2025.0,5.0,24.0,493.0,MSIIIb,Municipal,Primario
114321,2025.0,6.0,40.0,493.0,MSIIIb,Municipal,Primario
114321,2025.0,7.0,24.0,493.0,MSIIIb,Municipal,Primario
114321,2025.0,8.0,10.0,493.0,MSIIIb,Municipal,Primario
114321,2025.0,9.0,20.0,493.0,MSIIIb,Municipal,Primario
114321,2025.0,10.0,14.0,493.0,MSIIIb,Municipal,Primario
114322,2025.0,1.0,50.0,799.0,MSIIIb,Municipal,Primario
114322,2025.0,2.0,30.0,799.0,MSIIIb,Municipal,Primario
114322,2025.0,3.0,46.0,799.0,MSIIIb,Municipal,Primario
114322,2025.0,4.0,32.0,799.0,MSIIIb,Municipal,Primario
114322,2025.0,5.0,26.0,799.0,MSIIIb,Municipal,Primario
114322,2025.0,6.0,20.0,799.0,MSIIIb,Municipal,Primario
114322,2025.0,7.0,30.0,799.0,MSIIIb,Municipal,Primario
114322,2025.0,8.0,28.0,799.0,MSIIIb,Municipal,Primario
114322,2025.0,9.0,46.0,799.0,MSIIIb,Municipal,Primario
114322,2025.0,10.0,20.0,799.0,MSIIIb,Municipal,Primario
114323,2025.0,1.0,4.0,221.0,MSIIIb,Delegados ,Primario
114323,2025.0,2.0,6.0,221.0,MSIIIb,Delegados ,Primario
114323,2025.0,3.0,12.0,221.0,MSIIIb,Delegados ,Primario
114323,2025.0,4.0,8.0,221.0,MSIIIb,Delegados ,Primario
114323,2025.0,5.0,8.0,221.0,MSIIIb,Delegados ,Primario
114323,2025.0,6.0,7.0,221.0,MSIIIb,Delegados ,Primario
114323,2025.0,7.0,26.0,221.0,MSIIIb,Delegados ,Primario
114323,2025.0,8.0,10.0,221.0,MSIIIb,Delegados ,Primario
114323,2025.0,9.0,18.0,221.0,MSIIIb,Delegados ,Primario
114323,2025.0,10.0,3.0,221.0,MSIIIb,Delegados ,Primario
114324,2025.0,1.0,52.0,474.0,MSIIIb,Municipal,Primario
114324,2025.0,2.0,16.0,474.0,MSIIIb,Municipal,Primario
114324,2025.0,3.0,20.0,474.0,MSIIIb,Municipal,Primario
114324,2025.0,4.0,38.0,474.0,MSIIIb,Municipal,Primario
114324,2025.0,5.0,18.0,474.0,MSIIIb,Municipal,Primario
114324,2025.0,6.0,16.0,474.0,MSIIIb,Municipal,Primario
114324,2025.0,7.0,14.0,474.0,MSIIIb,Municipal,Primario
114324,2025.0,8.0,22.0,474.0,MSIIIb,Municipal,Primario
114324,2025.0,9.0,10.0,474.0,MSIIIb,Municipal,Primario
114324,2025.0,10.0,3.0,474.0,MSIIIb,Municipal,Primario
114325,2025.0,1.0,22.0,436.0,MSIIIb,Municipal,Primario
114325,2025.0,2.0,22.0,436.0,MSIIIb,Municipal,Primario
114325,2025.0,3.0,34.0,436.0,MSIIIb,Municipal,Primario
114325,2025.0,4.0,22.0,436.0,MSIIIb,Municipal,Primario
114325,2025.0,5.0,24.0,436.0,MSIIIb,Municipal,Primario
114325,2025.0,6.0,14.0,436.0,MSIIIb,Municipal,Primario
114325,2025.0,7.0,16.0,436.0,MSIIIb,Municipal,Primario
114325,2025.0,8.0,34.0,436.0,MSIIIb,Municipal,Primario
114325,2025.0,9.0,12.0,436.0,MSIIIb,Municipal,Primario
114325,2025.0,10.0,18.0,436.0,MSIIIb,Municipal,Primario
114326,2025.0,1.0,24.0,526.0,MSIIIb,Municipal,Primario
114326,2025.0,2.0,10.0,526.0,MSIIIb,Municipal,Primario
114326,2025.0,3.0,22.0,526.0,MSIIIb,Municipal,Primario
114326,2025.0,4.0,22.0,526.0,MSIIIb,Municipal,Primario
114326,2025.0,5.0,12.0,526.0,MSIIIb,Municipal,Primario
114326,2025.0,6.0,16.0,526.0,MSIIIb,Municipal,Primario
114326,2025.0,7.0,16.0,526.0,MSIIIb,Municipal,Primario
114326,2025.0,8.0,18.0,526.0,MSIIIb,Municipal,Primario
114326,2025.0,9.0,8.0,526.0,MSIIIb,Municipal,Primario
114326,2025.0,10.0,4.0,526.0,MSIIIb,Municipal,Primario
114327,2025.0,1.0,10.0,237.0,MSIIIb,Delegados ,Primario
114327,2025.0,2.0,0.0,237.0,MSIIIb,Delegados ,Primario
114327,2025.0,3.0,20.0,237.0,MSIIIb,Delegados ,Primario
114327,2025.0,4.0,10.0,237.0,MSIIIb,Delegados ,Primario
114327,2025.0,5.0,10.0,237.0,MSIIIb,Delegados ,Primario
114327,2025.0,6.0,4.0,237.0,MSIIIb,Delegados ,Primario
114327,2025.0,7.0,32.0,237.0,MSIIIb,Delegados ,Primario
114327,2025.0,8.0,10.0,237.0,MSIIIb,Delegados ,Primario
114327,2025.0,9.0,8.0,237.0,MSIIIb,Delegados ,Primario
114328,2025.0,1.0,12.0,311.0,MSIIIb,Municipal,Primario
114328,2025.0,2.0,6.0,311.0,MSIIIb,Municipal,Primario
114328,2025.0,3.0,8.0,311.0,MSIIIb,Municipal,Primario
114328,2025.0,4.0,34.0,311.0,MSIIIb,Municipal,Primario
114328,2025.0,5.0,8.0,311.0,MSIIIb,Municipal,Primario
114328,2025.0,6.0,20.0,311.0,MSIIIb,Municipal,Primario
114328,2025.0,7.0,10.0,311.0,MSIIIb,Municipal,Primario
114328,2025.0,8.0,20.0,311.0,MSIIIb,Municipal,Primario
114328,2025.0,9.0,2.0,311.0,MSIIIb,Municipal,Primario
114328,2025.0,10.0,1.0,311.0,MSIIIb,Municipal,Primario
114329,2025.0,1.0,10.0,245.0,MSIIIb,Delegados ,Primario
114329,2025.0,2.0,18.0,245.0,MSIIIb,Delegados ,Primario
114329,2025.0,3.0,20.0,245.0,MSIIIb,Delegados ,Primario
114329,2025.0,4.0,8.0,245.0,MSIIIb,Delegados ,Primario
114329,2025.0,5.0,10.0,245.0,MSIIIb,Delegados ,Primario
114329,2025.0,6.0,16.0,245.0,MSIIIb,Delegados ,Primario
114329,2025.0,7.0,8.0,245.0,MSIIIb,Delegados ,Primario
114329,2025.0,8.0,8.0,245.0,MSIIIb,Delegados ,Primario
114329,2025.0,9.0,12.0,245.0,MSIIIb,Delegados ,Primario
114329,2025.0,10.0,2.0,245.0,MSIIIb,Delegados ,Primario
114330,2025.0,1.0,24.0,415.0,MSIIIb,Municipal,Primario
114330,2025.0,2.0,6.0,415.0,MSIIIb,Municipal,Primario
114330,2025.0,3.0,30.0,415.0,MSIIIb,Municipal,Primario
114330,2025.0,4.0,12.0,415.0,MSIIIb,Municipal,Primario
114330,2025.0,5.0,28.0,415.0,MSIIIb,Municipal,Primario
114330,2025.0,6.0,14.0,415.0,MSIIIb,Municipal,Primario
114330,2025.0,7.0,8.0,415.0,MSIIIb,Municipal,Primario
114330,2025.0,8.0,28.0,415.0,MSIIIb,Municipal,Primario
114330,2025.0,9.0,4.0,415.0,MSIIIb,Municipal,Primario
114330,2025.0,10.0,4.0,415.0,MSIIIb,Municipal,Primario
114331,2025.0,1.0,32.0,475.0,MSIIIb,Municipal,Primario
114331,2025.0,2.0,12.0,475.0,MSIIIb,Municipal,Primario
114331,2025.0,3.0,18.0,475.0,MSIIIb,Municipal,Primario
114331,2025.0,4.0,18.0,475.0,MSIIIb,Municipal,Primario
114331,2025.0,5.0,22.0,475.0,MSIIIb,Municipal,Primario
114331,2025.0,6.0,28.0,475.0,MSIIIb,Municipal,Primario
114331,2025.0,7.0,18.0,475.0,MSIIIb,Municipal,Primario
114331,2025.0,8.0,20.0,475.0,MSIIIb,Municipal,Primario
114331,2025.0,9.0,22.0,475.0,MSIIIb,Municipal,Primario
114331,2025.0,10.0,10.0,475.0,MSIIIb,Municipal,Primario
114332,2025.0,1.0,20.0,387.0,MSIIIb,Municipal,Primario
114332,2025.0,2.0,10.0,387.0,MSIIIb,Municipal,Primario
114332,2025.0,3.0,18.0,387.0,MSIIIb,Municipal,Primario
114332,2025.0,4.0,12.0,387.0,MSIIIb,Municipal,Primario
114332,2025.0,5.0,24.0,387.0,MSIIIb,Municipal,Primario
114332,2025.0,6.0,22.0,387.0,MSIIIb,Municipal,Primario
114332,2025.0,7.0,12.0,387.0,MSIIIb,Municipal,Primario
114332,2025.0,8.0,16.0,387.0,MSIIIb,Municipal,Primario
114332,2025.0,9.0,20.0,387.0,MSIIIb,Municipal,Primario
114332,2025.0,10.0,4.0,387.0,MSIIIb,Municipal,Primario
114333,2025.0,1.0,22.0,140.0,MSIIIb,Municipal,Primario
114333,2025.0,2.0,2.0,140.0,MSIIIb,Municipal,Primario
114333,2025.0,3.0,2.0,140.0,MSIIIb,Municipal,Primario
114333,2025.0,4.0,6.0,140.0,MSIIIb,Municipal,Primario
114333,2025.0,5.0,2.0,140.0,MSIIIb,Municipal,Primario
114333,2025.0,6.0,4.0,140.0,MSIIIb,Municipal,Primario
114333,2025.0,7.0,4.0,140.0,MSIIIb,Municipal,Primario
114333,2025.0,8.0,10.0,140.0,MSIIIb,Municipal,Primario
114333,2025.0,9.0,2.0,140.0,MSIIIb,Municipal,Primario
114333,2025.0,10.0,1.0,140.0,MSIIIb,Municipal,Primario
114334,2025.0,1.0,20.0,360.0,MSIIIb,Municipal,Primario
114334,2025.0,2.0,20.0,360.0,MSIIIb,Municipal,Primario
114334,2025.0,3.0,14.0,360.0,MSIIIb,Municipal,Primario
114334,2025.0,4.0,6.0,360.0,MSIIIb,Municipal,Primario
114334,2025.0,5.0,10.0,360.0,MSIIIb,Municipal,Primario
114334,2025.0,6.0,10.0,360.0,MSIIIb,Municipal,Primario
114334,2025.0,7.0,12.0,360.0,MSIIIb,Municipal,Primario
114334,2025.0,8.0,6.0,360.0,MSIIIb,Municipal,Primario
114334,2025.0,9.0,8.0,360.0,MSIIIb,Municipal,Primario
114334,2025.0,10.0,3.0,360.0,MSIIIb,Municipal,Primario
114401,2025.0,1.0,0.0,19.0,MSIIIb,Municipal,Primario
114401,2025.0,2.0,2.0,19.0,MSIIIb,Municipal,Primario
114401,2025.0,3.0,0.0,19.0,MSIIIb,Municipal,Primario
114401,2025.0,4.0,0.0,19.0,MSIIIb,Municipal,Primario
114401,2025.0,5.0,0.0,19.0,MSIIIb,Municipal,Primario
114401,2025.0,6.0,2.0,19.0,MSIIIb,Municipal,Primario
114401,2025.0,7.0,2.0,19.0,MSIIIb,Municipal,Primario
114401,2025.0,8.0,0.0,19.0,MSIIIb,Municipal,Primario
114401,2025.0,9.0,0.0,19.0,MSIIIb,Municipal,Primario
114401,2025.0,10.0,2.0,19.0,MSIIIb,Municipal,Primario
114403,2025.0,6.0,1.0,,MSIIIb,Municipal,Primario
114403,2025.0,7.0,0.0,,MSIIIb,Municipal,Primario
114403,2025.0,10.0,0.0,,MSIIIb,Municipal,Primario
114406,2025.0,1.0,0.0,5.0,MSIIIb,Municipal,Primario
114406,2025.0,2.0,0.0,5.0,MSIIIb,Municipal,Primario
114406,2025.0,4.0,0.0,5.0,MSIIIb,Municipal,Primario
114406,2025.0,5.0,0.0,5.0,MSIIIb,Municipal,Primario
114406,2025.0,6.0,2.0,5.0,MSIIIb,Municipal,Primario
114406,2025.0,7.0,2.0,5.0,MSIIIb,Municipal,Primario
114406,2025.0,8.0,0.0,5.0,MSIIIb,Municipal,Primario
114406,2025.0,9.0,0.0,5.0,MSIIIb,Municipal,Primario
114406,2025.0,10.0,0.0,5.0,MSIIIb,Municipal,Primario
114407,2025.0,7.0,4.0,8.0,MSIIIb,Municipal,Primario
114407,2025.0,9.0,4.0,8.0,MSIIIb,Municipal,Primario
114407,2025.0,10.0,0.0,8.0,MSIIIb,Municipal,Primario
114410,2025.0,6.0,0.0,2.0,MSIIIb,Municipal,Primario
114410,2025.0,7.0,0.0,2.0,MSIIIb,Municipal,Primario
114410,2025.0,8.0,0.0,2.0,MSIIIb,Municipal,Primario
114410,2025.0,9.0,0.0,2.0,MSIIIb,Municipal,Primario
114410,2025.0,10.0,0.0,2.0,MSIIIb,Municipal,Primario
114706,2025.0,1.0,4.0,,MSIIIb,Municipal,Primario
114706,2025.0,2.0,0.0,,MSIIIb,Municipal,Primario
114706,2025.0,3.0,2.0,,MSIIIb,Municipal,Primario
114706,2025.0,4.0,10.0,,MSIIIb,Municipal,Primario
114706,2025.0,5.0,4.0,,MSIIIb,Municipal,Primario
114706,2025.0,6.0,2.0,,MSIIIb,Municipal,Primario
114706,2025.0,7.0,4.0,,MSIIIb,Municipal,Primario
114706,2025.0,8.0,2.0,,MSIIIb,Municipal,Primario
114706,2025.0,9.0,0.0,,MSIIIb,Municipal,Primario
114706,2025.0,10.0,1.0,,MSIIIb,Municipal,Primario
114714,2025.0,2.0,0.0,73.0,MSIIIb,Municipal,Primario
114714,2025.0,3.0,2.0,73.0,MSIIIb,Municipal,Primario
114714,2025.0,4.0,0.0,73.0,MSIIIb,Municipal,Primario
114714,2025.0,5.0,6.0,73.0,MSIIIb,Municipal,Primario
114714,2025.0,6.0,2.0,73.0,MSIIIb,Municipal,Primario
114714,2025.0,7.0,2.0,73.0,MSIIIb,Municipal,Primario
114714,2025.0,8.0,0.0,73.0,MSIIIb,Municipal,Primario
114714,2025.0,9.0,2.0,73.0,MSIIIb,Municipal,Primario
114714,2025.0,10.0,5.0,73.0,MSIIIb,Municipal,Primario
114796,2025.0,1.0,0.0,3.0,MSIIIb,Municipal,Primario
114796,2025.0,2.0,0.0,3.0,MSIIIb,Municipal,Primario
114796,2025.0,3.0,4.0,3.0,MSIIIb,Municipal,Primario
114796,2025.0,4.0,2.0,3.0,MSIIIb,Municipal,Primario
114796,2025.0,5.0,0.0,3.0,MSIIIb,Municipal,Primario
114796,2025.0,6.0,4.0,3.0,MSIIIb,Municipal,Primario
114796,2025.0,7.0,2.0,3.0,MSIIIb,Municipal,Primario
114796,2025.0,8.0,2.0,3.0,MSIIIb,Municipal,Primario
114796,2025.0,9.0,6.0,3.0,MSIIIb,Municipal,Primario
114796,2025.0,10.0,0.0,3.0,MSIIIb,Municipal,Primario
114819,2025.0,10.0,9.0,,MSIIIb,Municipal,Primario
200037,2025.0,1.0,4.0,2.0,MSIIIb,Municipal,Primario
200037,2025.0,2.0,2.0,2.0,MSIIIb,Municipal,Primario
200037,2025.0,3.0,2.0,2.0,MSIIIb,Municipal,Primario
200037,2025.0,4.0,6.0,2.0,MSIIIb,Municipal,Primario
200037,2025.0,5.0,0.0,2.0,MSIIIb,Municipal,Primario
200037,2025.0,6.0,0.0,2.0,MSIIIb,Municipal,Primario
200037,2025.0,7.0,0.0,2.0,MSIIIb,Municipal,Primario
200037,2025.0,8.0,6.0,2.0,MSIIIb,Municipal,Primario
200037,2025.0,9.0,0.0,2.0,MSIIIb,Municipal,Primario
200037,2025.0,10.0,3.0,2.0,MSIIIb,Municipal,Primario
200080,2025.0,1.0,3.0,2.0,MSIIIb,Municipal,No Aplica
200080,2025.0,2.0,0.0,2.0,MSIIIb,Municipal,No Aplica
200080,2025.0,3.0,3.0,2.0,MSIIIb,Municipal,No Aplica
200080,2025.0,4.0,5.0,2.0,MSIIIb,Municipal,No Aplica
200080,2025.0,5.0,3.0,2.0,MSIIIb,Municipal,No Aplica
200080,2025.0,6.0,4.0,2.0,MSIIIb,Municipal,No Aplica
200080,2025.0,7.0,2.0,2.0,MSIIIb,Municipal,No Aplica
200080,2025.0,8.0,3.0,2.0,MSIIIb,Municipal,No Aplica
200080,2025.0,9.0,1.0,2.0,MSIIIb,Municipal,No Aplica
200080,2025.0,10.0,4.0,2.0,MSIIIb,Municipal,No Aplica
200210,2025.0,1.0,6.0,53.0,MSIIIb,Municipal,Primario
200210,2025.0,2.0,6.0,53.0,MSIIIb,Municipal,Primario
200210,2025.0,3.0,0.0,53.0,MSIIIb,Municipal,Primario
200210,2025.0,4.0,4.0,53.0,MSIIIb,Municipal,Primario
200210,2025.0,5.0,0.0,53.0,MSIIIb,Municipal,Primario
200210,2025.0,6.0,0.0,53.0,MSIIIb,Municipal,Primario
200210,2025.0,7.0,6.0,53.0,MSIIIb,Municipal,Primario
200210,2025.0,8.0,2.0,53.0,MSIIIb,Municipal,Primario
200210,2025.0,9.0,0.0,53.0,MSIIIb,Municipal,Primario
200210,2025.0,10.0,3.0,53.0,MSIIIb,Municipal,Primario
200236,2025.0,1.0,0.0,1.0,MSIIIb,Municipal,Primario
200236,2025.0,2.0,2.0,1.0,MSIIIb,Municipal,Primario
200236,2025.0,3.0,2.0,1.0,MSIIIb,Municipal,Primario
200236,2025.0,4.0,8.0,1.0,MSIIIb,Municipal,Primario
200236,2025.0,5.0,12.0,1.0,MSIIIb,Municipal,Primario
200236,2025.0,6.0,8.0,1.0,MSIIIb,Municipal,Primario
200236,2025.0,7.0,3.0,1.0,MSIIIb,Municipal,Primario
200236,2025.0,8.0,2.0,1.0,MSIIIb,Municipal,Primario
200236,2025.0,9.0,0.0,1.0,MSIIIb,Municipal,Primario
200236,2025.0,10.0,2.0,1.0,MSIIIb,Municipal,Primario
200265,2025.0,1.0,0.0,1.0,MSIIIb,Municipal,Primario
200265,2025.0,2.0,0.0,1.0,MSIIIb,Municipal,Primario
200265,2025.0,3.0,0.0,1.0,MSIIIb,Municipal,Primario
200265,2025.0,4.0,0.0,1.0,MSIIIb,Municipal,Primario
200265,2025.0,5.0,0.0,1.0,MSIIIb,Municipal,Primario
200265,2025.0,6.0,4.0,1.0,MSIIIb,Municipal,Primario
200265,2025.0,7.0,0.0,1.0,MSIIIb,Municipal,Primario
200265,2025.0,8.0,2.0,1.0,MSIIIb,Municipal,Primario
200265,2025.0,9.0,2.0,1.0,MSIIIb,Municipal,Primario
200265,2025.0,10.0,1.0,1.0,MSIIIb,Municipal,Primario
200304,2025.0,1.0,4.0,36.0,MSIIIb,Municipal,Primario
200304,2025.0,2.0,4.0,36.0,MSIIIb,Municipal,Primario
200304,2025.0,3.0,2.0,36.0,MSIIIb,Municipal,Primario
200304,2025.0,4.0,8.0,36.0,MSIIIb,Municipal,Primario
200304,2025.0,5.0,4.0,36.0,MSIIIb,Municipal,Primario
200304,2025.0,6.0,12.0,36.0,MSIIIb,Municipal,Primario
200304,2025.0,8.0,12.0,36.0,MSIIIb,Municipal,Primario
200304,2025.0,9.0,4.0,36.0,MSIIIb,Municipal,Primario
200304,2025.0,10.0,2.0,36.0,MSIIIb,Municipal,Primario
200337,2025.0,1.0,2.0,65.0,MSIIIb,Municipal,Primario
200337,2025.0,2.0,4.0,65.0,MSIIIb,Municipal,Primario
200337,2025.0,3.0,8.0,65.0,MSIIIb,Municipal,Primario
200337,2025.0,4.0,0.0,65.0,MSIIIb,Municipal,Primario
200337,2025.0,5.0,2.0,65.0,MSIIIb,Municipal,Primario
200337,2025.0,6.0,2.0,65.0,MSIIIb,Municipal,Primario
200337,2025.0,7.0,0.0,65.0,MSIIIb,Municipal,Primario
200337,2025.0,8.0,4.0,65.0,MSIIIb,Municipal,Primario
200337,2025.0,9.0,2.0,65.0,MSIIIb,Municipal,Primario
200337,2025.0,10.0,3.0,65.0,MSIIIb,Municipal,Primario
200342,2025.0,1.0,2.0,,MSIIIb,Municipal,Primario
200342,2025.0,2.0,2.0,,MSIIIb,Municipal,Primario
200342,2025.0,3.0,0.0,,MSIIIb,Municipal,Primario
200342,2025.0,4.0,8.0,,MSIIIb,Municipal,Primario
200342,2025.0,5.0,10.0,,MSIIIb,Municipal,Primario
200342,2025.0,6.0,2.0,,MSIIIb,Municipal,Primario
200342,2025.0,7.0,2.0,,MSIIIb,Municipal,Primario
200342,2025.0,8.0,8.0,,MSIIIb,Municipal,Primario
200342,2025.0,9.0,0.0,,MSIIIb,Municipal,Primario
200342,2025.0,10.0,0.0,,MSIIIb,Municipal,Primario
200346,2025.0,1.0,0.0,9.0,MSIIIb,Servicio de Salud,Primario
200346,2025.0,2.0,0.0,9.0,MSIIIb,Servicio de Salud,Primario
200346,2025.0,3.0,0.0,9.0,MSIIIb,Servicio de Salud,Primario
200346,2025.0,4.0,0.0,9.0,MSIIIb,Servicio de Salud,Primario
200346,2025.0,5.0,0.0,9.0,MSIIIb,Servicio de Salud,Primario
200346,2025.0,6.0,0.0,9.0,MSIIIb,Servicio de Salud,Primario
200346,2025.0,7.0,0.0,9.0,MSIIIb,Servicio de Salud,Primario
200346,2025.0,8.0,0.0,9.0,MSIIIb,Servicio de Salud,Primario
200346,2025.0,9.0,0.0,9.0,MSIIIb,Servicio de Salud,Primario
200346,2025.0,10.0,5.0,9.0,MSIIIb,Servicio de Salud,Primario
200347,2025.0,1.0,4.0,32.0,MSIIIb,Municipal,Primario
200347,2025.0,2.0,0.0,32.0,MSIIIb,Municipal,Primario
200347,2025.0,3.0,2.0,32.0,MSIIIb,Municipal,Primario
200347,2025.0,4.0,2.0,32.0,MSIIIb,Municipal,Primario
200347,2025.0,5.0,0.0,32.0,MSIIIb,Municipal,Primario
200347,2025.0,6.0,2.0,32.0,MSIIIb,Municipal,Primario
200347,2025.0,7.0,0.0,32.0,MSIIIb,Municipal,Primario
200347,2025.0,8.0,6.0,32.0,MSIIIb,Municipal,Primario
200347,2025.0,9.0,10.0,32.0,MSIIIb,Municipal,Primario
200347,2025.0,10.0,1.0,32.0,MSIIIb,Municipal,Primario
200360,2025.0,1.0,0.0,50.0,MSIIIb,Municipal,Primario
200360,2025.0,2.0,2.0,50.0,MSIIIb,Municipal,Primario
200360,2025.0,3.0,4.0,50.0,MSIIIb,Municipal,Primario
200360,2025.0,4.0,4.0,50.0,MSIIIb,Municipal,Primario
200360,2025.0,5.0,2.0,50.0,MSIIIb,Municipal,Primario
200360,2025.0,6.0,0.0,50.0,MSIIIb,Municipal,Primario
200360,2025.0,7.0,0.0,50.0,MSIIIb,Municipal,Primario
200360,2025.0,8.0,2.0,50.0,MSIIIb,Municipal,Primario
200360,2025.0,9.0,6.0,50.0,MSIIIb,Municipal,Primario
200361,2025.0,1.0,10.0,126.0,MSIIIb,Municipal,Primario
200361,2025.0,2.0,10.0,126.0,MSIIIb,Municipal,Primario
200361,2025.0,3.0,6.0,126.0,MSIIIb,Municipal,Primario
200361,2025.0,4.0,12.0,126.0,MSIIIb,Municipal,Primario
200361,2025.0,5.0,8.0,126.0,MSIIIb,Municipal,Primario
200361,2025.0,6.0,6.0,126.0,MSIIIb,Municipal,Primario
200361,2025.0,7.0,10.0,126.0,MSIIIb,Municipal,Primario
200361,2025.0,8.0,4.0,126.0,MSIIIb,Municipal,Primario
200361,2025.0,9.0,8.0,126.0,MSIIIb,Municipal,Primario
200361,2025.0,10.0,2.0,126.0,MSIIIb,Municipal,Primario
200365,2025.0,1.0,0.0,33.0,MSIIIb,Municipal,Primario
200365,2025.0,2.0,0.0,33.0,MSIIIb,Municipal,Primario
200365,2025.0,3.0,0.0,33.0,MSIIIb,Municipal,Primario
200365,2025.0,4.0,0.0,33.0,MSIIIb,Municipal,Primario
200365,2025.0,5.0,2.0,33.0,MSIIIb,Municipal,Primario
200365,2025.0,6.0,4.0,33.0,MSIIIb,Municipal,Primario
200365,2025.0,7.0,8.0,33.0,MSIIIb,Municipal,Primario
200365,2025.0,8.0,2.0,33.0,MSIIIb,Municipal,Primario
200365,2025.0,9.0,0.0,33.0,MSIIIb,Municipal,Primario
200365,2025.0,10.0,0.0,33.0,MSIIIb,Municipal,Primario
200377,2025.0,1.0,14.0,77.0,MSIIIb,Municipal,Primario
200377,2025.0,2.0,4.0,77.0,MSIIIb,Municipal,Primario
200377,2025.0,3.0,10.0,77.0,MSIIIb,Municipal,Primario
200377,2025.0,4.0,0.0,77.0,MSIIIb,Municipal,Primario
200377,2025.0,5.0,8.0,77.0,MSIIIb,Municipal,Primario
200377,2025.0,6.0,6.0,77.0,MSIIIb,Municipal,Primario
200377,2025.0,7.0,12.0,77.0,MSIIIb,Municipal,Primario
200377,2025.0,8.0,6.0,77.0,MSIIIb,Municipal,Primario
200377,2025.0,9.0,0.0,77.0,MSIIIb,Municipal,Primario
200377,2025.0,10.0,1.0,77.0,MSIIIb,Municipal,Primario
200385,2025.0,1.0,2.0,20.0,MSIIIb,Municipal,Primario
200385,2025.0,2.0,2.0,20.0,MSIIIb,Municipal,Primario
200385,2025.0,3.0,2.0,20.0,MSIIIb,Municipal,Primario
200385,2025.0,4.0,0.0,20.0,MSIIIb,Municipal,Primario
200385,2025.0,5.0,0.0,20.0,MSIIIb,Municipal,Primario
200385,2025.0,6.0,0.0,20.0,MSIIIb,Municipal,Primario
200385,2025.0,7.0,6.0,20.0,MSIIIb,Municipal,Primario
200385,2025.0,8.0,2.0,20.0,MSIIIb,Municipal,Primario
200385,2025.0,9.0,2.0,20.0,MSIIIb,Municipal,Primario
200385,2025.0,10.0,0.0,20.0,MSIIIb,Municipal,Primario
200389,2025.0,2.0,0.0,,MSIIIb,Municipal,Primario
200389,2025.0,4.0,0.0,,MSIIIb,Municipal,Primario
200389,2025.0,5.0,0.0,,MSIIIb,Municipal,Primario
200389,2025.0,6.0,10.0,,MSIIIb,Municipal,Primario
200389,2025.0,7.0,0.0,,MSIIIb,Municipal,Primario
200389,2025.0,8.0,0.0,,MSIIIb,Municipal,Primario
200389,2025.0,9.0,0.0,,MSIIIb,Municipal,Primario
200389,2025.0,10.0,0.0,,MSIIIb,Municipal,Primario
200454,2025.0,1.0,2.0,50.0,MSIIIb,Municipal,Primario
200454,2025.0,2.0,4.0,50.0,MSIIIb,Municipal,Primario
200454,2025.0,4.0,0.0,50.0,MSIIIb,Municipal,Primario
200454,2025.0,5.0,2.0,50.0,MSIIIb,Municipal,Primario
200454,2025.0,6.0,6.0,50.0,MSIIIb,Municipal,Primario
200454,2025.0,7.0,6.0,50.0,MSIIIb,Municipal,Primario
200454,2025.0,9.0,4.0,50.0,MSIIIb,Municipal,Primario
200454,2025.0,10.0,0.0,50.0,MSIIIb,Municipal,Primario
200475,2025.0,1.0,2.0,,MSIIIb,Municipal,Primario
200475,2025.0,2.0,0.0,,MSIIIb,Municipal,Primario
200475,2025.0,3.0,0.0,,MSIIIb,Municipal,Primario
200475,2025.0,4.0,4.0,,MSIIIb,Municipal,Primario
200475,2025.0,5.0,2.0,,MSIIIb,Municipal,Primario
200475,2025.0,6.0,0.0,,MSIIIb,Municipal,Primario
200475,2025.0,7.0,0.0,,MSIIIb,Municipal,Primario
200475,2025.0,8.0,0.0,,MSIIIb,Municipal,Primario
200475,2025.0,9.0,0.0,,MSIIIb,Municipal,Primario
200475,2025.0,10.0,2.0,,MSIIIb,Municipal,Primario
200554,2025.0,1.0,6.0,22.0,MSIIIb,Municipal,Primario
200554,2025.0,2.0,4.0,22.0,MSIIIb,Municipal,Primario
200554,2025.0,4.0,2.0,22.0,MSIIIb,Municipal,Primario
200554,2025.0,5.0,2.0,22.0,MSIIIb,Municipal,Primario
200554,2025.0,6.0,2.0,22.0,MSIIIb,Municipal,Primario
200554,2025.0,7.0,8.0,22.0,MSIIIb,Municipal,Primario
200554,2025.0,8.0,2.0,22.0,MSIIIb,Municipal,Primario
200554,2025.0,9.0,6.0,22.0,MSIIIb,Municipal,Primario
200554,2025.0,10.0,1.0,22.0,MSIIIb,Municipal,Primario
200609,2025.0,1.0,2.0,15.0,MSIIIb,Municipal,Primario
200609,2025.0,2.0,2.0,15.0,MSIIIb,Municipal,Primario
200609,2025.0,3.0,0.0,15.0,MSIIIb,Municipal,Primario
200609,2025.0,4.0,0.0,15.0,MSIIIb,Municipal,Primario
200609,2025.0,5.0,0.0,15.0,MSIIIb,Municipal,Primario
200609,2025.0,6.0,2.0,15.0,MSIIIb,Municipal,Primario
200609,2025.0,7.0,6.0,15.0,MSIIIb,Municipal,Primario
200609,2025.0,8.0,2.0,15.0,MSIIIb,Municipal,Primario
200609,2025.0,9.0,0.0,15.0,MSIIIb,Municipal,Primario
200609,2025.0,10.0,0.0,15.0,MSIIIb,Municipal,Primario
200643,2025.0,1.0,2.0,4.0,MSIIIb,Municipal,Primario
200643,2025.0,2.0,2.0,4.0,MSIIIb,Municipal,Primario
200643,2025.0,3.0,4.0,4.0,MSIIIb,Municipal,Primario
200643,2025.0,4.0,10.0,4.0,MSIIIb,Municipal,Primario
200643,2025.0,5.0,4.0,4.0,MSIIIb,Municipal,Primario
200643,2025.0,6.0,10.0,4.0,MSIIIb,Municipal,Primario
200643,2025.0,7.0,0.0,4.0,MSIIIb,Municipal,Primario
200643,2025.0,8.0,8.0,4.0,MSIIIb,Municipal,Primario
200643,2025.0,9.0,6.0,4.0,MSIIIb,Municipal,Primario
200643,2025.0,10.0,0.0,4.0,MSIIIb,Municipal,Primario
200961,2025.0,1.0,8.0,68.0,MSIIIb,Municipal,Primario
200961,2025.0,2.0,6.0,68.0,MSIIIb,Municipal,Primario
200961,2025.0,3.0,0.0,68.0,MSIIIb,Municipal,Primario
200961,2025.0,4.0,0.0,68.0,MSIIIb,Municipal,Primario
200961,2025.0,5.0,12.0,68.0,MSIIIb,Municipal,Primario
200961,2025.0,6.0,12.0,68.0,MSIIIb,Municipal,Primario
200961,2025.0,7.0,6.0,68.0,MSIIIb,Municipal,Primario
200961,2025.0,8.0,8.0,68.0,MSIIIb,Municipal,Primario
200961,2025.0,9.0,2.0,68.0,MSIIIb,Municipal,Primario
200961,2025.0,10.0,0.0,68.0,MSIIIb,Municipal,Primario
200962,2025.0,1.0,0.0,61.0,MSIIIb,Municipal,Primario
200962,2025.0,2.0,4.0,61.0,MSIIIb,Municipal,Primario
200962,2025.0,3.0,2.0,61.0,MSIIIb,Municipal,Primario
200962,2025.0,4.0,4.0,61.0,MSIIIb,Municipal,Primario
200962,2025.0,5.0,4.0,61.0,MSIIIb,Municipal,Primario
200962,2025.0,6.0,0.0,61.0,MSIIIb,Municipal,Primario
200962,2025.0,8.0,0.0,61.0,MSIIIb,Municipal,Primario
200962,2025.0,9.0,2.0,61.0,MSIIIb,Municipal,Primario
200962,2025.0,10.0,0.0,61.0,MSIIIb,Municipal,Primario
200965,2025.0,1.0,6.0,301.0,MSIIIb,Municipal,Primario
200965,2025.0,2.0,6.0,301.0,MSIIIb,Municipal,Primario
200965,2025.0,3.0,4.0,301.0,MSIIIb,Municipal,Primario
200965,2025.0,4.0,16.0,301.0,MSIIIb,Municipal,Primario
200965,2025.0,5.0,4.0,301.0,MSIIIb,Municipal,Primario
200965,2025.0,6.0,10.0,301.0,MSIIIb,Municipal,Primario
200965,2025.0,7.0,44.0,301.0,MSIIIb,Municipal,Primario
200965,2025.0,8.0,10.0,301.0,MSIIIb,Municipal,Primario
200965,2025.0,9.0,4.0,301.0,MSIIIb,Municipal,Primario
200965,2025.0,10.0,1.0,301.0,MSIIIb,Municipal,Primario
201091,2025.0,1.0,28.0,399.0,MSIIIb,Municipal,Primario
201091,2025.0,2.0,28.0,399.0,MSIIIb,Municipal,Primario
201091,2025.0,3.0,32.0,399.0,MSIIIb,Municipal,Primario
201091,2025.0,4.0,32.0,399.0,MSIIIb,Municipal,Primario
201091,2025.0,5.0,24.0,399.0,MSIIIb,Municipal,Primario
201091,2025.0,6.0,22.0,399.0,MSIIIb,Municipal,Primario
201091,2025.0,7.0,28.0,399.0,MSIIIb,Municipal,Primario
201091,2025.0,8.0,8.0,399.0,MSIIIb,Municipal,Primario
201091,2025.0,9.0,22.0,399.0,MSIIIb,Municipal,Primario
201091,2025.0,10.0,12.0,399.0,MSIIIb,Municipal,Primario
201112,2025.0,1.0,16.0,331.0,MSIIIb,Municipal,Primario
201112,2025.0,2.0,20.0,331.0,MSIIIb,Municipal,Primario
201112,2025.0,3.0,10.0,331.0,MSIIIb,Municipal,Primario
201112,2025.0,4.0,10.0,331.0,MSIIIb,Municipal,Primario
201112,2025.0,5.0,6.0,331.0,MSIIIb,Municipal,Primario
201112,2025.0,6.0,10.0,331.0,MSIIIb,Municipal,Primario
201112,2025.0,7.0,10.0,331.0,MSIIIb,Municipal,Primario
201112,2025.0,8.0,8.0,331.0,MSIIIb,Municipal,Primario
201112,2025.0,9.0,12.0,331.0,MSIIIb,Municipal,Primario
201112,2025.0,10.0,4.0,331.0,MSIIIb,Municipal,Primario
201129,2025.0,1.0,2.0,7.0,MSIIIb,Municipal,Primario
201129,2025.0,2.0,0.0,7.0,MSIIIb,Municipal,Primario
201129,2025.0,3.0,0.0,7.0,MSIIIb,Municipal,Primario
201129,2025.0,4.0,6.0,7.0,MSIIIb,Municipal,Primario
201129,2025.0,5.0,2.0,7.0,MSIIIb,Municipal,Primario
201129,2025.0,6.0,8.0,7.0,MSIIIb,Municipal,Primario
201129,2025.0,7.0,0.0,7.0,MSIIIb,Municipal,Primario
201129,2025.0,8.0,0.0,7.0,MSIIIb,Municipal,Primario
201129,2025.0,9.0,2.0,7.0,MSIIIb,Municipal,Primario
201129,2025.0,10.0,2.0,7.0,MSIIIb,Municipal,Primario
201212,2025.0,1.0,20.0,,MSIIIb,Municipal,Primario
201212,2025.0,2.0,14.0,,MSIIIb,Municipal,Primario
201212,2025.0,3.0,4.0,,MSIIIb,Municipal,Primario
201212,2025.0,4.0,6.0,,MSIIIb,Municipal,Primario
201212,2025.0,5.0,4.0,,MSIIIb,Municipal,Primario
201212,2025.0,6.0,0.0,,MSIIIb,Municipal,Primario
201212,2025.0,7.0,2.0,,MSIIIb,Municipal,Primario
201212,2025.0,8.0,6.0,,MSIIIb,Municipal,Primario
201212,2025.0,9.0,8.0,,MSIIIb,Municipal,Primario
201212,2025.0,10.0,7.0,,MSIIIb,Municipal,Primario
201379,2025.0,1.0,0.0,,MSIIIb,Municipal,No Aplica
201379,2025.0,3.0,0.0,,MSIIIb,Municipal,No Aplica
201379,2025.0,4.0,0.0,,MSIIIb,Municipal,No Aplica
201379,2025.0,5.0,0.0,,MSIIIb,Municipal,No Aplica
201379,2025.0,6.0,0.0,,MSIIIb,Municipal,No Aplica
201379,2025.0,7.0,0.0,,MSIIIb,Municipal,No Aplica
201379,2025.0,8.0,0.0,,MSIIIb,Municipal,No Aplica
201462,2025.0,1.0,36.0,77.0,MSIIIb,Municipal,Primario
201462,2025.0,2.0,22.0,77.0,MSIIIb,Municipal,Primario
201462,2025.0,3.0,32.0,77.0,MSIIIb,Municipal,Primario
201462,2025.0,4.0,20.0,77.0,MSIIIb,Municipal,Primario
201462,2025.0,5.0,14.0,77.0,MSIIIb,Municipal,Primario
201462,2025.0,6.0,12.0,77.0,MSIIIb,Municipal,Primario
201462,2025.0,7.0,12.0,77.0,MSIIIb,Municipal,Primario
201462,2025.0,8.0,18.0,77.0,MSIIIb,Municipal,Primario
201462,2025.0,9.0,6.0,77.0,MSIIIb,Municipal,Primario
201462,2025.0,10.0,1.0,77.0,MSIIIb,Municipal,Primario
201674,2025.0,1.0,16.0,,MSIIIb,Municipal,Primario
201674,2025.0,2.0,6.0,,MSIIIb,Municipal,Primario
201674,2025.0,3.0,6.0,,MSIIIb,Municipal,Primario
201674,2025.0,4.0,10.0,,MSIIIb,Municipal,Primario
201674,2025.0,5.0,18.0,,MSIIIb,Municipal,Primario
201674,2025.0,6.0,14.0,,MSIIIb,Municipal,Primario
201674,2025.0,7.0,14.0,,MSIIIb,Municipal,Primario
201674,2025.0,8.0,8.0,,MSIIIb,Municipal,Primario
201674,2025.0,9.0,6.0,,MSIIIb,Municipal,Primario
201674,2025.0,10.0,4.0,,MSIIIb,Municipal,Primario
202042,2025.0,9.0,0.0,,MSIIIb,,
202042,2025.0,10.0,0.0,,MSIIIb,,
311001,,,,113.0,MSIIIb,,
109104,2025.0,6.0,294.0,,MSIVa,Servicio de Salud,Primario
109300,2025.0,6.0,2032.0,6697.659,MSIVa,Municipal,Primario
109301,2025.0,6.0,2250.0,4467.312,MSIVa,Municipal,Primario
109302,2025.0,6.0,1656.0,3565.6349999999998,MSIVa,Municipal,Primario
109303,2025.0,6.0,2946.0,3491.505,MSIVa,Municipal,Primario
109304,2025.0,6.0,772.0,1282.9289999999999,MSIVa,Municipal,Primario
109305,2025.0,6.0,1822.0,2965.026,MSIVa,Municipal,Primario
109307,2025.0,6.0,1702.0,2928.522,MSIVa,Municipal,Primario
109308,2025.0,6.0,1546.0,3457.947,MSIVa,Municipal,Primario
109309,2025.0,6.0,1086.0,3138.858,MSIVa,Municipal,Primario
109310,2025.0,6.0,1756.0,6274.326,MSIVa,Municipal,Primario
109311,2025.0,6.0,984.0,3924.6659999999997,MSIVa,Municipal,Primario
109312,2025.0,6.0,572.0,1578.8519999999999,MSIVa,Municipal,Primario
109313,2025.0,6.0,1706.0,3825.468,MSIVa,Municipal,Primario
109314,2025.0,6.0,1858.0,3215.433,MSIVa,Municipal,Primario
109315,2025.0,6.0,1544.0,4358.937,MSIVa,Municipal,Primario
109316,2025.0,6.0,1400.0,4822.98,MSIVa,Municipal,Primario
109317,2025.0,6.0,930.0,1392.753,MSIVa,Municipal,Primario
109320,2025.0,6.0,316.0,1378.302,MSIVa,Municipal,Primario
109321,2025.0,6.0,1022.0,3132.2039999999997,MSIVa,Municipal,Primario
109323,2025.0,6.0,1220.0,1976.985,MSIVa,Municipal,Primario
109324,2025.0,6.0,1886.0,4873.5689999999995,MSIVa,Municipal,Primario
109390,2025.0,6.0,1882.0,3117.255,MSIVa,Otra Institución,Primario
109407,,,,1026.5819999999999,MSIVa,,
109410,2025.0,6.0,54.0,67.485,MSIVa,Municipal,Primario
109412,2025.0,6.0,50.0,56.208,MSIVa,Municipal,Primario
109413,2025.0,6.0,38.0,53.873999999999995,MSIVa,Municipal,Primario
109414,2025.0,6.0,116.0,197.697,MSIVa,Municipal,Primario
109416,2025.0,6.0,94.0,2.775,MSIVa,Municipal,Primario
109417,2025.0,6.0,142.0,5.751,MSIVa,Municipal,Primario
109418,2025.0,6.0,114.0,8.328,MSIVa,Municipal,Primario
109419,2025.0,6.0,118.0,8.064,MSIVa,Municipal,Primario
109420,2025.0,6.0,96.0,4.7669999999999995,MSIVa,Municipal,Primario
109709,2025.0,6.0,580.0,556.449,MSIVa,Municipal,Primario
109711,2025.0,6.0,242.0,523.629,MSIVa,Municipal,Primario
109712,2025.0,6.0,254.0,578.34,MSIVa,Municipal,Primario
109713,2025.0,6.0,206.0,299.706,MSIVa,Municipal,Primario
109715,2025.0,6.0,110.0,310.677,MSIVa,Municipal,Primario
109716,2025.0,6.0,134.0,88.30499999999999,MSIVa,Municipal,Primario
109718,2025.0,6.0,524.0,946.167,MSIVa,Municipal,Primario
110130,2025.0,6.0,158.0,,MSIVa,Servicio de Salud,Terciario
110140,2025.0,6.0,58.0,,MSIVa,Servicio de Salud,Terciario
110150,2025.0,6.0,42.0,,MSIVa,Servicio de Salud,Terciario
110160,2025.0,6.0,1926.0,2407.665,MSIVa,Servicio de Salud,Primario
110300,2025.0,6.0,192.0,0.429,MSIVa,Servicio de Salud,Secundario
110308,2025.0,6.0,1658.0,4612.83,MSIVa,Municipal,Primario
110310,2025.0,6.0,1514.0,2961.519,MSIVa,Servicio de Salud,Primario
110315,2025.0,6.0,1932.0,4246.023,MSIVa,Municipal,Primario
110316,2025.0,6.0,1582.0,3491.217,MSIVa,Municipal,Primario
110320,2025.0,6.0,1748.0,4465.698,MSIVa,Municipal,Primario
110325,2025.0,6.0,882.0,3889.608,MSIVa,Municipal,Primario
110330,2025.0,6.0,1964.0,4265.472,MSIVa,Municipal,Primario
110331,2025.0,6.0,1242.0,2385.408,MSIVa,Municipal,Primario
110335,2025.0,6.0,1952.0,3579.129,MSIVa,Municipal,Primario
110340,2025.0,6.0,2346.0,4509.297,MSIVa,Municipal,Primario
110345,2025.0,6.0,1744.0,3340.035,MSIVa,Municipal,Primario
110350,2025.0,6.0,2556.0,6678.648,MSIVa,Municipal,Primario
110351,2025.0,6.0,1982.0,4398.606,MSIVa,Municipal,Primario
110352,2025.0,6.0,1982.0,3932.895,MSIVa,Municipal,Primario
110353,2025.0,6.0,1330.0,2577.747,MSIVa,Municipal,Primario
110354,2025.0,6.0,2510.0,5626.911,MSIVa,Municipal,Primario
110355,2025.0,6.0,1790.0,3855.372,MSIVa,Municipal,Primario
110360,2025.0,6.0,2874.0,6905.994,MSIVa,Municipal,Primario
110361,2025.0,6.0,1274.0,3104.085,MSIVa,Municipal,Primario
110362,2025.0,6.0,1850.0,3242.958,MSIVa,Municipal,Primario
110364,2025.0,6.0,978.0,1945.212,MSIVa,Municipal,Primario
110366,2025.0,6.0,3134.0,5963.634,MSIVa,Municipal,Primario
110369,2025.0,6.0,2920.0,4517.061,MSIVa,Municipal,Primario
110370,2025.0,6.0,1888.0,3544.683,MSIVa,Municipal,Primario
110375,2025.0,6.0,1192.0,2836.719,MSIVa,Municipal,Primario
110378,2025.0,6.0,1626.0,3989.067,MSIVa,Municipal,Primario
110379,2025.0,6.0,1796.0,3937.101,MSIVa,Municipal,Primario
110380,2025.0,6.0,714.0,1355.223,MSIVa,Municipal,Primario
110381,2025.0,6.0,506.0,727.278,MSIVa,Municipal,Primario
110385,2025.0,6.0,414.0,923.232,MSIVa,Municipal,Primario
110387,2025.0,6.0,604.0,1187.136,MSIVa,Municipal,Primario
110390,2025.0,6.0,2564.0,6483.705,MSIVa,Municipal,Primario
110393,2025.0,6.0,340.0,807.846,MSIVa,Municipal,Primario
110400,2025.0,6.0,180.0,61.614,MSIVa,Municipal,Primario
110410,2025.0,6.0,280.0,46.754999999999995,MSIVa,Municipal,Primario
110425,2025.0,6.0,626.0,575.649,MSIVa,Municipal,Primario
110430,2025.0,6.0,166.0,69.288,MSIVa,Municipal,Primario
110431,2025.0,6.0,162.0,85.623,MSIVa,Municipal,Primario
110432,2025.0,6.0,122.0,78.72,MSIVa,Municipal,Primario
110440,2025.0,6.0,414.0,815.52,MSIVa,Municipal,Primario
110445,2025.0,6.0,132.0,562.284,MSIVa,Municipal,Primario
110455,2025.0,6.0,158.0,199.07999999999998,MSIVa,Municipal,Primario
110465,2025.0,6.0,156.0,361.335,MSIVa,Municipal,Primario
110470,2025.0,6.0,72.0,183.69899999999998,MSIVa,Municipal,Primario
110475,2025.0,6.0,174.0,368.235,MSIVa,Municipal,Primario
110477,,,,117.399,MSIVa,Servicio de Salud,Primario
110485,2025.0,6.0,116.0,116.38799999999999,MSIVa,Municipal,Primario
110490,2025.0,6.0,12.0,53.955,MSIVa,Municipal,Primario
110492,2025.0,6.0,76.0,55.205999999999996,MSIVa,Municipal,Primario
110495,2025.0,6.0,70.0,105.945,MSIVa,Municipal,Primario
110503,2025.0,6.0,82.0,90.717,MSIVa,Municipal,Primario
110505,2025.0,6.0,38.0,3.144,MSIVa,Municipal,Primario
110510,2025.0,6.0,82.0,8.892,MSIVa,Municipal,Primario
110515,,,,1.371,MSIVa,,
110627,,,,0.018,MSIVa,Municipal,Secundario
110720,2025.0,6.0,306.0,1.524,MSIVa,Municipal,Primario
110725,2025.0,6.0,174.0,1.626,MSIVa,Municipal,Primario
110735,2025.0,6.0,294.0,9.339,MSIVa,Municipal,Primario
110750,2025.0,6.0,200.0,20.852999999999998,MSIVa,Municipal,Primario
110752,2025.0,6.0,242.0,59.169,MSIVa,Municipal,Primario
110754,2025.0,6.0,110.0,28.919999999999998,MSIVa,Municipal,Primario
110756,2025.0,6.0,174.0,54.72,MSIVa,Municipal,Primario
110758,2025.0,6.0,166.0,45.254999999999995,MSIVa,Municipal,Primario
110760,,,,234.34199999999998,MSIVa,Servicio de Salud,Primario
110775,2025.0,6.0,220.0,131.847,MSIVa,Municipal,Primario
110778,2025.0,6.0,256.0,443.205,MSIVa,Municipal,Primario
110781,2025.0,6.0,98.0,194.751,MSIVa,Municipal,Primario
110783,2025.0,6.0,118.0,152.667,MSIVa,Municipal,Primario
111300,2025.0,6.0,1496.0,6297.102,MSIVa,Servicio de Salud,Primario
111301,2025.0,6.0,1286.0,3106.371,MSIVa,Servicio de Salud,Primario
111302,2025.0,6.0,1344.0,2417.736,MSIVa,Servicio de Salud,Primario
111303,2025.0,6.0,896.0,1869.42,MSIVa,Municipal,Primario
111304,2025.0,6.0,2920.0,6294.057,MSIVa,Servicio de Salud,Primario
111305,2025.0,6.0,1962.0,3262.383,MSIVa,Servicio de Salud,Primario
111306,2025.0,6.0,1476.0,3431.118,MSIVa,Servicio de Salud,Primario
111307,2025.0,6.0,2082.0,2859.225,MSIVa,Servicio de Salud,Primario
111308,2025.0,6.0,1764.0,3859.293,MSIVa,Servicio de Salud,Primario
111309,2025.0,6.0,1522.0,2724.618,MSIVa,Servicio de Salud,Primario
111310,2025.0,6.0,1300.0,4348.2,MSIVa,Servicio de Salud,Primario
111351,,,,40.839,MSIVa,Servicio de Salud,Secundario
111370,2025.0,6.0,1640.0,5306.3009999999995,MSIVa,Municipal,Primario
111372,2025.0,6.0,1050.0,2448.852,MSIVa,Municipal,Primario
111376,2025.0,6.0,1568.0,3808.605,MSIVa,Municipal,Primario
111378,2025.0,6.0,1882.0,3804.078,MSIVa,Municipal,Primario
111379,2025.0,6.0,2282.0,4967.985,MSIVa,Municipal,Primario
111380,2025.0,6.0,1920.0,4421.85,MSIVa,Municipal,Primario
111381,2025.0,6.0,1922.0,8575.338,MSIVa,Municipal,Primario
111382,2025.0,6.0,3246.0,5769.093,MSIVa,Municipal,Primario
111383,2025.0,6.0,2284.0,3549.678,MSIVa,Municipal,Primario
111400,2025.0,6.0,64.0,3.393,MSIVa,Servicio de Salud,Primario
111704,2025.0,6.0,92.0,19.605,MSIVa,Servicio de Salud,Primario
111780,2025.0,6.0,38.0,18.087,MSIVa,Servicio de Salud,Primario
111781,2025.0,6.0,220.0,5.451,MSIVa,Servicio de Salud,Primario
111782,,,,103.443,MSIVa,,
111783,2025.0,6.0,144.0,402.723,MSIVa,Municipal,Primario
111784,2025.0,6.0,336.0,172.827,MSIVa,Municipal,Primario
112300,,,,0.987,MSIVa,Servicio de Salud,Secundario
112301,2025.0,6.0,1690.0,4285.335,MSIVa,Municipal,Primario
112302,2025.0,6.0,1038.0,2365.9049999999997,MSIVa,Municipal,Primario
112303,2025.0,6.0,1588.0,3976.701,MSIVa,Municipal,Primario
112304,2025.0,6.0,2538.0,5313.066,MSIVa,Municipal,Primario
112306,2025.0,6.0,3812.0,7571.79,MSIVa,Municipal,Primario
112307,2025.0,6.0,2874.0,5252.088,MSIVa,Municipal,Primario
112309,2025.0,6.0,1258.0,3277.341,MSIVa,Municipal,Primario
112310,2025.0,6.0,3102.0,6184.563,MSIVa,Municipal,Primario
112311,2025.0,6.0,4134.0,7199.6939999999995,MSIVa,Municipal,Primario
112312,2025.0,6.0,2524.0,5644.5869999999995,MSIVa,Municipal,Primario
112313,2025.0,6.0,2672.0,5407.206,MSIVa,Municipal,Primario
112314,2025.0,6.0,1662.0,4286.442,MSIVa,Municipal,Primario
112315,2025.0,6.0,1434.0,2603.052,MSIVa,Municipal,Primario
112316,2025.0,6.0,2770.0,5264.052,MSIVa,Municipal,Primario
112317,2025.0,6.0,1784.0,1610.637,MSIVa,Municipal,Primario
112318,2025.0,6.0,1896.0,3068.799,MSIVa,Municipal,Primario
112319,2025.0,6.0,1968.0,4589.007,MSIVa,Municipal,Primario
112320,2025.0,6.0,910.0,2006.3999999999999,MSIVa,Municipal,Primario
112321,2025.0,6.0,1476.0,2447.898,MSIVa,Municipal,Primario
112322,2025.0,6.0,1510.0,2531.475,MSIVa,Municipal,Primario
112323,,,,2.682,MSIVa,Municipal,No Aplica
112407,2025.0,6.0,18.0,1.3559999999999999,MSIVa,Municipal,Primario
112707,,,,175.275,MSIVa,Municipal,Primario
112716,,,,27.333,MSIVa,Municipal,Primario
112717,,,,2196.111,MSIVa,Municipal,Primario
112799,,,,1.251,MSIVa,Municipal,Primario
113100,2025.0,6.0,420.0,,MSIVa,Servicio de Salud,Terciario
113130,2025.0,6.0,2.0,,MSIVa,Servicio de Salud,Terciario
113150,2025.0,6.0,90.0,,MSIVa,Servicio de Salud,Terciario
113180,2025.0,6.0,542.0,,MSIVa,Servicio de Salud,Terciario
113181,,,,2.205,MSIVa,Servicio de Salud,Secundario
113300,2025.0,6.0,3390.0,6112.023,MSIVa,Municipal,Primario
113301,2025.0,6.0,1344.0,2393.592,MSIVa,Municipal,Primario
113302,2025.0,6.0,2310.0,4641.834,MSIVa,Municipal,Primario
113303,2025.0,6.0,2422.0,4234.524,MSIVa,Municipal,Primario
113304,,,,73.482,MSIVa,Municipal,Primario
113305,2025.0,6.0,992.0,1898.3999999999999,MSIVa,Municipal,Primario
113306,2025.0,6.0,1644.0,3093.426,MSIVa,Municipal,Primario
113307,2025.0,6.0,2220.0,3468.846,MSIVa,Municipal,Primario
113308,2025.0,6.0,1674.0,2917.284,MSIVa,Municipal,Primario
113309,2025.0,6.0,1824.0,3043.2,MSIVa,Municipal,Primario
113310,2025.0,6.0,1598.0,2972.0009999999997,MSIVa,Municipal,Primario
113311,2025.0,6.0,2802.0,4705.611,MSIVa,Municipal,Primario
113312,2025.0,6.0,2436.0,3885.273,MSIVa,Municipal,Primario
113313,2025.0,6.0,1524.0,4847.568,MSIVa,Municipal,Primario
113314,2025.0,6.0,2328.0,3442.344,MSIVa,Municipal,Primario
113315,2025.0,6.0,1186.0,2618.04,MSIVa,Municipal,Primario
113316,2025.0,6.0,2016.0,4057.524,MSIVa,Municipal,Primario
113317,2025.0,6.0,1606.0,2936.787,MSIVa,Municipal,Primario
113318,2025.0,6.0,2054.0,4080.843,MSIVa,Municipal,Primario
113319,2025.0,6.0,962.0,1719.2849999999999,MSIVa,Municipal,Primario
113320,2025.0,6.0,864.0,1621.341,MSIVa,Municipal,Primario
113321,2025.0,6.0,514.0,968.313,MSIVa,Municipal,Primario
113322,2025.0,6.0,1626.0,3256.377,MSIVa,Municipal,Primario
113323,2025.0,6.0,1282.0,2177.9339999999997,MSIVa,Municipal,Primario
113324,2025.0,6.0,2060.0,3281.364,MSIVa,Municipal,Primario
113326,2025.0,6.0,1608.0,3706.6349999999998,MSIVa,Municipal,Primario
113328,2025.0,6.0,2182.0,4371.855,MSIVa,Municipal,Primario
113329,2025.0,6.0,2024.0,2742.171,MSIVa,Municipal,Primario
113330,2025.0,6.0,1578.0,3289.545,MSIVa,Municipal,Primario
113331,2025.0,6.0,2364.0,3441.87,MSIVa,Municipal,Primario
113332,2025.0,6.0,1628.0,3475.605,MSIVa,Municipal,Primario
113333,2025.0,6.0,702.0,1085.4,MSIVa,Municipal,Primario
113334,2025.0,6.0,548.0,1218.885,MSIVa,Municipal,Primario
113390,2025.0,6.0,2530.0,4546.71,MSIVa,Municipal,Primario
113394,2025.0,6.0,950.0,2109.54,MSIVa,Municipal,Primario
113396,2025.0,6.0,1378.0,2061.6,MSIVa,Municipal,Primario
113402,2025.0,6.0,470.0,778.35,MSIVa,Municipal,Primario
113404,2025.0,6.0,242.0,419.928,MSIVa,Municipal,Primario
113405,2025.0,6.0,238.0,593.43,MSIVa,Municipal,Primario
113406,2025.0,6.0,114.0,171.462,MSIVa,Municipal,Primario
113407,2025.0,6.0,190.0,343.296,MSIVa,Municipal,Primario
113408,2025.0,6.0,198.0,334.284,MSIVa,Municipal,Primario
113409,2025.0,6.0,564.0,905.685,MSIVa,Municipal,Primario
113410,2025.0,6.0,48.0,151.428,MSIVa,Municipal,Primario
113411,2025.0,6.0,186.0,353.391,MSIVa,Municipal,Primario
113412,2025.0,6.0,118.0,233.382,MSIVa,Municipal,Primario
113413,,,,10.847999999999999,MSIVa,Municipal,Primario
113701,2025.0,6.0,372.0,844.794,MSIVa,Municipal,Primario
113702,2025.0,6.0,274.0,358.269,MSIVa,Municipal,Primario
113703,2025.0,6.0,384.0,617.655,MSIVa,Municipal,Primario
113713,2025.0,6.0,242.0,376.662,MSIVa,Municipal,Primario
113716,2025.0,6.0,348.0,616.749,MSIVa,Municipal,Primario
113717,2025.0,6.0,336.0,434.988,MSIVa,Municipal,Primario
113722,2025.0,6.0,370.0,734.766,MSIVa,Municipal,Primario
113728,2025.0,6.0,332.0,575.949,MSIVa,Municipal,Primario
113753,2025.0,6.0,310.0,405.97499999999997,MSIVa,Municipal,Primario
113790,2025.0,6.0,366.0,541.278,MSIVa,Municipal,Primario
114010,,,,0.246,MSIVa,Servicio de Salud,No Aplica
114102,2025.0,6.0,888.0,850.2,MSIVa,Servicio de Salud,Terciario
114150,,,,1.278,MSIVa,,
114301,2025.0,6.0,4276.0,10310.916,MSIVa,Municipal,Primario
114302,2025.0,6.0,2200.0,3456.897,MSIVa,Municipal,Primario
114303,2025.0,6.0,2562.0,6348.759,MSIVa,Municipal,Primario
114304,2025.0,6.0,2590.0,3862.854,MSIVa,Municipal,Primario
114305,2025.0,6.0,2634.0,5005.818,MSIVa,Municipal,Primario
114306,2025.0,6.0,2082.0,5783.937,MSIVa,Municipal,Primario
114307,2025.0,6.0,1566.0,2649.903,MSIVa,Municipal,Primario
114308,2025.0,6.0,1456.0,2857.134,MSIVa,Municipal,Primario
114309,2025.0,6.0,1678.0,3138.39,MSIVa,Municipal,Primario
114310,2025.0,6.0,752.0,1359.114,MSIVa,Municipal,Primario
114311,2025.0,6.0,1150.0,2350.68,MSIVa,Municipal,Primario
114312,2025.0,6.0,2762.0,5446.542,MSIVa,Municipal,Primario
114313,2025.0,6.0,762.0,1885.1699999999998,MSIVa,Municipal,Primario
114314,2025.0,6.0,1480.0,2998.794,MSIVa,Municipal,Primario
114315,2025.0,6.0,1132.0,2054.616,MSIVa,Municipal,Primario
114316,2025.0,6.0,2520.0,4999.155,MSIVa,Municipal,Primario
114317,2025.0,6.0,1340.0,2384.172,MSIVa,Municipal,Primario
114318,2025.0,6.0,754.0,1264.392,MSIVa,Municipal,Primario
114319,2025.0,6.0,1896.0,3455.535,MSIVa,Municipal,Primario
114320,2025.0,6.0,1996.0,5093.61,MSIVa,Municipal,Primario
114321,2025.0,6.0,1430.0,3426.525,MSIVa,Municipal,Primario
114322,2025.0,6.0,3082.0,9181.926,MSIVa,Municipal,Primario
114323,2025.0,6.0,1118.0,2413.326,MSIVa,Delegados ,Primario
114324,2025.0,6.0,2900.0,6019.977,MSIVa,Municipal,Primario
114325,2025.0,6.0,2054.0,4633.512,MSIVa,Municipal,Primario
114326,2025.0,6.0,1378.0,2976.216,MSIVa,Municipal,Primario
114327,2025.0,6.0,868.0,1546.752,MSIVa,Delegados ,Primario
114328,2025.0,6.0,1694.0,3445.569,MSIVa,Municipal,Primario
114329,2025.0,6.0,1166.0,2361.321,MSIVa,Delegados ,Primario
114330,2025.0,6.0,1724.0,2990.5769999999998,MSIVa,Municipal,Primario
114331,2025.0,6.0,2646.0,5578.782,MSIVa,Municipal,Primario
114332,2025.0,6.0,1692.0,3863.634,MSIVa,Municipal,Primario
114333,2025.0,6.0,568.0,1259.463,MSIVa,Municipal,Primario
114334,2025.0,6.0,1842.0,3759.7709999999997,MSIVa,Municipal,Primario
114401,2025.0,6.0,66.0,201.291,MSIVa,Municipal,Primario
114403,2025.0,6.0,18.0,33.891,MSIVa,Municipal,Primario
114406,2025.0,6.0,74.0,73.554,MSIVa,Municipal,Primario
114407,2025.0,6.0,138.0,256.512,MSIVa,Municipal,Primario
114408,2025.0,6.0,12.0,2.802,MSIVa,Municipal,Primario
114409,,,,1.668,MSIVa,Municipal,Primario
114410,2025.0,6.0,34.0,32.862,MSIVa,Municipal,Primario
114706,2025.0,6.0,476.0,11.688,MSIVa,Municipal,Primario
114714,2025.0,6.0,592.0,590.2379999999999,MSIVa,Municipal,Primario
114796,2025.0,6.0,548.0,17.586,MSIVa,Municipal,Primario
200037,,,,10.239,MSIVa,Municipal,Primario
200080,,,,8.046,MSIVa,Municipal,No Aplica
200188,,,,4.317,MSIVa,Municipal,No Aplica
200210,2025.0,6.0,488.0,892.635,MSIVa,Municipal,Primario
200236,,,,3.906,MSIVa,Municipal,Primario
200265,,,,13.08,MSIVa,Municipal,Primario
200282,,,,0.20700000000000002,MSIVa,Servicio de Salud,Secundario
200304,2025.0,6.0,204.0,199.632,MSIVa,Municipal,Primario
200337,2025.0,6.0,366.0,660.789,MSIVa,Municipal,Primario
200342,2025.0,6.0,84.0,1.6139999999999999,MSIVa,Municipal,Primario
200346,2025.0,6.0,148.0,112.011,MSIVa,Servicio de Salud,Primario
200347,2025.0,6.0,560.0,208.12199999999999,MSIVa,Municipal,Primario
200360,2025.0,6.0,242.0,383.622,MSIVa,Municipal,Primario
200361,2025.0,6.0,854.0,1070.439,MSIVa,Municipal,Primario
200365,2025.0,6.0,224.0,40.83,MSIVa,Municipal,Primario
200377,2025.0,6.0,184.0,368.388,MSIVa,Municipal,Primario
200385,2025.0,6.0,138.0,120.963,MSIVa,Municipal,Primario
200454,2025.0,6.0,284.0,167.316,MSIVa,Municipal,Primario
200475,2025.0,6.0,398.0,,MSIVa,Municipal,Primario
200554,2025.0,6.0,406.0,94.56,MSIVa,Municipal,Primario
200609,2025.0,6.0,512.0,84.435,MSIVa,Municipal,Primario
200643,2025.0,6.0,180.0,23.052,MSIVa,Municipal,Primario
200961,2025.0,6.0,670.0,1119.42,MSIVa,Municipal,Primario
200962,2025.0,6.0,480.0,543.411,MSIVa,Municipal,Primario
200965,2025.0,6.0,664.0,1202.5439999999999,MSIVa,Municipal,Primario
201091,2025.0,6.0,2076.0,2909.154,MSIVa,Municipal,Primario
201112,2025.0,6.0,2792.0,3562.23,MSIVa,Municipal,Primario
201129,2025.0,6.0,162.0,45.24,MSIVa,Municipal,Primario
201212,2025.0,6.0,522.0,,MSIVa,Municipal,Primario
201353,2025.0,6.0,28.0,,MSIVa,Municipal,Primario
201462,2025.0,6.0,974.0,504.58799999999997,MSIVa,Municipal,Primario
201674,2025.0,6.0,580.0,,MSIVa,Municipal,Primario
311001,,,,995.502,MSIVa,,
109104,2025.0,6.0,902.0,832.0,MSIVb,Servicio de Salud,Primario
109300,2025.0,6.0,4060.0,5600.0,MSIVb,Municipal,Primario
109301,2025.0,6.0,2718.0,4276.0,MSIVb,Municipal,Primario
109302,2025.0,6.0,2510.0,3352.0,MSIVb,Municipal,Primario
109303,2025.0,6.0,3910.0,4352.0,MSIVb,Municipal,Primario
109304,2025.0,6.0,1116.0,1426.0,MSIVb,Municipal,Primario
109305,2025.0,6.0,3286.0,3860.0,MSIVb,Municipal,Primario
109307,2025.0,6.0,2896.0,3606.0,MSIVb,Municipal,Primario
109308,2025.0,6.0,3406.0,3834.0,MSIVb,Municipal,Primario
109309,2025.0,6.0,2296.0,3298.0,MSIVb,Municipal,Primario
109310,2025.0,6.0,4486.0,4740.0,MSIVb,Municipal,Primario
109311,2025.0,6.0,2928.0,3714.0,MSIVb,Municipal,Primario
109312,2025.0,6.0,1498.0,1596.0,MSIVb,Municipal,Primario
109313,2025.0,6.0,3988.0,4704.0,MSIVb,Municipal,Primario
109314,2025.0,6.0,3694.0,4126.0,MSIVb,Municipal,Primario
109315,2025.0,6.0,3364.0,4090.0,MSIVb,Municipal,Primario
109316,2025.0,6.0,2920.0,3210.0,MSIVb,Municipal,Primario
109317,2025.0,6.0,1504.0,1784.0,MSIVb,Municipal,Primario
109320,2025.0,6.0,508.0,604.0,MSIVb,Municipal,Primario
109321,2025.0,6.0,2190.0,2724.0,MSIVb,Municipal,Primario
109323,2025.0,6.0,1948.0,2516.0,MSIVb,Municipal,Primario
109324,2025.0,6.0,3644.0,4296.0,MSIVb,Municipal,Primario
109390,2025.0,6.0,3738.0,4024.0,MSIVb,Otra Institución,Primario
109410,2025.0,6.0,42.0,86.0,MSIVb,Municipal,Primario
109412,2025.0,6.0,54.0,86.0,MSIVb,Municipal,Primario
109413,2025.0,6.0,52.0,94.0,MSIVb,Municipal,Primario
109414,2025.0,6.0,234.0,350.0,MSIVb,Municipal,Primario
109416,2025.0,6.0,170.0,182.0,MSIVb,Municipal,Primario
109417,2025.0,6.0,272.0,300.0,MSIVb,Municipal,Primario
109418,2025.0,6.0,282.0,296.0,MSIVb,Municipal,Primario
109419,2025.0,6.0,246.0,268.0,MSIVb,Municipal,Primario
109420,2025.0,6.0,198.0,204.0,MSIVb,Municipal,Primario
109709,2025.0,6.0,414.0,1740.0,MSIVb,Municipal,Primario
109711,2025.0,6.0,738.0,748.0,MSIVb,Municipal,Primario
109712,2025.0,6.0,554.0,646.0,MSIVb,Municipal,Primario
109713,2025.0,6.0,470.0,524.0,MSIVb,Municipal,Primario
109715,2025.0,6.0,258.0,282.0,MSIVb,Municipal,Primario
109716,2025.0,6.0,284.0,292.0,MSIVb,Municipal,Primario
109718,2025.0,6.0,820.0,1080.0,MSIVb,Municipal,Primario
110130,2025.0,6.0,844.0,1046.0,MSIVb,Servicio de Salud,Terciario
110140,2025.0,6.0,814.0,954.0,MSIVb,Servicio de Salud,Terciario
110150,2025.0,6.0,40.0,1418.0,MSIVb,Servicio de Salud,Terciario
110160,2025.0,6.0,3154.0,3556.0,MSIVb,Servicio de Salud,Primario
110300,2025.0,6.0,1998.0,2016.0,MSIVb,Servicio de Salud,Secundario
110308,2025.0,6.0,4192.0,4770.0,MSIVb,Municipal,Primario
110310,2025.0,6.0,2494.0,2612.0,MSIVb,Servicio de Salud,Primario
110315,2025.0,6.0,3212.0,4088.0,MSIVb,Municipal,Primario
110316,2025.0,6.0,3090.0,4562.0,MSIVb,Municipal,Primario
110320,2025.0,6.0,3598.0,4244.0,MSIVb,Municipal,Primario
110325,2025.0,6.0,1564.0,3416.0,MSIVb,Municipal,Primario
110330,2025.0,6.0,3940.0,4592.0,MSIVb,Municipal,Primario
110331,2025.0,6.0,2030.0,2936.0,MSIVb,Municipal,Primario
110335,2025.0,6.0,3314.0,3888.0,MSIVb,Municipal,Primario
110340,2025.0,6.0,3824.0,4888.0,MSIVb,Municipal,Primario
110345,2025.0,6.0,2780.0,3708.0,MSIVb,Municipal,Primario
110350,2025.0,6.0,4618.0,6002.0,MSIVb,Municipal,Primario
110351,2025.0,6.0,4606.0,4792.0,MSIVb,Municipal,Primario
110352,2025.0,6.0,3900.0,4366.0,MSIVb,Municipal,Primario
110353,2025.0,6.0,2656.0,2764.0,MSIVb,Municipal,Primario
110354,2025.0,6.0,3320.0,3978.0,MSIVb,Municipal,Primario
110355,2025.0,6.0,3474.0,4168.0,MSIVb,Municipal,Primario
110360,2025.0,6.0,4764.0,5250.0,MSIVb,Municipal,Primario
110361,2025.0,6.0,2202.0,2900.0,MSIVb,Municipal,Primario
110362,2025.0,6.0,3390.0,3790.0,MSIVb,Municipal,Primario
110364,2025.0,6.0,1626.0,1918.0,MSIVb,Municipal,Primario
110366,2025.0,6.0,7172.0,7206.0,MSIVb,Municipal,Primario
110369,2025.0,6.0,4128.0,4918.0,MSIVb,Municipal,Primario
110370,2025.0,6.0,3392.0,3394.0,MSIVb,Municipal,Primario
110375,2025.0,6.0,1802.0,2014.0,MSIVb,Municipal,Primario
110378,2025.0,6.0,3578.0,3990.0,MSIVb,Municipal,Primario
110379,2025.0,6.0,2946.0,3512.0,MSIVb,Municipal,Primario
110380,2025.0,6.0,1136.0,1520.0,MSIVb,Municipal,Primario
110381,2025.0,6.0,820.0,914.0,MSIVb,Municipal,Primario
110385,2025.0,6.0,906.0,1178.0,MSIVb,Municipal,Primario
110387,2025.0,6.0,898.0,992.0,MSIVb,Municipal,Primario
110390,2025.0,6.0,5822.0,8760.0,MSIVb,Municipal,Primario
110393,2025.0,6.0,712.0,1012.0,MSIVb,Municipal,Primario
110400,2025.0,6.0,448.0,636.0,MSIVb,Municipal,Primario
110410,2025.0,6.0,438.0,572.0,MSIVb,Municipal,Primario
110425,2025.0,6.0,1076.0,1174.0,MSIVb,Municipal,Primario
110430,2025.0,6.0,256.0,284.0,MSIVb,Municipal,Primario
110431,2025.0,6.0,284.0,300.0,MSIVb,Municipal,Primario
110432,2025.0,6.0,182.0,212.0,MSIVb,Municipal,Primario
110440,2025.0,6.0,840.0,930.0,MSIVb,Municipal,Primario
110445,2025.0,6.0,320.0,548.0,MSIVb,Municipal,Primario
110455,2025.0,6.0,372.0,392.0,MSIVb,Municipal,Primario
110465,2025.0,6.0,354.0,396.0,MSIVb,Municipal,Primario
110470,2025.0,6.0,146.0,170.0,MSIVb,Municipal,Primario
110475,2025.0,6.0,388.0,500.0,MSIVb,Municipal,Primario
110485,2025.0,6.0,192.0,264.0,MSIVb,Municipal,Primario
110490,2025.0,6.0,24.0,38.0,MSIVb,Municipal,Primario
110492,2025.0,6.0,84.0,108.0,MSIVb,Municipal,Primario
110495,2025.0,6.0,126.0,126.0,MSIVb,Municipal,Primario
110503,2025.0,6.0,252.0,316.0,MSIVb,Municipal,Primario
110505,2025.0,6.0,56.0,66.0,MSIVb,Municipal,Primario
110510,2025.0,6.0,104.0,120.0,MSIVb,Municipal,Primario
110720,2025.0,6.0,554.0,744.0,MSIVb,Municipal,Primario
110725,2025.0,6.0,282.0,590.0,MSIVb,Municipal,Primario
110735,2025.0,6.0,446.0,600.0,MSIVb,Municipal,Primario
110750,2025.0,6.0,270.0,388.0,MSIVb,Municipal,Primario
110752,2025.0,6.0,392.0,420.0,MSIVb,Municipal,Primario
110754,2025.0,6.0,190.0,228.0,MSIVb,Municipal,Primario
110756,2025.0,6.0,272.0,348.0,MSIVb,Municipal,Primario
110758,2025.0,6.0,260.0,358.0,MSIVb,Municipal,Primario
110775,2025.0,6.0,334.0,384.0,MSIVb,Municipal,Primario
110778,2025.0,6.0,758.0,834.0,MSIVb,Municipal,Primario
110781,2025.0,6.0,278.0,280.0,MSIVb,Municipal,Primario
110783,2025.0,6.0,150.0,256.0,MSIVb,Municipal,Primario
111300,2025.0,6.0,3260.0,3546.0,MSIVb,Servicio de Salud,Primario
111301,2025.0,6.0,2648.0,2874.0,MSIVb,Servicio de Salud,Primario
111302,2025.0,6.0,2290.0,2446.0,MSIVb,Servicio de Salud,Primario
111303,2025.0,6.0,1954.0,2134.0,MSIVb,Municipal,Primario
111304,2025.0,6.0,5336.0,5906.0,MSIVb,Servicio de Salud,Primario
111305,2025.0,6.0,3322.0,3686.0,MSIVb,Servicio de Salud,Primario
111306,2025.0,6.0,2948.0,3208.0,MSIVb,Servicio de Salud,Primario
111307,2025.0,6.0,3264.0,4080.0,MSIVb,Servicio de Salud,Primario
111308,2025.0,6.0,3136.0,3876.0,MSIVb,Servicio de Salud,Primario
111309,2025.0,6.0,3190.0,3407.0,MSIVb,Servicio de Salud,Primario
111310,2025.0,6.0,2416.0,2662.0,MSIVb,Servicio de Salud,Primario
111370,2025.0,6.0,3134.0,3818.0,MSIVb,Municipal,Primario
111372,2025.0,6.0,2102.0,2422.0,MSIVb,Municipal,Primario
111376,2025.0,6.0,3020.0,3460.0,MSIVb,Municipal,Primario
111378,2025.0,6.0,3122.0,3212.0,MSIVb,Municipal,Primario
111379,2025.0,6.0,3854.0,4234.0,MSIVb,Municipal,Primario
111380,2025.0,6.0,3928.0,5370.0,MSIVb,Municipal,Primario
111381,2025.0,6.0,4810.0,5574.0,MSIVb,Municipal,Primario
111382,2025.0,6.0,5156.0,6734.0,MSIVb,Municipal,Primario
111383,2025.0,6.0,3700.0,4266.0,MSIVb,Municipal,Primario
111400,2025.0,6.0,122.0,282.0,MSIVb,Servicio de Salud,Primario
111704,2025.0,6.0,152.0,202.0,MSIVb,Servicio de Salud,Primario
111780,2025.0,6.0,76.0,64.0,MSIVb,Servicio de Salud,Primario
111781,2025.0,6.0,396.0,440.0,MSIVb,Servicio de Salud,Primario
111783,2025.0,6.0,832.0,756.0,MSIVb,Municipal,Primario
111784,2025.0,6.0,500.0,526.0,MSIVb,Municipal,Primario
112301,2025.0,6.0,2838.0,3134.0,MSIVb,Municipal,Primario
112302,2025.0,6.0,1670.0,1972.0,MSIVb,Municipal,Primario
112303,2025.0,6.0,2588.0,2778.0,MSIVb,Municipal,Primario
112304,2025.0,6.0,3672.0,5452.0,MSIVb,Municipal,Primario
112306,2025.0,6.0,5420.0,6664.0,MSIVb,Municipal,Primario
112307,2025.0,6.0,3808.0,6062.0,MSIVb,Municipal,Primario
112309,2025.0,6.0,1698.0,2100.0,MSIVb,Municipal,Primario
112310,2025.0,6.0,5154.0,5848.0,MSIVb,Municipal,Primario
112311,2025.0,6.0,5464.0,6580.0,MSIVb,Municipal,Primario
112312,2025.0,6.0,4774.0,5522.0,MSIVb,Municipal,Primario
112313,2025.0,6.0,4894.0,5808.0,MSIVb,Municipal,Primario
112314,2025.0,6.0,3232.0,4642.0,MSIVb,Municipal,Primario
112315,2025.0,6.0,2000.0,2886.0,MSIVb,Municipal,Primario
112316,2025.0,6.0,5192.0,5968.0,MSIVb,Municipal,Primario
112317,2025.0,6.0,2624.0,3292.0,MSIVb,Municipal,Primario
112318,2025.0,6.0,3394.0,4346.0,MSIVb,Municipal,Primario
112319,2025.0,6.0,2898.0,3590.0,MSIVb,Municipal,Primario
112320,2025.0,6.0,1636.0,2254.0,MSIVb,Municipal,Primario
112321,2025.0,6.0,1642.0,2924.0,MSIVb,Municipal,Primario
112322,2025.0,6.0,2430.0,3004.0,MSIVb,Municipal,Primario
112407,2025.0,6.0,,38.0,MSIVb,Municipal,Primario
113100,2025.0,6.0,1518.0,5158.0,MSIVb,Servicio de Salud,Terciario
113130,2025.0,6.0,34.0,34.0,MSIVb,Servicio de Salud,Terciario
113150,2025.0,6.0,,1246.0,MSIVb,Servicio de Salud,Terciario
113180,2025.0,6.0,688.0,3438.0,MSIVb,Servicio de Salud,Terciario
113190,2025.0,6.0,,16.0,MSIVb,Delegados ,Terciario
113300,2025.0,6.0,4020.0,5792.0,MSIVb,Municipal,Primario
113301,2025.0,6.0,2388.0,2552.0,MSIVb,Municipal,Primario
113302,2025.0,6.0,3516.0,4418.0,MSIVb,Municipal,Primario
113303,2025.0,6.0,4378.0,4600.0,MSIVb,Municipal,Primario
113305,2025.0,6.0,1940.0,2266.0,MSIVb,Municipal,Primario
113306,2025.0,6.0,3180.0,3386.0,MSIVb,Municipal,Primario
113307,2025.0,6.0,3392.0,4222.0,MSIVb,Municipal,Primario
113308,2025.0,6.0,2966.0,3280.0,MSIVb,Municipal,Primario
113309,2025.0,6.0,3796.0,3914.0,MSIVb,Municipal,Primario
113310,2025.0,6.0,2864.0,3434.0,MSIVb,Municipal,Primario
113311,2025.0,6.0,4618.0,4906.0,MSIVb,Municipal,Primario
113312,2025.0,6.0,3750.0,4448.0,MSIVb,Municipal,Primario
113313,2025.0,6.0,3248.0,4618.0,MSIVb,Municipal,Primario
113314,2025.0,6.0,3932.0,4316.0,MSIVb,Municipal,Primario
113315,2025.0,6.0,2314.0,2944.0,MSIVb,Municipal,Primario
113316,2025.0,6.0,3612.0,4220.0,MSIVb,Municipal,Primario
113317,2025.0,6.0,2706.0,3036.0,MSIVb,Municipal,Primario
113318,2025.0,6.0,5210.0,5690.0,MSIVb,Municipal,Primario
113319,2025.0,6.0,2264.0,2612.0,MSIVb,Municipal,Primario
113320,2025.0,6.0,1624.0,1694.0,MSIVb,Municipal,Primario
113321,2025.0,6.0,1112.0,1166.0,MSIVb,Municipal,Primario
113322,2025.0,6.0,2750.0,3372.0,MSIVb,Municipal,Primario
113323,2025.0,6.0,2362.0,2686.0,MSIVb,Municipal,Primario
113324,2025.0,6.0,3538.0,4268.0,MSIVb,Municipal,Primario
113326,2025.0,6.0,2842.0,2970.0,MSIVb,Municipal,Primario
113328,2025.0,6.0,3974.0,4848.0,MSIVb,Municipal,Primario
113329,2025.0,6.0,3234.0,3720.0,MSIVb,Municipal,Primario
113330,2025.0,6.0,3322.0,3892.0,MSIVb,Municipal,Primario
113331,2025.0,6.0,3960.0,4032.0,MSIVb,Municipal,Primario
113332,2025.0,6.0,3202.0,3588.0,MSIVb,Municipal,Primario
113333,2025.0,6.0,1380.0,1420.0,MSIVb,Municipal,Primario
113334,2025.0,6.0,1354.0,1404.0,MSIVb,Municipal,Primario
113390,2025.0,6.0,4286.0,4532.0,MSIVb,Municipal,Primario
113394,2025.0,6.0,1872.0,2554.0,MSIVb,Municipal,Primario
113396,2025.0,6.0,2490.0,2772.0,MSIVb,Municipal,Primario
113402,2025.0,6.0,788.0,812.0,MSIVb,Municipal,Primario
113404,2025.0,6.0,458.0,458.0,MSIVb,Municipal,Primario
113405,2025.0,6.0,494.0,506.0,MSIVb,Municipal,Primario
113406,2025.0,6.0,212.0,276.0,MSIVb,Municipal,Primario
113407,2025.0,6.0,398.0,416.0,MSIVb,Municipal,Primario
113408,2025.0,6.0,428.0,498.0,MSIVb,Municipal,Primario
113409,2025.0,6.0,1368.0,1372.0,MSIVb,Municipal,Primario
113410,2025.0,6.0,166.0,200.0,MSIVb,Municipal,Primario
113411,2025.0,6.0,430.0,506.0,MSIVb,Municipal,Primario
113412,2025.0,6.0,340.0,344.0,MSIVb,Municipal,Primario
113701,2025.0,6.0,676.0,726.0,MSIVb,Municipal,Primario
113702,2025.0,6.0,520.0,536.0,MSIVb,Municipal,Primario
113703,2025.0,6.0,824.0,890.0,MSIVb,Municipal,Primario
113713,2025.0,6.0,414.0,480.0,MSIVb,Municipal,Primario
113716,2025.0,6.0,682.0,720.0,MSIVb,Municipal,Primario
113717,2025.0,6.0,542.0,608.0,MSIVb,Municipal,Primario
113722,2025.0,6.0,692.0,848.0,MSIVb,Municipal,Primario
113728,2025.0,6.0,696.0,870.0,MSIVb,Municipal,Primario
113753,2025.0,6.0,558.0,568.0,MSIVb,Municipal,Primario
113790,2025.0,6.0,804.0,814.0,MSIVb,Municipal,Primario
114102,2025.0,6.0,1474.0,1494.0,MSIVb,Servicio de Salud,Terciario
114301,2025.0,6.0,7238.0,12960.0,MSIVb,Municipal,Primario
114302,2025.0,6.0,3668.0,4342.0,MSIVb,Municipal,Primario
114303,2025.0,6.0,4006.0,5396.0,MSIVb,Municipal,Primario
114304,2025.0,6.0,3740.0,4834.0,MSIVb,Municipal,Primario
114305,2025.0,6.0,4844.0,6200.0,MSIVb,Municipal,Primario
114306,2025.0,6.0,4034.0,4490.0,MSIVb,Municipal,Primario
114307,2025.0,6.0,3434.0,4186.0,MSIVb,Municipal,Primario
114308,2025.0,6.0,3334.0,3430.0,MSIVb,Municipal,Primario
114309,2025.0,6.0,3160.0,3932.0,MSIVb,Municipal,Primario
114310,2025.0,6.0,1346.0,1788.0,MSIVb,Municipal,Primario
114311,2025.0,6.0,2660.0,2914.0,MSIVb,Municipal,Primario
114312,2025.0,6.0,4188.0,7914.0,MSIVb,Municipal,Primario
114313,2025.0,6.0,1480.0,2256.0,MSIVb,Municipal,Primario
114314,2025.0,6.0,2954.0,3504.0,MSIVb,Municipal,Primario
114315,2025.0,6.0,1900.0,2440.0,MSIVb,Municipal,Primario
114316,2025.0,6.0,3322.0,5552.0,MSIVb,Municipal,Primario
114317,2025.0,6.0,3104.0,3120.0,MSIVb,Municipal,Primario
114318,2025.0,6.0,1688.0,1706.0,MSIVb,Municipal,Primario
114319,2025.0,6.0,4310.0,5078.0,MSIVb,Municipal,Primario
114320,2025.0,6.0,3172.0,8376.0,MSIVb,Municipal,Primario
114321,2025.0,6.0,2516.0,6098.0,MSIVb,Municipal,Primario
114322,2025.0,6.0,5148.0,11122.0,MSIVb,Municipal,Primario
114323,2025.0,6.0,2406.0,2574.0,MSIVb,Delegados ,Primario
114324,2025.0,6.0,3360.0,4404.0,MSIVb,Municipal,Primario
114325,2025.0,6.0,2634.0,4210.0,MSIVb,Municipal,Primario
114326,2025.0,6.0,2034.0,5624.0,MSIVb,Municipal,Primario
114327,2025.0,6.0,2178.0,2322.0,MSIVb,Delegados ,Primario
114328,2025.0,6.0,2094.0,3710.0,MSIVb,Municipal,Primario
114329,2025.0,6.0,2524.0,2694.0,MSIVb,Delegados ,Primario
114330,2025.0,6.0,2800.0,3898.0,MSIVb,Municipal,Primario
114331,2025.0,6.0,3824.0,6254.0,MSIVb,Municipal,Primario
114332,2025.0,6.0,2228.0,6104.0,MSIVb,Municipal,Primario
114333,2025.0,6.0,824.0,1784.0,MSIVb,Municipal,Primario
114334,2025.0,6.0,2760.0,3366.0,MSIVb,Municipal,Primario
114401,2025.0,6.0,226.0,236.0,MSIVb,Municipal,Primario
114403,2025.0,6.0,50.0,54.0,MSIVb,Municipal,Primario
114406,2025.0,6.0,144.0,156.0,MSIVb,Municipal,Primario
114407,2025.0,6.0,262.0,314.0,MSIVb,Municipal,Primario
114408,2025.0,6.0,18.0,18.0,MSIVb,Municipal,Primario
114410,2025.0,6.0,78.0,92.0,MSIVb,Municipal,Primario
114706,2025.0,6.0,618.0,722.0,MSIVb,Municipal,Primario
114714,2025.0,6.0,878.0,1114.0,MSIVb,Municipal,Primario
114796,2025.0,6.0,780.0,888.0,MSIVb,Municipal,Primario
200210,2025.0,6.0,908.0,982.0,MSIVb,Municipal,Primario
200304,2025.0,6.0,288.0,518.0,MSIVb,Municipal,Primario
200337,2025.0,6.0,652.0,738.0,MSIVb,Municipal,Primario
200342,2025.0,6.0,94.0,332.0,MSIVb,Municipal,Primario
200346,2025.0,6.0,246.0,290.0,MSIVb,Servicio de Salud,Primario
200347,2025.0,6.0,802.0,958.0,MSIVb,Municipal,Primario
200360,2025.0,6.0,396.0,426.0,MSIVb,Municipal,Primario
200361,2025.0,6.0,1400.0,1714.0,MSIVb,Municipal,Primario
200365,2025.0,6.0,338.0,588.0,MSIVb,Municipal,Primario
200377,2025.0,6.0,424.0,484.0,MSIVb,Municipal,Primario
200385,2025.0,6.0,222.0,252.0,MSIVb,Municipal,Primario
200454,2025.0,6.0,554.0,618.0,MSIVb,Municipal,Primario
200475,2025.0,6.0,612.0,750.0,MSIVb,Municipal,Primario
200554,2025.0,6.0,488.0,790.0,MSIVb,Municipal,Primario
200609,2025.0,6.0,712.0,786.0,MSIVb,Municipal,Primario
200643,2025.0,6.0,328.0,400.0,MSIVb,Municipal,Primario
200961,2025.0,6.0,996.0,1152.0,MSIVb,Municipal,Primario
200962,2025.0,6.0,656.0,802.0,MSIVb,Municipal,Primario
200965,2025.0,6.0,1362.0,1510.0,MSIVb,Municipal,Primario
201091,2025.0,6.0,4994.0,5680.0,MSIVb,Municipal,Primario
201112,2025.0,6.0,2628.0,4008.0,MSIVb,Municipal,Primario
201129,2025.0,6.0,374.0,390.0,MSIVb,Municipal,Primario
201212,2025.0,6.0,1134.0,1344.0,MSIVb,Municipal,Primario
201353,2025.0,6.0,106.0,120.0,MSIVb,Municipal,Primario
201462,2025.0,6.0,2060.0,2192.0,MSIVb,Municipal,Primario
201674,2025.0,6.0,1118.0,1250.0,MSIVb,Municipal,Primario
109104,2025.0,6.0,180.0,,MSV,Servicio de Salud,Primario
109300,2025.0,6.0,7598.0,14887.542,MSV,Municipal,Primario
109301,2025.0,6.0,3928.0,9986.348,MSV,Municipal,Primario
109302,2025.0,6.0,4330.0,8056.762,MSV,Municipal,Primario
109303,2025.0,6.0,6772.0,7822.551,MSV,Municipal,Primario
109304,2025.0,6.0,1854.0,2908.016,MSV,Municipal,Primario
109305,2025.0,6.0,5172.0,6715.025,MSV,Municipal,Primario
109307,2025.0,6.0,4722.0,6656.311,MSV,Municipal,Primario
109308,2025.0,6.0,5514.0,7809.688,MSV,Municipal,Primario
109309,2025.0,6.0,3514.0,7141.138,MSV,Municipal,Primario
109310,2025.0,6.0,6428.0,13915.085,MSV,Municipal,Primario
109311,2025.0,6.0,4216.0,8602.244,MSV,Municipal,Primario
109312,2025.0,6.0,1928.0,3511.987,MSV,Municipal,Primario
109313,2025.0,6.0,6338.0,8412.336,MSV,Municipal,Primario
109314,2025.0,6.0,6012.0,7307.794,MSV,Municipal,Primario
109315,2025.0,6.0,5934.0,9780.375,MSV,Municipal,Primario
109316,2025.0,6.0,3896.0,10613.842,MSV,Municipal,Primario
109317,2025.0,6.0,2738.0,3115.3070000000002,MSV,Municipal,Primario
109320,2025.0,6.0,922.0,3097.161,MSV,Municipal,Primario
109321,2025.0,6.0,4398.0,7061.188,MSV,Municipal,Primario
109323,2025.0,6.0,3232.0,4394.747,MSV,Municipal,Primario
109324,2025.0,6.0,6570.0,10748.835000000001,MSV,Municipal,Primario
109390,2025.0,6.0,4720.0,7087.946,MSV,Otra Institución,Primario
109407,,,,2300.808,MSV,,
109410,2025.0,6.0,128.0,156.219,MSV,Municipal,Primario
109412,2025.0,6.0,146.0,125.828,MSV,Municipal,Primario
109413,2025.0,6.0,140.0,121.823,MSV,Municipal,Primario
109414,2025.0,6.0,328.0,430.23199999999997,MSV,Municipal,Primario
109416,2025.0,6.0,188.0,6.1,MSV,Municipal,Primario
109417,2025.0,6.0,336.0,12.391,MSV,Municipal,Primario
109418,2025.0,6.0,366.0,18.612000000000002,MSV,Municipal,Primario
109419,2025.0,6.0,474.0,18.062,MSV,Municipal,Primario
109420,2025.0,6.0,286.0,10.568999999999999,MSV,Municipal,Primario
109709,2025.0,6.0,1314.0,1261.875,MSV,Municipal,Primario
109711,2025.0,6.0,782.0,1150.049,MSV,Municipal,Primario
109712,2025.0,6.0,990.0,1260.931,MSV,Municipal,Primario
109713,2025.0,6.0,748.0,675.604,MSV,Municipal,Primario
109715,2025.0,6.0,474.0,682.295,MSV,Municipal,Primario
109716,2025.0,6.0,326.0,189.413,MSV,Municipal,Primario
109718,2025.0,6.0,1258.0,2135.89,MSV,Municipal,Primario
110130,2025.0,6.0,560.0,,MSV,Servicio de Salud,Terciario
110140,2025.0,6.0,476.0,,MSV,Servicio de Salud,Terciario
110150,2025.0,6.0,504.0,,MSV,Servicio de Salud,Terciario
110160,2025.0,6.0,5522.0,5458.149,MSV,Servicio de Salud,Primario
110300,2025.0,6.0,966.0,1.008,MSV,Servicio de Salud,Secundario
110308,2025.0,6.0,6176.0,10442.585,MSV,Municipal,Primario
110310,2025.0,6.0,4488.0,6668.525,MSV,Servicio de Salud,Primario
110315,2025.0,6.0,6472.0,9590.265,MSV,Municipal,Primario
110316,2025.0,6.0,5650.0,7912.033,MSV,Municipal,Primario
110320,2025.0,6.0,4664.0,10033.91,MSV,Municipal,Primario
110325,2025.0,6.0,4470.0,8797.599,MSV,Municipal,Primario
110330,2025.0,6.0,4972.0,9611.954,MSV,Municipal,Primario
110331,2025.0,6.0,3618.0,5325.488,MSV,Municipal,Primario
110335,2025.0,6.0,4508.0,8073.849,MSV,Municipal,Primario
110340,2025.0,6.0,7756.0,10257.468,MSV,Municipal,Primario
110345,2025.0,6.0,5320.0,7573.117,MSV,Municipal,Primario
110350,2025.0,6.0,6952.0,15107.058,MSV,Municipal,Primario
110351,2025.0,6.0,6124.0,9915.026,MSV,Municipal,Primario
110352,2025.0,6.0,5728.0,8815.411,MSV,Municipal,Primario
110353,2025.0,6.0,3506.0,5767.527,MSV,Municipal,Primario
110354,2025.0,6.0,6620.0,12704.034,MSV,Municipal,Primario
110355,2025.0,6.0,5512.0,8701.554,MSV,Municipal,Primario
110360,2025.0,6.0,6390.0,15661.912,MSV,Municipal,Primario
110361,2025.0,6.0,3360.0,6842.4890000000005,MSV,Municipal,Primario
110362,2025.0,6.0,5142.0,7274.284,MSV,Municipal,Primario
110364,2025.0,6.0,2262.0,4367.545,MSV,Municipal,Primario
110366,2025.0,6.0,9400.0,13372.588,MSV,Municipal,Primario
110369,2025.0,6.0,6614.0,10161.206,MSV,Municipal,Primario
110370,2025.0,6.0,4700.0,7970.965,MSV,Municipal,Primario
110375,2025.0,6.0,2772.0,6414.837,MSV,Municipal,Primario
110378,2025.0,6.0,4982.0,8956.551,MSV,Municipal,Primario
110379,2025.0,6.0,5244.0,8919.682,MSV,Municipal,Primario
110380,2025.0,6.0,1778.0,3105.063,MSV,Municipal,Primario
110381,2025.0,6.0,1402.0,1636.265,MSV,Municipal,Primario
110385,2025.0,6.0,1756.0,2098.469,MSV,Municipal,Primario
110387,2025.0,6.0,1150.0,2664.295,MSV,Municipal,Primario
110390,2025.0,6.0,9940.0,14618.538,MSV,Municipal,Primario
110393,2025.0,6.0,1476.0,1819.229,MSV,Municipal,Primario
110400,2025.0,6.0,912.0,137.389,MSV,Municipal,Primario
110410,2025.0,6.0,688.0,104.712,MSV,Municipal,Primario
110425,2025.0,6.0,1412.0,1269.522,MSV,Municipal,Primario
110430,2025.0,6.0,308.0,155.56,MSV,Municipal,Primario
110431,2025.0,6.0,358.0,193.401,MSV,Municipal,Primario
110432,2025.0,6.0,288.0,175.343,MSV,Municipal,Primario
110440,2025.0,6.0,1328.0,1838.6390000000001,MSV,Municipal,Primario
110445,2025.0,6.0,786.0,1275.887,MSV,Municipal,Primario
110455,2025.0,6.0,556.0,456.099,MSV,Municipal,Primario
110465,2025.0,6.0,496.0,811.151,MSV,Municipal,Primario
110470,2025.0,6.0,348.0,417.038,MSV,Municipal,Primario
110475,2025.0,6.0,598.0,830.814,MSV,Municipal,Primario
110477,,,,269.245,MSV,Servicio de Salud,Primario
110485,2025.0,6.0,402.0,252.008,MSV,Municipal,Primario
110490,2025.0,6.0,80.0,120.968,MSV,Municipal,Primario
110492,2025.0,6.0,188.0,122.569,MSV,Municipal,Primario
110495,2025.0,6.0,214.0,221.447,MSV,Municipal,Primario
110503,2025.0,6.0,378.0,191.155,MSV,Municipal,Primario
110505,2025.0,6.0,130.0,7.359,MSV,Municipal,Primario
110510,2025.0,6.0,268.0,19.951999999999998,MSV,Municipal,Primario
110515,,,,3.074,MSV,,
110627,,,,0.007,MSV,Municipal,Secundario
110720,2025.0,6.0,812.0,3.09,MSV,Municipal,Primario
110725,2025.0,6.0,712.0,3.428,MSV,Municipal,Primario
110735,2025.0,6.0,698.0,20.658,MSV,Municipal,Primario
110750,2025.0,6.0,384.0,47.246,MSV,Municipal,Primario
110752,2025.0,6.0,598.0,132.021,MSV,Municipal,Primario
110754,2025.0,6.0,350.0,63.149,MSV,Municipal,Primario
110756,2025.0,6.0,504.0,125.04899999999999,MSV,Municipal,Primario
110758,2025.0,6.0,482.0,103.835,MSV,Municipal,Primario
110760,,,,534.313,MSV,Servicio de Salud,Primario
110775,2025.0,6.0,432.0,293.19599999999997,MSV,Municipal,Primario
110778,2025.0,6.0,882.0,994.446,MSV,Municipal,Primario
110781,2025.0,6.0,374.0,418.893,MSV,Municipal,Primario
110783,2025.0,6.0,356.0,348.694,MSV,Municipal,Primario
111300,2025.0,6.0,5824.0,14007.016,MSV,Servicio de Salud,Primario
111301,2025.0,6.0,3746.0,7006.994,MSV,Servicio de Salud,Primario
111302,2025.0,6.0,2840.0,5393.53,MSV,Servicio de Salud,Primario
111303,2025.0,6.0,2638.0,4200.767,MSV,Municipal,Primario
111304,2025.0,6.0,7506.0,14415.016,MSV,Servicio de Salud,Primario
111305,2025.0,6.0,6856.0,7368.652,MSV,Servicio de Salud,Primario
111306,2025.0,6.0,4078.0,7805.671,MSV,Servicio de Salud,Primario
111307,2025.0,6.0,5444.0,6518.4710000000005,MSV,Servicio de Salud,Primario
111308,2025.0,6.0,5740.0,8772.047,MSV,Servicio de Salud,Primario
111309,2025.0,6.0,4526.0,6076.379,MSV,Servicio de Salud,Primario
111310,2025.0,6.0,3808.0,9418.3,MSV,Servicio de Salud,Primario
111351,,,,91.176,MSV,Servicio de Salud,Secundario
111370,2025.0,6.0,6564.0,11903.618,MSV,Municipal,Primario
111372,2025.0,6.0,4004.0,5514.257,MSV,Municipal,Primario
111376,2025.0,6.0,5258.0,8508.461,MSV,Municipal,Primario
111378,2025.0,6.0,5172.0,8651.264,MSV,Municipal,Primario
111379,2025.0,6.0,6920.0,11355.275,MSV,Municipal,Primario
111380,2025.0,6.0,4964.0,9940.451,MSV,Municipal,Primario
111381,2025.0,6.0,9424.0,19137.961,MSV,Municipal,Primario
111382,2025.0,6.0,9938.0,13209.727,MSV,Municipal,Primario
111383,2025.0,6.0,6540.0,8087.785,MSV,Municipal,Primario
111400,2025.0,6.0,290.0,7.5649999999999995,MSV,Servicio de Salud,Primario
111704,2025.0,6.0,220.0,42.67,MSV,Servicio de Salud,Primario
111780,2025.0,6.0,162.0,40.804,MSV,Servicio de Salud,Primario
111781,2025.0,6.0,712.0,11.65,MSV,Servicio de Salud,Primario
111782,,,,236.88,MSV,,
111783,2025.0,6.0,450.0,936.697,MSV,Municipal,Primario
111784,2025.0,6.0,770.0,396.631,MSV,Municipal,Primario
112300,,,,1.877,MSV,Servicio de Salud,Secundario
112301,2025.0,6.0,5968.0,9851.639,MSV,Municipal,Primario
112302,2025.0,6.0,3940.0,5393.302,MSV,Municipal,Primario
112303,2025.0,6.0,6754.0,9265.613,MSV,Municipal,Primario
112304,2025.0,6.0,9028.0,12454.476,MSV,Municipal,Primario
112306,2025.0,6.0,12168.0,17552.548,MSV,Municipal,Primario
112307,2025.0,6.0,6590.0,12026.852,MSV,Municipal,Primario
112309,2025.0,6.0,4020.0,7707.0470000000005,MSV,Municipal,Primario
112310,2025.0,6.0,10380.0,14223.831,MSV,Municipal,Primario
112311,2025.0,6.0,13004.0,16633.094,MSV,Municipal,Primario
112312,2025.0,6.0,9182.0,12820.028,MSV,Municipal,Primario
112313,2025.0,6.0,10474.0,12212.936,MSV,Municipal,Primario
112314,2025.0,6.0,8062.0,9702.344000000001,MSV,Municipal,Primario
112315,2025.0,6.0,4492.0,5863.729,MSV,Municipal,Primario
112316,2025.0,6.0,10088.0,11958.421,MSV,Municipal,Primario
112317,2025.0,6.0,6760.0,3717.536,MSV,Municipal,Primario
112318,2025.0,6.0,5852.0,6874.874,MSV,Municipal,Primario
112319,2025.0,6.0,6648.0,10376.272,MSV,Municipal,Primario
112320,2025.0,6.0,3360.0,4523.851,MSV,Municipal,Primario
112321,2025.0,6.0,4198.0,5491.073,MSV,Municipal,Primario
112322,2025.0,6.0,4346.0,5677.085,MSV,Municipal,Primario
112323,,,,5.566,MSV,Municipal,No Aplica
112407,2025.0,6.0,44.0,3.122,MSV,Municipal,Primario
112707,,,,398.587,MSV,Municipal,Primario
112716,,,,61.098,MSV,Municipal,Primario
112717,,,,5131.738,MSV,Municipal,Primario
112799,,,,2.729,MSV,Municipal,Primario
113100,2025.0,6.0,46.0,,MSV,Servicio de Salud,Terciario
113150,2025.0,6.0,1280.0,,MSV,Servicio de Salud,Terciario
113180,2025.0,6.0,2146.0,,MSV,Servicio de Salud,Terciario
113181,,,,4.647,MSV,Servicio de Salud,Secundario
113300,2025.0,6.0,8312.0,13807.814,MSV,Municipal,Primario
113301,2025.0,6.0,3920.0,5406.6449999999995,MSV,Municipal,Primario
113302,2025.0,6.0,6338.0,10431.089,MSV,Municipal,Primario
113303,2025.0,6.0,6902.0,9610.11,MSV,Municipal,Primario
113304,,,,160.422,MSV,Municipal,Primario
113305,2025.0,6.0,2844.0,4259.195,MSV,Municipal,Primario
113306,2025.0,6.0,4888.0,7016.091,MSV,Municipal,Primario
113307,2025.0,6.0,6344.0,7868.829,MSV,Municipal,Primario
113308,2025.0,6.0,4018.0,6572.681,MSV,Municipal,Primario
113309,2025.0,6.0,4798.0,6880.665,MSV,Municipal,Primario
113310,2025.0,6.0,5054.0,6707.874,MSV,Municipal,Primario
113311,2025.0,6.0,7774.0,10667.868,MSV,Municipal,Primario
113312,2025.0,6.0,6232.0,8735.708,MSV,Municipal,Primario
113313,2025.0,6.0,7384.0,11028.905,MSV,Municipal,Primario
113314,2025.0,6.0,6064.0,7791.382,MSV,Municipal,Primario
113315,2025.0,6.0,3586.0,5797.038,MSV,Municipal,Primario
113316,2025.0,6.0,6548.0,9187.508,MSV,Municipal,Primario
113317,2025.0,6.0,3918.0,6580.166,MSV,Municipal,Primario
113318,2025.0,6.0,7752.0,9077.279,MSV,Municipal,Primario
113319,2025.0,6.0,3620.0,3896.386,MSV,Municipal,Primario
113320,2025.0,6.0,2634.0,3607.616,MSV,Municipal,Primario
113321,2025.0,6.0,1702.0,2188.621,MSV,Municipal,Primario
113322,2025.0,6.0,4940.0,7365.305,MSV,Municipal,Primario
113323,2025.0,6.0,3258.0,4776.565,MSV,Municipal,Primario
113324,2025.0,6.0,5848.0,7326.998,MSV,Municipal,Primario
113326,2025.0,6.0,3458.0,8339.935,MSV,Municipal,Primario
113328,2025.0,6.0,6772.0,9803.803,MSV,Municipal,Primario
113329,2025.0,6.0,4508.0,6163.292,MSV,Municipal,Primario
113330,2025.0,6.0,5350.0,7265.552,MSV,Municipal,Primario
113331,2025.0,6.0,6494.0,7810.226,MSV,Municipal,Primario
113332,2025.0,6.0,5512.0,7849.18,MSV,Municipal,Primario
113333,2025.0,6.0,2554.0,2435.2219999999998,MSV,Municipal,Primario
113334,2025.0,6.0,1948.0,2753.542,MSV,Municipal,Primario
113390,2025.0,6.0,7080.0,10158.623,MSV,Municipal,Primario
113394,2025.0,6.0,2888.0,4645.556,MSV,Municipal,Primario
113396,2025.0,6.0,3476.0,4589.005,MSV,Municipal,Primario
113402,2025.0,6.0,1572.0,1754.106,MSV,Municipal,Primario
113404,2025.0,6.0,794.0,952.414,MSV,Municipal,Primario
113405,2025.0,6.0,888.0,1332.727,MSV,Municipal,Primario
113406,2025.0,6.0,430.0,387.27,MSV,Municipal,Primario
113407,2025.0,6.0,716.0,773.611,MSV,Municipal,Primario
113408,2025.0,6.0,760.0,764.629,MSV,Municipal,Primario
113409,2025.0,6.0,2014.0,2042.666,MSV,Municipal,Primario
113410,2025.0,6.0,296.0,344.144,MSV,Municipal,Primario
113411,2025.0,6.0,778.0,807.637,MSV,Municipal,Primario
113412,2025.0,6.0,500.0,531.336,MSV,Municipal,Primario
113413,,,,24.209,MSV,Municipal,Primario
113701,2025.0,6.0,1154.0,1904.653,MSV,Municipal,Primario
113702,2025.0,6.0,818.0,811.397,MSV,Municipal,Primario
113703,2025.0,6.0,1314.0,1412.665,MSV,Municipal,Primario
113713,2025.0,6.0,542.0,835.868,MSV,Municipal,Primario
113716,2025.0,6.0,1118.0,1386.178,MSV,Municipal,Primario
113717,2025.0,6.0,914.0,983.871,MSV,Municipal,Primario
113722,2025.0,6.0,1032.0,1675.224,MSV,Municipal,Primario
113728,2025.0,6.0,1216.0,1300.098,MSV,Municipal,Primario
113753,2025.0,6.0,978.0,936.25,MSV,Municipal,Primario
113790,2025.0,6.0,1228.0,1192.77,MSV,Municipal,Primario
114010,,,,0.557,MSV,Servicio de Salud,No Aplica
114102,2025.0,6.0,2298.0,1942.252,MSV,Servicio de Salud,Terciario
114150,,,,2.533,MSV,,
114301,2025.0,6.0,11828.0,23413.737,MSV,Municipal,Primario
114302,2025.0,6.0,5550.0,7818.022,MSV,Municipal,Primario
114303,2025.0,6.0,8132.0,14475.783,MSV,Municipal,Primario
114304,2025.0,6.0,4718.0,8759.129,MSV,Municipal,Primario
114305,2025.0,6.0,6502.0,11254.529,MSV,Municipal,Primario
114306,2025.0,6.0,6414.0,12998.366,MSV,Municipal,Primario
114307,2025.0,6.0,4898.0,5978.282,MSV,Municipal,Primario
114308,2025.0,6.0,4040.0,6431.723,MSV,Municipal,Primario
114309,2025.0,6.0,5098.0,7104.618,MSV,Municipal,Primario
114310,2025.0,6.0,3082.0,3094.169,MSV,Municipal,Primario
114311,2025.0,6.0,3740.0,5226.0,MSV,Municipal,Primario
114312,2025.0,6.0,7062.0,12313.311,MSV,Municipal,Primario
114313,2025.0,6.0,1946.0,4162.558,MSV,Municipal,Primario
114314,2025.0,6.0,4924.0,6807.181,MSV,Municipal,Primario
114315,2025.0,6.0,3626.0,4617.51,MSV,Municipal,Primario
114316,2025.0,6.0,6566.0,11334.555,MSV,Municipal,Primario
114317,2025.0,6.0,3238.0,5289.429,MSV,Municipal,Primario
114318,2025.0,6.0,2340.0,2848.984,MSV,Municipal,Primario
114319,2025.0,6.0,4838.0,7736.449,MSV,Municipal,Primario
114320,2025.0,6.0,6308.0,11465.786,MSV,Municipal,Primario
114321,2025.0,6.0,3654.0,7624.191,MSV,Municipal,Primario
114322,2025.0,6.0,8594.0,20862.365999999998,MSV,Municipal,Primario
114323,2025.0,6.0,2792.0,5452.295,MSV,Delegados ,Primario
114324,2025.0,6.0,8024.0,13739.383,MSV,Municipal,Primario
114325,2025.0,6.0,5440.0,10384.579,MSV,Municipal,Primario
114326,2025.0,6.0,2940.0,6561.752,MSV,Municipal,Primario
114327,2025.0,6.0,1794.0,3399.49,MSV,Delegados ,Primario
114328,2025.0,6.0,4946.0,7828.775,MSV,Municipal,Primario
114329,2025.0,6.0,2862.0,5299.371,MSV,Delegados ,Primario
114330,2025.0,6.0,4670.0,6699.415,MSV,Municipal,Primario
114331,2025.0,6.0,7444.0,12646.178,MSV,Municipal,Primario
114332,2025.0,6.0,4724.0,8723.414999999999,MSV,Municipal,Primario
114333,2025.0,6.0,2364.0,2848.645,MSV,Municipal,Primario
114334,2025.0,6.0,4366.0,8516.057999999999,MSV,Municipal,Primario
114401,2025.0,6.0,420.0,459.147,MSV,Municipal,Primario
114403,2025.0,6.0,104.0,78.794,MSV,Municipal,Primario
114406,2025.0,6.0,240.0,168.695,MSV,Municipal,Primario
114407,2025.0,6.0,556.0,581.518,MSV,Municipal,Primario
114408,2025.0,6.0,12.0,6.3309999999999995,MSV,Municipal,Primario
114409,,,,3.597,MSV,Municipal,Primario
114410,2025.0,6.0,120.0,74.819,MSV,Municipal,Primario
114706,2025.0,6.0,1004.0,26.128,MSV,Municipal,Primario
114714,2025.0,6.0,1424.0,1356.265,MSV,Municipal,Primario
114796,2025.0,6.0,1090.0,38.977,MSV,Municipal,Primario
200037,,,,21.493,MSV,Municipal,Primario
200080,,,,17.944,MSV,Municipal,No Aplica
200188,,,,9.492,MSV,Municipal,No Aplica
200210,2025.0,6.0,1434.0,2054.226,MSV,Municipal,Primario
200236,,,,8.897,MSV,Municipal,Primario
200265,,,,29.996,MSV,Municipal,Primario
200282,,,,0.325,MSV,Servicio de Salud,Secundario
200304,2025.0,6.0,820.0,450.697,MSV,Municipal,Primario
200337,2025.0,6.0,1136.0,1493.192,MSV,Municipal,Primario
200342,2025.0,6.0,362.0,3.288,MSV,Municipal,Primario
200346,2025.0,6.0,418.0,253.058,MSV,Servicio de Salud,Primario
200347,2025.0,6.0,1246.0,469.788,MSV,Municipal,Primario
200360,2025.0,6.0,640.0,867.474,MSV,Municipal,Primario
200361,2025.0,6.0,2876.0,2427.858,MSV,Municipal,Primario
200365,2025.0,6.0,736.0,86.958,MSV,Municipal,Primario
200377,2025.0,6.0,726.0,808.582,MSV,Municipal,Primario
200385,2025.0,6.0,256.0,274.84499999999997,MSV,Municipal,Primario
200454,2025.0,6.0,904.0,370.275,MSV,Municipal,Primario
200475,2025.0,6.0,1160.0,,MSV,Municipal,Primario
200554,2025.0,6.0,1044.0,212.869,MSV,Municipal,Primario
200609,2025.0,6.0,1028.0,190.903,MSV,Municipal,Primario
200643,2025.0,6.0,474.0,49.281,MSV,Municipal,Primario
200961,2025.0,6.0,2332.0,2578.685,MSV,Municipal,Primario
200962,2025.0,6.0,1188.0,1237.001,MSV,Municipal,Primario
200965,2025.0,6.0,1808.0,2586.231,MSV,Municipal,Primario
201091,2025.0,6.0,8030.0,6647.871,MSV,Municipal,Primario
201112,2025.0,6.0,6406.0,8051.378,MSV,Municipal,Primario
201129,2025.0,6.0,532.0,100.763,MSV,Municipal,Primario
201212,2025.0,6.0,1664.0,,MSV,Municipal,Primario
201353,2025.0,6.0,116.0,,MSV,Municipal,Primario
201462,2025.0,6.0,2618.0,1137.777,MSV,Municipal,Primario
201674,2025.0,6.0,1640.0,,MSV,Municipal,Primario
311001,,,,2284.576,MSV,,
109104,2025.0,1.0,4.0,10.0,MSVI,Servicio de Salud,Primario
109104,2025.0,2.0,14.0,14.0,MSVI,Servicio de Salud,Primario
109104,2025.0,3.0,2.0,6.0,MSVI,Servicio de Salud,Primario
109104,2025.0,4.0,8.0,14.0,MSVI,Servicio de Salud,Primario
109104,2025.0,5.0,0.0,6.0,MSVI,Servicio de Salud,Primario
109104,2025.0,6.0,4.0,16.0,MSVI,Servicio de Salud,Primario
109104,2025.0,7.0,0.0,8.0,MSVI,Servicio de Salud,Primario
109104,2025.0,8.0,2.0,2.0,MSVI,Servicio de Salud,Primario
109104,2025.0,9.0,6.0,12.0,MSVI,Servicio de Salud,Primario
109104,2025.0,10.0,3.0,5.0,MSVI,Servicio de Salud,Primario
109300,2025.0,1.0,44.0,88.0,MSVI,Municipal,Primario
109300,2025.0,2.0,64.0,100.0,MSVI,Municipal,Primario
109300,2025.0,3.0,40.0,62.0,MSVI,Municipal,Primario
109300,2025.0,4.0,52.0,76.0,MSVI,Municipal,Primario
109300,2025.0,5.0,74.0,96.0,MSVI,Municipal,Primario
109300,2025.0,6.0,26.0,56.0,MSVI,Municipal,Primario
109300,2025.0,7.0,62.0,84.0,MSVI,Municipal,Primario
109300,2025.0,8.0,56.0,76.0,MSVI,Municipal,Primario
109300,2025.0,9.0,34.0,62.0,MSVI,Municipal,Primario
109300,2025.0,10.0,30.0,45.0,MSVI,Municipal,Primario
109301,2025.0,1.0,22.0,0.0,MSVI,Municipal,Primario
109301,2025.0,2.0,36.0,70.0,MSVI,Municipal,Primario
109301,2025.0,3.0,20.0,38.0,MSVI,Municipal,Primario
109301,2025.0,4.0,20.0,38.0,MSVI,Municipal,Primario
109301,2025.0,5.0,20.0,38.0,MSVI,Municipal,Primario
109301,2025.0,6.0,40.0,62.0,MSVI,Municipal,Primario
109301,2025.0,7.0,28.0,50.0,MSVI,Municipal,Primario
109301,2025.0,8.0,30.0,50.0,MSVI,Municipal,Primario
109301,2025.0,9.0,28.0,46.0,MSVI,Municipal,Primario
109301,2025.0,10.0,12.0,24.0,MSVI,Municipal,Primario
109302,2025.0,1.0,8.0,20.0,MSVI,Municipal,Primario
109302,2025.0,2.0,12.0,24.0,MSVI,Municipal,Primario
109302,2025.0,3.0,18.0,24.0,MSVI,Municipal,Primario
109302,2025.0,4.0,20.0,34.0,MSVI,Municipal,Primario
109302,2025.0,5.0,12.0,32.0,MSVI,Municipal,Primario
109302,2025.0,6.0,10.0,14.0,MSVI,Municipal,Primario
109302,2025.0,7.0,32.0,44.0,MSVI,Municipal,Primario
109302,2025.0,8.0,16.0,26.0,MSVI,Municipal,Primario
109302,2025.0,9.0,16.0,18.0,MSVI,Municipal,Primario
109302,2025.0,10.0,9.0,18.0,MSVI,Municipal,Primario
109303,2025.0,1.0,8.0,20.0,MSVI,Municipal,Primario
109303,2025.0,2.0,4.0,18.0,MSVI,Municipal,Primario
109303,2025.0,3.0,16.0,32.0,MSVI,Municipal,Primario
109303,2025.0,4.0,2.0,8.0,MSVI,Municipal,Primario
109303,2025.0,5.0,10.0,24.0,MSVI,Municipal,Primario
109303,2025.0,6.0,10.0,14.0,MSVI,Municipal,Primario
109303,2025.0,7.0,16.0,34.0,MSVI,Municipal,Primario
109303,2025.0,8.0,10.0,16.0,MSVI,Municipal,Primario
109303,2025.0,9.0,14.0,38.0,MSVI,Municipal,Primario
109303,2025.0,10.0,4.0,12.0,MSVI,Municipal,Primario
109304,2025.0,1.0,10.0,12.0,MSVI,Municipal,Primario
109304,2025.0,2.0,0.0,2.0,MSVI,Municipal,Primario
109304,2025.0,3.0,8.0,14.0,MSVI,Municipal,Primario
109304,2025.0,4.0,2.0,6.0,MSVI,Municipal,Primario
109304,2025.0,5.0,2.0,8.0,MSVI,Municipal,Primario
109304,2025.0,6.0,2.0,6.0,MSVI,Municipal,Primario
109304,2025.0,7.0,10.0,14.0,MSVI,Municipal,Primario
109304,2025.0,8.0,2.0,4.0,MSVI,Municipal,Primario
109304,2025.0,9.0,6.0,12.0,MSVI,Municipal,Primario
109304,2025.0,10.0,3.0,5.0,MSVI,Municipal,Primario
109305,2025.0,1.0,16.0,28.0,MSVI,Municipal,Primario
109305,2025.0,2.0,6.0,26.0,MSVI,Municipal,Primario
109305,2025.0,3.0,10.0,20.0,MSVI,Municipal,Primario
109305,2025.0,4.0,30.0,40.0,MSVI,Municipal,Primario
109305,2025.0,5.0,10.0,18.0,MSVI,Municipal,Primario
109305,2025.0,6.0,8.0,14.0,MSVI,Municipal,Primario
109305,2025.0,7.0,18.0,38.0,MSVI,Municipal,Primario
109305,2025.0,8.0,8.0,24.0,MSVI,Municipal,Primario
109305,2025.0,9.0,10.0,16.0,MSVI,Municipal,Primario
109305,2025.0,10.0,4.0,11.0,MSVI,Municipal,Primario
109307,2025.0,1.0,22.0,34.0,MSVI,Municipal,Primario
109307,2025.0,2.0,6.0,12.0,MSVI,Municipal,Primario
109307,2025.0,3.0,8.0,14.0,MSVI,Municipal,Primario
109307,2025.0,4.0,16.0,28.0,MSVI,Municipal,Primario
109307,2025.0,5.0,10.0,20.0,MSVI,Municipal,Primario
109307,2025.0,6.0,14.0,22.0,MSVI,Municipal,Primario
109307,2025.0,7.0,18.0,40.0,MSVI,Municipal,Primario
109307,2025.0,8.0,8.0,16.0,MSVI,Municipal,Primario
109307,2025.0,9.0,12.0,28.0,MSVI,Municipal,Primario
109307,2025.0,10.0,8.0,13.0,MSVI,Municipal,Primario
109308,2025.0,1.0,6.0,14.0,MSVI,Municipal,Primario
109308,2025.0,2.0,12.0,22.0,MSVI,Municipal,Primario
109308,2025.0,3.0,8.0,18.0,MSVI,Municipal,Primario
109308,2025.0,4.0,16.0,28.0,MSVI,Municipal,Primario
109308,2025.0,5.0,8.0,22.0,MSVI,Municipal,Primario
109308,2025.0,6.0,20.0,22.0,MSVI,Municipal,Primario
109308,2025.0,7.0,14.0,26.0,MSVI,Municipal,Primario
109308,2025.0,8.0,14.0,26.0,MSVI,Municipal,Primario
109308,2025.0,9.0,14.0,22.0,MSVI,Municipal,Primario
109308,2025.0,10.0,5.0,9.0,MSVI,Municipal,Primario
109309,2025.0,1.0,10.0,16.0,MSVI,Municipal,Primario
109309,2025.0,2.0,16.0,30.0,MSVI,Municipal,Primario
109309,2025.0,3.0,12.0,20.0,MSVI,Municipal,Primario
109309,2025.0,4.0,6.0,10.0,MSVI,Municipal,Primario
109309,2025.0,5.0,8.0,14.0,MSVI,Municipal,Primario
109309,2025.0,6.0,8.0,16.0,MSVI,Municipal,Primario
109309,2025.0,7.0,12.0,20.0,MSVI,Municipal,Primario
109309,2025.0,8.0,18.0,28.0,MSVI,Municipal,Primario
109309,2025.0,9.0,8.0,14.0,MSVI,Municipal,Primario
109309,2025.0,10.0,5.0,8.0,MSVI,Municipal,Primario
109310,2025.0,1.0,22.0,36.0,MSVI,Municipal,Primario
109310,2025.0,2.0,26.0,50.0,MSVI,Municipal,Primario
109310,2025.0,3.0,18.0,40.0,MSVI,Municipal,Primario
109310,2025.0,4.0,32.0,66.0,MSVI,Municipal,Primario
109310,2025.0,5.0,26.0,54.0,MSVI,Municipal,Primario
109310,2025.0,6.0,16.0,40.0,MSVI,Municipal,Primario
109310,2025.0,7.0,34.0,72.0,MSVI,Municipal,Primario
109310,2025.0,8.0,26.0,50.0,MSVI,Municipal,Primario
109310,2025.0,9.0,40.0,72.0,MSVI,Municipal,Primario
109310,2025.0,10.0,17.0,32.0,MSVI,Municipal,Primario
109311,2025.0,1.0,46.0,68.0,MSVI,Municipal,Primario
109311,2025.0,2.0,24.0,54.0,MSVI,Municipal,Primario
109311,2025.0,3.0,42.0,74.0,MSVI,Municipal,Primario
109311,2025.0,4.0,38.0,60.0,MSVI,Municipal,Primario
109311,2025.0,5.0,4.0,30.0,MSVI,Municipal,Primario
109311,2025.0,6.0,38.0,62.0,MSVI,Municipal,Primario
109311,2025.0,7.0,40.0,70.0,MSVI,Municipal,Primario
109311,2025.0,8.0,32.0,58.0,MSVI,Municipal,Primario
109311,2025.0,9.0,28.0,56.0,MSVI,Municipal,Primario
109311,2025.0,10.0,14.0,29.0,MSVI,Municipal,Primario
109312,2025.0,1.0,16.0,22.0,MSVI,Municipal,Primario
109312,2025.0,2.0,8.0,12.0,MSVI,Municipal,Primario
109312,2025.0,3.0,10.0,30.0,MSVI,Municipal,Primario
109312,2025.0,4.0,12.0,20.0,MSVI,Municipal,Primario
109312,2025.0,5.0,16.0,22.0,MSVI,Municipal,Primario
109312,2025.0,6.0,10.0,14.0,MSVI,Municipal,Primario
109312,2025.0,7.0,12.0,14.0,MSVI,Municipal,Primario
109312,2025.0,8.0,4.0,18.0,MSVI,Municipal,Primario
109312,2025.0,9.0,12.0,22.0,MSVI,Municipal,Primario
109312,2025.0,10.0,4.0,12.0,MSVI,Municipal,Primario
109313,2025.0,1.0,28.0,46.0,MSVI,Municipal,Primario
109313,2025.0,2.0,32.0,44.0,MSVI,Municipal,Primario
109313,2025.0,3.0,34.0,60.0,MSVI,Municipal,Primario
109313,2025.0,4.0,18.0,28.0,MSVI,Municipal,Primario
109313,2025.0,5.0,28.0,42.0,MSVI,Municipal,Primario
109313,2025.0,6.0,30.0,42.0,MSVI,Municipal,Primario
109313,2025.0,7.0,38.0,54.0,MSVI,Municipal,Primario
109313,2025.0,8.0,32.0,60.0,MSVI,Municipal,Primario
109313,2025.0,9.0,34.0,54.0,MSVI,Municipal,Primario
109313,2025.0,10.0,16.0,27.0,MSVI,Municipal,Primario
109314,2025.0,1.0,6.0,8.0,MSVI,Municipal,Primario
109314,2025.0,2.0,4.0,8.0,MSVI,Municipal,Primario
109314,2025.0,3.0,12.0,18.0,MSVI,Municipal,Primario
109314,2025.0,4.0,20.0,22.0,MSVI,Municipal,Primario
109314,2025.0,5.0,14.0,22.0,MSVI,Municipal,Primario
109314,2025.0,6.0,14.0,22.0,MSVI,Municipal,Primario
109314,2025.0,7.0,10.0,26.0,MSVI,Municipal,Primario
109314,2025.0,8.0,12.0,22.0,MSVI,Municipal,Primario
109314,2025.0,9.0,6.0,16.0,MSVI,Municipal,Primario
109314,2025.0,10.0,6.0,11.0,MSVI,Municipal,Primario
109315,2025.0,1.0,12.0,30.0,MSVI,Municipal,Primario
109315,2025.0,2.0,10.0,22.0,MSVI,Municipal,Primario
109315,2025.0,3.0,8.0,26.0,MSVI,Municipal,Primario
109315,2025.0,4.0,22.0,52.0,MSVI,Municipal,Primario
109315,2025.0,5.0,12.0,28.0,MSVI,Municipal,Primario
109315,2025.0,6.0,8.0,24.0,MSVI,Municipal,Primario
109315,2025.0,7.0,18.0,26.0,MSVI,Municipal,Primario
109315,2025.0,8.0,6.0,36.0,MSVI,Municipal,Primario
109315,2025.0,9.0,16.0,26.0,MSVI,Municipal,Primario
109315,2025.0,10.0,10.0,16.0,MSVI,Municipal,Primario
109316,2025.0,1.0,30.0,60.0,MSVI,Municipal,Primario
109316,2025.0,2.0,22.0,46.0,MSVI,Municipal,Primario
109316,2025.0,3.0,20.0,42.0,MSVI,Municipal,Primario
109316,2025.0,4.0,26.0,42.0,MSVI,Municipal,Primario
109316,2025.0,5.0,22.0,38.0,MSVI,Municipal,Primario
109316,2025.0,6.0,12.0,28.0,MSVI,Municipal,Primario
109316,2025.0,7.0,22.0,52.0,MSVI,Municipal,Primario
109316,2025.0,8.0,22.0,42.0,MSVI,Municipal,Primario
109316,2025.0,9.0,14.0,30.0,MSVI,Municipal,Primario
109316,2025.0,10.0,16.0,29.0,MSVI,Municipal,Primario
109317,2025.0,1.0,10.0,14.0,MSVI,Municipal,Primario
109317,2025.0,2.0,14.0,18.0,MSVI,Municipal,Primario
109317,2025.0,3.0,8.0,16.0,MSVI,Municipal,Primario
109317,2025.0,4.0,10.0,12.0,MSVI,Municipal,Primario
109317,2025.0,5.0,8.0,12.0,MSVI,Municipal,Primario
109317,2025.0,6.0,6.0,10.0,MSVI,Municipal,Primario
109317,2025.0,7.0,16.0,20.0,MSVI,Municipal,Primario
109317,2025.0,8.0,8.0,10.0,MSVI,Municipal,Primario
109317,2025.0,9.0,4.0,10.0,MSVI,Municipal,Primario
109317,2025.0,10.0,3.0,4.0,MSVI,Municipal,Primario
109320,2025.0,1.0,4.0,4.0,MSVI,Municipal,Primario
109320,2025.0,2.0,2.0,2.0,MSVI,Municipal,Primario
109320,2025.0,3.0,2.0,2.0,MSVI,Municipal,Primario
109320,2025.0,4.0,10.0,12.0,MSVI,Municipal,Primario
109320,2025.0,5.0,6.0,12.0,MSVI,Municipal,Primario
109320,2025.0,6.0,4.0,6.0,MSVI,Municipal,Primario
109320,2025.0,7.0,6.0,8.0,MSVI,Municipal,Primario
109320,2025.0,8.0,10.0,20.0,MSVI,Municipal,Primario
109320,2025.0,9.0,6.0,10.0,MSVI,Municipal,Primario
109320,2025.0,10.0,5.0,7.0,MSVI,Municipal,Primario
109321,2025.0,1.0,12.0,22.0,MSVI,Municipal,Primario
109321,2025.0,2.0,16.0,22.0,MSVI,Municipal,Primario
109321,2025.0,3.0,12.0,24.0,MSVI,Municipal,Primario
109321,2025.0,4.0,10.0,14.0,MSVI,Municipal,Primario
109321,2025.0,5.0,18.0,24.0,MSVI,Municipal,Primario
109321,2025.0,6.0,12.0,22.0,MSVI,Municipal,Primario
109321,2025.0,7.0,20.0,30.0,MSVI,Municipal,Primario
109321,2025.0,8.0,16.0,28.0,MSVI,Municipal,Primario
109321,2025.0,9.0,20.0,24.0,MSVI,Municipal,Primario
109321,2025.0,10.0,2.0,4.0,MSVI,Municipal,Primario
109323,2025.0,1.0,8.0,16.0,MSVI,Municipal,Primario
109323,2025.0,2.0,12.0,24.0,MSVI,Municipal,Primario
109323,2025.0,3.0,18.0,26.0,MSVI,Municipal,Primario
109323,2025.0,4.0,12.0,24.0,MSVI,Municipal,Primario
109323,2025.0,5.0,22.0,36.0,MSVI,Municipal,Primario
109323,2025.0,6.0,18.0,26.0,MSVI,Municipal,Primario
109323,2025.0,7.0,8.0,12.0,MSVI,Municipal,Primario
109323,2025.0,8.0,4.0,20.0,MSVI,Municipal,Primario
109323,2025.0,9.0,12.0,30.0,MSVI,Municipal,Primario
109323,2025.0,10.0,9.0,20.0,MSVI,Municipal,Primario
109324,2025.0,1.0,32.0,60.0,MSVI,Municipal,Primario
109324,2025.0,2.0,18.0,32.0,MSVI,Municipal,Primario
109324,2025.0,3.0,28.0,54.0,MSVI,Municipal,Primario
109324,2025.0,4.0,26.0,54.0,MSVI,Municipal,Primario
109324,2025.0,5.0,28.0,56.0,MSVI,Municipal,Primario
109324,2025.0,6.0,22.0,36.0,MSVI,Municipal,Primario
109324,2025.0,7.0,14.0,28.0,MSVI,Municipal,Primario
109324,2025.0,8.0,26.0,58.0,MSVI,Municipal,Primario
109324,2025.0,9.0,32.0,64.0,MSVI,Municipal,Primario
109324,2025.0,10.0,18.0,30.0,MSVI,Municipal,Primario
109390,2025.0,1.0,14.0,40.0,MSVI,Otra Institución,Primario
109390,2025.0,2.0,8.0,24.0,MSVI,Otra Institución,Primario
109390,2025.0,3.0,14.0,24.0,MSVI,Otra Institución,Primario
109390,2025.0,4.0,4.0,24.0,MSVI,Otra Institución,Primario
109390,2025.0,5.0,0.0,32.0,MSVI,Otra Institución,Primario
109390,2025.0,6.0,4.0,14.0,MSVI,Otra Institución,Primario
109390,2025.0,7.0,18.0,38.0,MSVI,Otra Institución,Primario
109390,2025.0,8.0,6.0,22.0,MSVI,Otra Institución,Primario
109390,2025.0,9.0,6.0,20.0,MSVI,Otra Institución,Primario
109390,2025.0,10.0,5.0,9.0,MSVI,Otra Institución,Primario
109410,2025.0,1.0,0.0,0.0,MSVI,Municipal,Primario
109410,2025.0,6.0,0.0,0.0,MSVI,Municipal,Primario
109410,2025.0,7.0,2.0,2.0,MSVI,Municipal,Primario
109410,2025.0,8.0,0.0,0.0,MSVI,Municipal,Primario
109412,2025.0,3.0,,0.0,MSVI,Municipal,Primario
109412,2025.0,4.0,,0.0,MSVI,Municipal,Primario
109412,2025.0,5.0,,2.0,MSVI,Municipal,Primario
109412,2025.0,6.0,,0.0,MSVI,Municipal,Primario
109412,2025.0,7.0,,0.0,MSVI,Municipal,Primario
109412,2025.0,8.0,2.0,2.0,MSVI,Municipal,Primario
109412,2025.0,9.0,,0.0,MSVI,Municipal,Primario
109413,2025.0,1.0,,2.0,MSVI,Municipal,Primario
109413,2025.0,3.0,,2.0,MSVI,Municipal,Primario
109413,2025.0,7.0,,0.0,MSVI,Municipal,Primario
109413,2025.0,9.0,,0.0,MSVI,Municipal,Primario
109413,2025.0,10.0,,0.0,MSVI,Municipal,Primario
109414,2025.0,1.0,6.0,8.0,MSVI,Municipal,Primario
109414,2025.0,2.0,0.0,0.0,MSVI,Municipal,Primario
109414,2025.0,3.0,0.0,2.0,MSVI,Municipal,Primario
109414,2025.0,4.0,0.0,0.0,MSVI,Municipal,Primario
109414,2025.0,5.0,0.0,0.0,MSVI,Municipal,Primario
109414,2025.0,6.0,0.0,4.0,MSVI,Municipal,Primario
109414,2025.0,7.0,0.0,2.0,MSVI,Municipal,Primario
109414,2025.0,8.0,4.0,6.0,MSVI,Municipal,Primario
109414,2025.0,9.0,0.0,2.0,MSVI,Municipal,Primario
109414,2025.0,10.0,0.0,0.0,MSVI,Municipal,Primario
109416,2025.0,1.0,2.0,2.0,MSVI,Municipal,Primario
109416,2025.0,2.0,0.0,0.0,MSVI,Municipal,Primario
109416,2025.0,4.0,0.0,0.0,MSVI,Municipal,Primario
109416,2025.0,5.0,,0.0,MSVI,Municipal,Primario
109416,2025.0,6.0,,0.0,MSVI,Municipal,Primario
109416,2025.0,7.0,2.0,2.0,MSVI,Municipal,Primario
109416,2025.0,8.0,,0.0,MSVI,Municipal,Primario
109416,2025.0,9.0,,0.0,MSVI,Municipal,Primario
109416,2025.0,10.0,,0.0,MSVI,Municipal,Primario
109417,2025.0,1.0,0.0,,MSVI,Municipal,Primario
109417,2025.0,3.0,,2.0,MSVI,Municipal,Primario
109417,2025.0,4.0,,0.0,MSVI,Municipal,Primario
109417,2025.0,5.0,,2.0,MSVI,Municipal,Primario
109417,2025.0,6.0,,2.0,MSVI,Municipal,Primario
109417,2025.0,7.0,,0.0,MSVI,Municipal,Primario
109417,2025.0,8.0,4.0,4.0,MSVI,Municipal,Primario
109417,2025.0,9.0,,0.0,MSVI,Municipal,Primario
109417,2025.0,10.0,,0.0,MSVI,Municipal,Primario
109418,2025.0,2.0,2.0,2.0,MSVI,Municipal,Primario
109418,2025.0,3.0,2.0,2.0,MSVI,Municipal,Primario
109418,2025.0,4.0,2.0,2.0,MSVI,Municipal,Primario
109418,2025.0,5.0,2.0,6.0,MSVI,Municipal,Primario
109418,2025.0,7.0,2.0,2.0,MSVI,Municipal,Primario
109418,2025.0,9.0,,0.0,MSVI,Municipal,Primario
109418,2025.0,10.0,,0.0,MSVI,Municipal,Primario
109419,2025.0,2.0,,2.0,MSVI,Municipal,Primario
109419,2025.0,3.0,,0.0,MSVI,Municipal,Primario
109419,2025.0,4.0,,0.0,MSVI,Municipal,Primario
109419,2025.0,5.0,2.0,2.0,MSVI,Municipal,Primario
109419,2025.0,6.0,,0.0,MSVI,Municipal,Primario
109419,2025.0,8.0,2.0,2.0,MSVI,Municipal,Primario
109419,2025.0,9.0,2.0,2.0,MSVI,Municipal,Primario
109419,2025.0,10.0,1.0,1.0,MSVI,Municipal,Primario
109420,2025.0,1.0,,0.0,MSVI,Municipal,Primario
109420,2025.0,4.0,,0.0,MSVI,Municipal,Primario
109420,2025.0,5.0,,0.0,MSVI,Municipal,Primario
109420,2025.0,6.0,,0.0,MSVI,Municipal,Primario
109420,2025.0,7.0,,0.0,MSVI,Municipal,Primario
109420,2025.0,8.0,0.0,0.0,MSVI,Municipal,Primario
109420,2025.0,9.0,0.0,0.0,MSVI,Municipal,Primario
109709,2025.0,1.0,8.0,14.0,MSVI,Municipal,Primario
109709,2025.0,2.0,2.0,10.0,MSVI,Municipal,Primario
109709,2025.0,3.0,4.0,8.0,MSVI,Municipal,Primario
109709,2025.0,4.0,4.0,8.0,MSVI,Municipal,Primario
109709,2025.0,5.0,2.0,8.0,MSVI,Municipal,Primario
109709,2025.0,6.0,0.0,6.0,MSVI,Municipal,Primario
109709,2025.0,7.0,0.0,2.0,MSVI,Municipal,Primario
109709,2025.0,8.0,6.0,12.0,MSVI,Municipal,Primario
109709,2025.0,9.0,8.0,12.0,MSVI,Municipal,Primario
109709,2025.0,10.0,2.0,6.0,MSVI,Municipal,Primario
109711,2025.0,1.0,2.0,8.0,MSVI,Municipal,Primario
109711,2025.0,2.0,2.0,10.0,MSVI,Municipal,Primario
109711,2025.0,3.0,10.0,16.0,MSVI,Municipal,Primario
109711,2025.0,4.0,8.0,12.0,MSVI,Municipal,Primario
109711,2025.0,5.0,8.0,10.0,MSVI,Municipal,Primario
109711,2025.0,6.0,2.0,26.0,MSVI,Municipal,Primario
109711,2025.0,7.0,2.0,0.0,MSVI,Municipal,Primario
109711,2025.0,8.0,4.0,12.0,MSVI,Municipal,Primario
109711,2025.0,9.0,10.0,36.0,MSVI,Municipal,Primario
109711,2025.0,10.0,0.0,3.0,MSVI,Municipal,Primario
109712,2025.0,1.0,4.0,4.0,MSVI,Municipal,Primario
109712,2025.0,2.0,8.0,8.0,MSVI,Municipal,Primario
109712,2025.0,3.0,8.0,12.0,MSVI,Municipal,Primario
109712,2025.0,4.0,8.0,16.0,MSVI,Municipal,Primario
109712,2025.0,5.0,6.0,10.0,MSVI,Municipal,Primario
109712,2025.0,6.0,8.0,16.0,MSVI,Municipal,Primario
109712,2025.0,7.0,6.0,12.0,MSVI,Municipal,Primario
109712,2025.0,8.0,4.0,10.0,MSVI,Municipal,Primario
109712,2025.0,9.0,8.0,8.0,MSVI,Municipal,Primario
109712,2025.0,10.0,2.0,4.0,MSVI,Municipal,Primario
109713,2025.0,1.0,0.0,2.0,MSVI,Municipal,Primario
109713,2025.0,2.0,2.0,4.0,MSVI,Municipal,Primario
109713,2025.0,3.0,0.0,0.0,MSVI,Municipal,Primario
109713,2025.0,4.0,0.0,0.0,MSVI,Municipal,Primario
109713,2025.0,5.0,0.0,0.0,MSVI,Municipal,Primario
109713,2025.0,6.0,0.0,0.0,MSVI,Municipal,Primario
109713,2025.0,7.0,2.0,2.0,MSVI,Municipal,Primario
109713,2025.0,8.0,6.0,8.0,MSVI,Municipal,Primario
109713,2025.0,9.0,6.0,10.0,MSVI,Municipal,Primario
109713,2025.0,10.0,2.0,3.0,MSVI,Municipal,Primario
109715,2025.0,1.0,0.0,2.0,MSVI,Municipal,Primario
109715,2025.0,2.0,2.0,4.0,MSVI,Municipal,Primario
109715,2025.0,3.0,4.0,16.0,MSVI,Municipal,Primario
109715,2025.0,4.0,0.0,6.0,MSVI,Municipal,Primario
109715,2025.0,5.0,2.0,12.0,MSVI,Municipal,Primario
109715,2025.0,6.0,0.0,0.0,MSVI,Municipal,Primario
109715,2025.0,7.0,0.0,10.0,MSVI,Municipal,Primario
109715,2025.0,8.0,0.0,0.0,MSVI,Municipal,Primario
109715,2025.0,9.0,4.0,4.0,MSVI,Municipal,Primario
109715,2025.0,10.0,4.0,5.0,MSVI,Municipal,Primario
109716,2025.0,1.0,4.0,6.0,MSVI,Municipal,Primario
109716,2025.0,2.0,4.0,6.0,MSVI,Municipal,Primario
109716,2025.0,3.0,8.0,10.0,MSVI,Municipal,Primario
109716,2025.0,4.0,6.0,6.0,MSVI,Municipal,Primario
109716,2025.0,5.0,0.0,0.0,MSVI,Municipal,Primario
109716,2025.0,6.0,6.0,6.0,MSVI,Municipal,Primario
109716,2025.0,7.0,4.0,6.0,MSVI,Municipal,Primario
109716,2025.0,8.0,2.0,4.0,MSVI,Municipal,Primario
109716,2025.0,9.0,2.0,6.0,MSVI,Municipal,Primario
109716,2025.0,10.0,0.0,0.0,MSVI,Municipal,Primario
109718,2025.0,1.0,4.0,6.0,MSVI,Municipal,Primario
109718,2025.0,2.0,2.0,4.0,MSVI,Municipal,Primario
109718,2025.0,3.0,6.0,10.0,MSVI,Municipal,Primario
109718,2025.0,4.0,6.0,10.0,MSVI,Municipal,Primario
109718,2025.0,5.0,0.0,4.0,MSVI,Municipal,Primario
109718,2025.0,6.0,6.0,6.0,MSVI,Municipal,Primario
109718,2025.0,7.0,4.0,10.0,MSVI,Municipal,Primario
109718,2025.0,8.0,4.0,4.0,MSVI,Municipal,Primario
109718,2025.0,9.0,2.0,6.0,MSVI,Municipal,Primario
109718,2025.0,10.0,6.0,6.0,MSVI,Municipal,Primario
110160,2025.0,1.0,2.0,28.0,MSVI,Servicio de Salud,Primario
110160,2025.0,2.0,4.0,20.0,MSVI,Servicio de Salud,Primario
110160,2025.0,3.0,2.0,18.0,MSVI,Servicio de Salud,Primario
110160,2025.0,4.0,2.0,14.0,MSVI,Servicio de Salud,Primario
110160,2025.0,5.0,8.0,24.0,MSVI,Servicio de Salud,Primario
110160,2025.0,6.0,0.0,10.0,MSVI,Servicio de Salud,Primario
110160,2025.0,7.0,6.0,22.0,MSVI,Servicio de Salud,Primario
110160,2025.0,8.0,4.0,18.0,MSVI,Servicio de Salud,Primario
110160,2025.0,9.0,8.0,20.0,MSVI,Servicio de Salud,Primario
110160,2025.0,10.0,5.0,14.0,MSVI,Servicio de Salud,Primario
110308,2025.0,1.0,30.0,44.0,MSVI,Municipal,Primario
110308,2025.0,2.0,18.0,30.0,MSVI,Municipal,Primario
110308,2025.0,3.0,24.0,36.0,MSVI,Municipal,Primario
110308,2025.0,4.0,32.0,48.0,MSVI,Municipal,Primario
110308,2025.0,5.0,14.0,22.0,MSVI,Municipal,Primario
110308,2025.0,6.0,10.0,12.0,MSVI,Municipal,Primario
110308,2025.0,7.0,26.0,40.0,MSVI,Municipal,Primario
110308,2025.0,8.0,20.0,32.0,MSVI,Municipal,Primario
110308,2025.0,9.0,14.0,22.0,MSVI,Municipal,Primario
110308,2025.0,10.0,12.0,19.0,MSVI,Municipal,Primario
110310,2025.0,1.0,14.0,40.0,MSVI,Servicio de Salud,Primario
110310,2025.0,2.0,12.0,52.0,MSVI,Servicio de Salud,Primario
110310,2025.0,3.0,6.0,18.0,MSVI,Servicio de Salud,Primario
110310,2025.0,4.0,2.0,24.0,MSVI,Servicio de Salud,Primario
110310,2025.0,5.0,16.0,36.0,MSVI,Servicio de Salud,Primario
110310,2025.0,6.0,14.0,24.0,MSVI,Servicio de Salud,Primario
110310,2025.0,7.0,20.0,36.0,MSVI,Servicio de Salud,Primario
110310,2025.0,8.0,16.0,30.0,MSVI,Servicio de Salud,Primario
110310,2025.0,9.0,22.0,40.0,MSVI,Servicio de Salud,Primario
110310,2025.0,10.0,11.0,28.0,MSVI,Servicio de Salud,Primario
110315,2025.0,1.0,8.0,24.0,MSVI,Municipal,Primario
110315,2025.0,2.0,14.0,30.0,MSVI,Municipal,Primario
110315,2025.0,3.0,10.0,20.0,MSVI,Municipal,Primario
110315,2025.0,4.0,16.0,26.0,MSVI,Municipal,Primario
110315,2025.0,5.0,14.0,21.0,MSVI,Municipal,Primario
110315,2025.0,6.0,16.0,24.0,MSVI,Municipal,Primario
110315,2025.0,7.0,8.0,18.0,MSVI,Municipal,Primario
110315,2025.0,8.0,12.0,18.0,MSVI,Municipal,Primario
110315,2025.0,9.0,12.0,20.0,MSVI,Municipal,Primario
110315,2025.0,10.0,10.0,13.0,MSVI,Municipal,Primario
110316,2025.0,1.0,18.0,26.0,MSVI,Municipal,Primario
110316,2025.0,2.0,12.0,20.0,MSVI,Municipal,Primario
110316,2025.0,3.0,4.0,14.0,MSVI,Municipal,Primario
110316,2025.0,4.0,4.0,12.0,MSVI,Municipal,Primario
110316,2025.0,5.0,6.0,14.0,MSVI,Municipal,Primario
110316,2025.0,6.0,14.0,20.0,MSVI,Municipal,Primario
110316,2025.0,7.0,14.0,18.0,MSVI,Municipal,Primario
110316,2025.0,8.0,22.0,42.0,MSVI,Municipal,Primario
110316,2025.0,9.0,8.0,10.0,MSVI,Municipal,Primario
110316,2025.0,10.0,8.0,13.0,MSVI,Municipal,Primario
110320,2025.0,1.0,12.0,22.0,MSVI,Municipal,Primario
110320,2025.0,2.0,10.0,28.0,MSVI,Municipal,Primario
110320,2025.0,3.0,8.0,32.0,MSVI,Municipal,Primario
110320,2025.0,4.0,8.0,14.0,MSVI,Municipal,Primario
110320,2025.0,5.0,16.0,18.0,MSVI,Municipal,Primario
110320,2025.0,6.0,26.0,34.0,MSVI,Municipal,Primario
110320,2025.0,7.0,24.0,38.0,MSVI,Municipal,Primario
110320,2025.0,8.0,10.0,18.0,MSVI,Municipal,Primario
110320,2025.0,9.0,10.0,12.0,MSVI,Municipal,Primario
110320,2025.0,10.0,9.0,15.0,MSVI,Municipal,Primario
110325,2025.0,1.0,16.0,28.0,MSVI,Municipal,Primario
110325,2025.0,2.0,14.0,14.0,MSVI,Municipal,Primario
110325,2025.0,3.0,10.0,20.0,MSVI,Municipal,Primario
110325,2025.0,4.0,14.0,26.0,MSVI,Municipal,Primario
110325,2025.0,5.0,14.0,18.0,MSVI,Municipal,Primario
110325,2025.0,6.0,22.0,26.0,MSVI,Municipal,Primario
110325,2025.0,7.0,10.0,12.0,MSVI,Municipal,Primario
110325,2025.0,8.0,22.0,30.0,MSVI,Municipal,Primario
110325,2025.0,9.0,10.0,26.0,MSVI,Municipal,Primario
110325,2025.0,10.0,11.0,14.0,MSVI,Municipal,Primario
110330,2025.0,1.0,16.0,28.0,MSVI,Municipal,Primario
110330,2025.0,2.0,20.0,36.0,MSVI,Municipal,Primario
110330,2025.0,3.0,34.0,60.0,MSVI,Municipal,Primario
110330,2025.0,4.0,26.0,38.0,MSVI,Municipal,Primario
110330,2025.0,5.0,12.0,22.0,MSVI,Municipal,Primario
110330,2025.0,6.0,18.0,32.0,MSVI,Municipal,Primario
110330,2025.0,7.0,20.0,32.0,MSVI,Municipal,Primario
110330,2025.0,8.0,42.0,66.0,MSVI,Municipal,Primario
110330,2025.0,9.0,18.0,30.0,MSVI,Municipal,Primario
110330,2025.0,10.0,12.0,16.0,MSVI,Municipal,Primario
110331,2025.0,1.0,32.0,42.0,MSVI,Municipal,Primario
110331,2025.0,2.0,14.0,22.0,MSVI,Municipal,Primario
110331,2025.0,3.0,16.0,30.0,MSVI,Municipal,Primario
110331,2025.0,4.0,30.0,44.0,MSVI,Municipal,Primario
110331,2025.0,5.0,20.0,32.0,MSVI,Municipal,Primario
110331,2025.0,6.0,18.0,26.0,MSVI,Municipal,Primario
110331,2025.0,7.0,28.0,40.0,MSVI,Municipal,Primario
110331,2025.0,8.0,18.0,42.0,MSVI,Municipal,Primario
110331,2025.0,9.0,6.0,10.0,MSVI,Municipal,Primario
110331,2025.0,10.0,6.0,11.0,MSVI,Municipal,Primario
110335,2025.0,1.0,16.0,16.0,MSVI,Municipal,Primario
110335,2025.0,2.0,12.0,18.0,MSVI,Municipal,Primario
110335,2025.0,3.0,16.0,24.0,MSVI,Municipal,Primario
110335,2025.0,4.0,14.0,22.0,MSVI,Municipal,Primario
110335,2025.0,5.0,6.0,12.0,MSVI,Municipal,Primario
110335,2025.0,6.0,18.0,30.0,MSVI,Municipal,Primario
110335,2025.0,7.0,10.0,12.0,MSVI,Municipal,Primario
110335,2025.0,8.0,14.0,26.0,MSVI,Municipal,Primario
110335,2025.0,9.0,8.0,14.0,MSVI,Municipal,Primario
110335,2025.0,10.0,10.0,19.0,MSVI,Municipal,Primario
110340,2025.0,1.0,6.0,12.0,MSVI,Municipal,Primario
110340,2025.0,2.0,14.0,16.0,MSVI,Municipal,Primario
110340,2025.0,3.0,8.0,12.0,MSVI,Municipal,Primario
110340,2025.0,4.0,4.0,12.0,MSVI,Municipal,Primario
110340,2025.0,5.0,2.0,8.0,MSVI,Municipal,Primario
110340,2025.0,6.0,4.0,4.0,MSVI,Municipal,Primario
110340,2025.0,7.0,12.0,14.0,MSVI,Municipal,Primario
110340,2025.0,8.0,4.0,6.0,MSVI,Municipal,Primario
110340,2025.0,9.0,4.0,10.0,MSVI,Municipal,Primario
110340,2025.0,10.0,7.0,9.0,MSVI,Municipal,Primario
110345,2025.0,1.0,14.0,22.0,MSVI,Municipal,Primario
110345,2025.0,2.0,16.0,26.0,MSVI,Municipal,Primario
110345,2025.0,3.0,10.0,14.0,MSVI,Municipal,Primario
110345,2025.0,4.0,14.0,22.0,MSVI,Municipal,Primario
110345,2025.0,5.0,10.0,14.0,MSVI,Municipal,Primario
110345,2025.0,6.0,20.0,30.0,MSVI,Municipal,Primario
110345,2025.0,7.0,24.0,34.0,MSVI,Municipal,Primario
110345,2025.0,8.0,12.0,20.0,MSVI,Municipal,Primario
110345,2025.0,9.0,6.0,10.0,MSVI,Municipal,Primario
110345,2025.0,10.0,5.0,8.0,MSVI,Municipal,Primario
110350,2025.0,1.0,24.0,30.0,MSVI,Municipal,Primario
110350,2025.0,2.0,16.0,24.0,MSVI,Municipal,Primario
110350,2025.0,3.0,22.0,40.0,MSVI,Municipal,Primario
110350,2025.0,4.0,22.0,32.0,MSVI,Municipal,Primario
110350,2025.0,5.0,22.0,46.0,MSVI,Municipal,Primario
110350,2025.0,6.0,14.0,22.0,MSVI,Municipal,Primario
110350,2025.0,7.0,28.0,40.0,MSVI,Municipal,Primario
110350,2025.0,8.0,16.0,26.0,MSVI,Municipal,Primario
110350,2025.0,9.0,20.0,22.0,MSVI,Municipal,Primario
110350,2025.0,10.0,17.0,23.0,MSVI,Municipal,Primario
110351,2025.0,1.0,30.0,58.0,MSVI,Municipal,Primario
110351,2025.0,2.0,10.0,14.0,MSVI,Municipal,Primario
110351,2025.0,3.0,14.0,34.0,MSVI,Municipal,Primario
110351,2025.0,4.0,26.0,32.0,MSVI,Municipal,Primario
110351,2025.0,5.0,24.0,40.0,MSVI,Municipal,Primario
110351,2025.0,6.0,32.0,52.0,MSVI,Municipal,Primario
110351,2025.0,7.0,24.0,48.0,MSVI,Municipal,Primario
110351,2025.0,8.0,28.0,40.0,MSVI,Municipal,Primario
110351,2025.0,9.0,18.0,24.0,MSVI,Municipal,Primario
110351,2025.0,10.0,13.0,15.0,MSVI,Municipal,Primario
110352,2025.0,1.0,18.0,30.0,MSVI,Municipal,Primario
110352,2025.0,2.0,10.0,26.0,MSVI,Municipal,Primario
110352,2025.0,3.0,20.0,28.0,MSVI,Municipal,Primario
110352,2025.0,4.0,20.0,34.0,MSVI,Municipal,Primario
110352,2025.0,5.0,12.0,22.0,MSVI,Municipal,Primario
110352,2025.0,6.0,20.0,32.0,MSVI,Municipal,Primario
110352,2025.0,7.0,10.0,26.0,MSVI,Municipal,Primario
110352,2025.0,8.0,10.0,24.0,MSVI,Municipal,Primario
110352,2025.0,9.0,8.0,24.0,MSVI,Municipal,Primario
110352,2025.0,10.0,14.0,16.0,MSVI,Municipal,Primario
110353,2025.0,1.0,18.0,28.0,MSVI,Municipal,Primario
110353,2025.0,2.0,8.0,16.0,MSVI,Municipal,Primario
110353,2025.0,3.0,12.0,20.0,MSVI,Municipal,Primario
110353,2025.0,4.0,20.0,28.0,MSVI,Municipal,Primario
110353,2025.0,5.0,20.0,28.0,MSVI,Municipal,Primario
110353,2025.0,6.0,24.0,38.0,MSVI,Municipal,Primario
110353,2025.0,7.0,16.0,26.0,MSVI,Municipal,Primario
110353,2025.0,8.0,22.0,32.0,MSVI,Municipal,Primario
110353,2025.0,9.0,4.0,12.0,MSVI,Municipal,Primario
110353,2025.0,10.0,6.0,11.0,MSVI,Municipal,Primario
110354,2025.0,1.0,12.0,20.0,MSVI,Municipal,Primario
110354,2025.0,2.0,16.0,26.0,MSVI,Municipal,Primario
110354,2025.0,3.0,18.0,32.0,MSVI,Municipal,Primario
110354,2025.0,4.0,18.0,24.0,MSVI,Municipal,Primario
110354,2025.0,5.0,26.0,28.0,MSVI,Municipal,Primario
110354,2025.0,6.0,14.0,20.0,MSVI,Municipal,Primario
110354,2025.0,7.0,26.0,40.0,MSVI,Municipal,Primario
110354,2025.0,8.0,20.0,32.0,MSVI,Municipal,Primario
110354,2025.0,9.0,20.0,32.0,MSVI,Municipal,Primario
110354,2025.0,10.0,10.0,23.0,MSVI,Municipal,Primario
110355,2025.0,1.0,14.0,28.0,MSVI,Municipal,Primario
110355,2025.0,2.0,10.0,12.0,MSVI,Municipal,Primario
110355,2025.0,3.0,16.0,26.0,MSVI,Municipal,Primario
110355,2025.0,4.0,14.0,16.0,MSVI,Municipal,Primario
110355,2025.0,5.0,12.0,14.0,MSVI,Municipal,Primario
110355,2025.0,6.0,8.0,14.0,MSVI,Municipal,Primario
110355,2025.0,7.0,12.0,22.0,MSVI,Municipal,Primario
110355,2025.0,8.0,14.0,16.0,MSVI,Municipal,Primario
110355,2025.0,9.0,6.0,10.0,MSVI,Municipal,Primario
110355,2025.0,10.0,6.0,11.0,MSVI,Municipal,Primario
110360,2025.0,1.0,46.0,62.0,MSVI,Municipal,Primario
110360,2025.0,2.0,36.0,50.0,MSVI,Municipal,Primario
110360,2025.0,3.0,24.0,38.0,MSVI,Municipal,Primario
110360,2025.0,4.0,40.0,58.0,MSVI,Municipal,Primario
110360,2025.0,5.0,32.0,50.0,MSVI,Municipal,Primario
110360,2025.0,6.0,28.0,44.0,MSVI,Municipal,Primario
110360,2025.0,7.0,42.0,58.0,MSVI,Municipal,Primario
110360,2025.0,8.0,38.0,56.0,MSVI,Municipal,Primario
110360,2025.0,9.0,30.0,44.0,MSVI,Municipal,Primario
110360,2025.0,10.0,16.0,24.0,MSVI,Municipal,Primario
110361,2025.0,1.0,34.0,54.0,MSVI,Municipal,Primario
110361,2025.0,2.0,18.0,30.0,MSVI,Municipal,Primario
110361,2025.0,3.0,20.0,36.0,MSVI,Municipal,Primario
110361,2025.0,4.0,20.0,32.0,MSVI,Municipal,Primario
110361,2025.0,5.0,34.0,58.0,MSVI,Municipal,Primario
110361,2025.0,6.0,26.0,38.0,MSVI,Municipal,Primario
110361,2025.0,7.0,22.0,36.0,MSVI,Municipal,Primario
110361,2025.0,8.0,30.0,42.0,MSVI,Municipal,Primario
110361,2025.0,9.0,20.0,34.0,MSVI,Municipal,Primario
110361,2025.0,10.0,13.0,27.0,MSVI,Municipal,Primario
110362,2025.0,1.0,16.0,24.0,MSVI,Municipal,Primario
110362,2025.0,2.0,16.0,22.0,MSVI,Municipal,Primario
110362,2025.0,3.0,20.0,30.0,MSVI,Municipal,Primario
110362,2025.0,4.0,22.0,32.0,MSVI,Municipal,Primario
110362,2025.0,5.0,12.0,18.0,MSVI,Municipal,Primario
110362,2025.0,6.0,16.0,24.0,MSVI,Municipal,Primario
110362,2025.0,7.0,20.0,30.0,MSVI,Municipal,Primario
110362,2025.0,8.0,16.0,24.0,MSVI,Municipal,Primario
110362,2025.0,9.0,24.0,38.0,MSVI,Municipal,Primario
110362,2025.0,10.0,11.0,17.0,MSVI,Municipal,Primario
110364,2025.0,1.0,14.0,22.0,MSVI,Municipal,Primario
110364,2025.0,2.0,4.0,10.0,MSVI,Municipal,Primario
110364,2025.0,3.0,12.0,16.0,MSVI,Municipal,Primario
110364,2025.0,4.0,8.0,8.0,MSVI,Municipal,Primario
110364,2025.0,5.0,8.0,10.0,MSVI,Municipal,Primario
110364,2025.0,6.0,8.0,16.0,MSVI,Municipal,Primario
110364,2025.0,7.0,10.0,18.0,MSVI,Municipal,Primario
110364,2025.0,8.0,12.0,18.0,MSVI,Municipal,Primario
110364,2025.0,9.0,14.0,16.0,MSVI,Municipal,Primario
110364,2025.0,10.0,8.0,8.0,MSVI,Municipal,Primario
110366,2025.0,1.0,40.0,62.0,MSVI,Municipal,Primario
110366,2025.0,2.0,24.0,36.0,MSVI,Municipal,Primario
110366,2025.0,3.0,38.0,54.0,MSVI,Municipal,Primario
110366,2025.0,4.0,52.0,118.0,MSVI,Municipal,Primario
110366,2025.0,5.0,46.0,60.0,MSVI,Municipal,Primario
110366,2025.0,6.0,18.0,30.0,MSVI,Municipal,Primario
110366,2025.0,7.0,32.0,44.0,MSVI,Municipal,Primario
110366,2025.0,8.0,28.0,46.0,MSVI,Municipal,Primario
110366,2025.0,9.0,28.0,60.0,MSVI,Municipal,Primario
110366,2025.0,10.0,17.0,28.0,MSVI,Municipal,Primario
110369,2025.0,1.0,28.0,58.0,MSVI,Municipal,Primario
110369,2025.0,2.0,10.0,20.0,MSVI,Municipal,Primario
110369,2025.0,3.0,18.0,30.0,MSVI,Municipal,Primario
110369,2025.0,4.0,10.0,44.0,MSVI,Municipal,Primario
110369,2025.0,5.0,28.0,54.0,MSVI,Municipal,Primario
110369,2025.0,6.0,28.0,42.0,MSVI,Municipal,Primario
110369,2025.0,7.0,26.0,44.0,MSVI,Municipal,Primario
110369,2025.0,8.0,34.0,50.0,MSVI,Municipal,Primario
110369,2025.0,9.0,20.0,34.0,MSVI,Municipal,Primario
110369,2025.0,10.0,11.0,25.0,MSVI,Municipal,Primario
110370,2025.0,1.0,0.0,0.0,MSVI,Municipal,Primario
110370,2025.0,2.0,12.0,18.0,MSVI,Municipal,Primario
110370,2025.0,3.0,8.0,12.0,MSVI,Municipal,Primario
110370,2025.0,4.0,18.0,30.0,MSVI,Municipal,Primario
110370,2025.0,5.0,12.0,20.0,MSVI,Municipal,Primario
110370,2025.0,6.0,18.0,32.0,MSVI,Municipal,Primario
110370,2025.0,7.0,10.0,22.0,MSVI,Municipal,Primario
110370,2025.0,8.0,10.0,16.0,MSVI,Municipal,Primario
110370,2025.0,9.0,8.0,14.0,MSVI,Municipal,Primario
110370,2025.0,10.0,5.0,6.0,MSVI,Municipal,Primario
110375,2025.0,1.0,14.0,24.0,MSVI,Municipal,Primario
110375,2025.0,2.0,2.0,8.0,MSVI,Municipal,Primario
110375,2025.0,3.0,16.0,20.0,MSVI,Municipal,Primario
110375,2025.0,4.0,12.0,18.0,MSVI,Municipal,Primario
110375,2025.0,5.0,12.0,22.0,MSVI,Municipal,Primario
110375,2025.0,6.0,6.0,12.0,MSVI,Municipal,Primario
110375,2025.0,7.0,4.0,14.0,MSVI,Municipal,Primario
110375,2025.0,8.0,4.0,12.0,MSVI,Municipal,Primario
110375,2025.0,9.0,4.0,4.0,MSVI,Municipal,Primario
110375,2025.0,10.0,3.0,4.0,MSVI,Municipal,Primario
110378,2025.0,1.0,16.0,26.0,MSVI,Municipal,Primario
110378,2025.0,2.0,24.0,32.0,MSVI,Municipal,Primario
110378,2025.0,3.0,16.0,24.0,MSVI,Municipal,Primario
110378,2025.0,4.0,16.0,20.0,MSVI,Municipal,Primario
110378,2025.0,5.0,22.0,28.0,MSVI,Municipal,Primario
110378,2025.0,6.0,26.0,32.0,MSVI,Municipal,Primario
110378,2025.0,7.0,20.0,30.0,MSVI,Municipal,Primario
110378,2025.0,8.0,20.0,30.0,MSVI,Municipal,Primario
110378,2025.0,9.0,26.0,44.0,MSVI,Municipal,Primario
110378,2025.0,10.0,6.0,11.0,MSVI,Municipal,Primario
110379,2025.0,1.0,28.0,40.0,MSVI,Municipal,Primario
110379,2025.0,2.0,14.0,28.0,MSVI,Municipal,Primario
110379,2025.0,3.0,38.0,52.0,MSVI,Municipal,Primario
110379,2025.0,4.0,26.0,44.0,MSVI,Municipal,Primario
110379,2025.0,5.0,30.0,36.0,MSVI,Municipal,Primario
110379,2025.0,6.0,30.0,40.0,MSVI,Municipal,Primario
110379,2025.0,7.0,20.0,28.0,MSVI,Municipal,Primario
110379,2025.0,8.0,16.0,20.0,MSVI,Municipal,Primario
110379,2025.0,9.0,32.0,36.0,MSVI,Municipal,Primario
110379,2025.0,10.0,19.0,22.0,MSVI,Municipal,Primario
110380,2025.0,1.0,4.0,18.0,MSVI,Municipal,Primario
110380,2025.0,2.0,4.0,8.0,MSVI,Municipal,Primario
110380,2025.0,3.0,6.0,10.0,MSVI,Municipal,Primario
110380,2025.0,4.0,2.0,2.0,MSVI,Municipal,Primario
110380,2025.0,5.0,6.0,12.0,MSVI,Municipal,Primario
110380,2025.0,6.0,0.0,0.0,MSVI,Municipal,Primario
110380,2025.0,7.0,8.0,8.0,MSVI,Municipal,Primario
110380,2025.0,8.0,14.0,14.0,MSVI,Municipal,Primario
110380,2025.0,9.0,4.0,8.0,MSVI,Municipal,Primario
110380,2025.0,10.0,1.0,2.0,MSVI,Municipal,Primario
110381,2025.0,1.0,2.0,8.0,MSVI,Municipal,Primario
110381,2025.0,2.0,4.0,10.0,MSVI,Municipal,Primario
110381,2025.0,3.0,0.0,2.0,MSVI,Municipal,Primario
110381,2025.0,4.0,8.0,12.0,MSVI,Municipal,Primario
110381,2025.0,5.0,4.0,6.0,MSVI,Municipal,Primario
110381,2025.0,6.0,10.0,10.0,MSVI,Municipal,Primario
110381,2025.0,7.0,8.0,12.0,MSVI,Municipal,Primario
110381,2025.0,8.0,4.0,6.0,MSVI,Municipal,Primario
110381,2025.0,9.0,10.0,14.0,MSVI,Municipal,Primario
110381,2025.0,10.0,2.0,5.0,MSVI,Municipal,Primario
110385,2025.0,1.0,4.0,4.0,MSVI,Municipal,Primario
110385,2025.0,2.0,2.0,4.0,MSVI,Municipal,Primario
110385,2025.0,3.0,2.0,2.0,MSVI,Municipal,Primario
110385,2025.0,4.0,2.0,6.0,MSVI,Municipal,Primario
110385,2025.0,5.0,4.0,10.0,MSVI,Municipal,Primario
110385,2025.0,6.0,6.0,10.0,MSVI,Municipal,Primario
110385,2025.0,7.0,6.0,8.0,MSVI,Municipal,Primario
110385,2025.0,8.0,2.0,2.0,MSVI,Municipal,Primario
110385,2025.0,9.0,4.0,4.0,MSVI,Municipal,Primario
110385,2025.0,10.0,0.0,1.0,MSVI,Municipal,Primario
110387,2025.0,1.0,6.0,14.0,MSVI,Municipal,Primario
110387,2025.0,2.0,6.0,8.0,MSVI,Municipal,Primario
110387,2025.0,3.0,12.0,16.0,MSVI,Municipal,Primario
110387,2025.0,4.0,4.0,14.0,MSVI,Municipal,Primario
110387,2025.0,5.0,4.0,6.0,MSVI,Municipal,Primario
110387,2025.0,6.0,16.0,22.0,MSVI,Municipal,Primario
110387,2025.0,7.0,12.0,26.0,MSVI,Municipal,Primario
110387,2025.0,8.0,10.0,12.0,MSVI,Municipal,Primario
110387,2025.0,9.0,6.0,12.0,MSVI,Municipal,Primario
110387,2025.0,10.0,7.0,8.0,MSVI,Municipal,Primario
110390,2025.0,1.0,24.0,54.0,MSVI,Municipal,Primario
110390,2025.0,2.0,18.0,54.0,MSVI,Municipal,Primario
110390,2025.0,3.0,28.0,50.0,MSVI,Municipal,Primario
110390,2025.0,4.0,26.0,40.0,MSVI,Municipal,Primario
110390,2025.0,5.0,10.0,28.0,MSVI,Municipal,Primario
110390,2025.0,6.0,18.0,40.0,MSVI,Municipal,Primario
110390,2025.0,7.0,26.0,44.0,MSVI,Municipal,Primario
110390,2025.0,8.0,32.0,60.0,MSVI,Municipal,Primario
110390,2025.0,9.0,32.0,56.0,MSVI,Municipal,Primario
110390,2025.0,10.0,8.0,21.0,MSVI,Municipal,Primario
110393,2025.0,1.0,6.0,10.0,MSVI,Municipal,Primario
110393,2025.0,2.0,2.0,4.0,MSVI,Municipal,Primario
110393,2025.0,3.0,2.0,4.0,MSVI,Municipal,Primario
110393,2025.0,4.0,2.0,4.0,MSVI,Municipal,Primario
110393,2025.0,5.0,0.0,2.0,MSVI,Municipal,Primario
110393,2025.0,6.0,4.0,8.0,MSVI,Municipal,Primario
110393,2025.0,7.0,8.0,12.0,MSVI,Municipal,Primario
110393,2025.0,8.0,6.0,10.0,MSVI,Municipal,Primario
110393,2025.0,9.0,2.0,6.0,MSVI,Municipal,Primario
110393,2025.0,10.0,5.0,6.0,MSVI,Municipal,Primario
110400,2025.0,1.0,2.0,4.0,MSVI,Municipal,Primario
110400,2025.0,2.0,0.0,0.0,MSVI,Municipal,Primario
110400,2025.0,3.0,2.0,4.0,MSVI,Municipal,Primario
110400,2025.0,4.0,2.0,4.0,MSVI,Municipal,Primario
110400,2025.0,5.0,0.0,0.0,MSVI,Municipal,Primario
110400,2025.0,6.0,0.0,2.0,MSVI,Municipal,Primario
110400,2025.0,7.0,0.0,0.0,MSVI,Municipal,Primario
110400,2025.0,8.0,0.0,2.0,MSVI,Municipal,Primario
110400,2025.0,9.0,,0.0,MSVI,Municipal,Primario
110400,2025.0,10.0,0.0,0.0,MSVI,Municipal,Primario
110410,2025.0,3.0,0.0,0.0,MSVI,Municipal,Primario
110410,2025.0,4.0,0.0,0.0,MSVI,Municipal,Primario
110410,2025.0,5.0,0.0,0.0,MSVI,Municipal,Primario
110410,2025.0,6.0,,0.0,MSVI,Municipal,Primario
110410,2025.0,7.0,0.0,0.0,MSVI,Municipal,Primario
110410,2025.0,8.0,0.0,0.0,MSVI,Municipal,Primario
110410,2025.0,9.0,0.0,0.0,MSVI,Municipal,Primario
110410,2025.0,10.0,0.0,0.0,MSVI,Municipal,Primario
110425,2025.0,1.0,8.0,14.0,MSVI,Municipal,Primario
110425,2025.0,2.0,3.0,9.0,MSVI,Municipal,Primario
110425,2025.0,3.0,10.0,26.0,MSVI,Municipal,Primario
110425,2025.0,4.0,8.0,16.0,MSVI,Municipal,Primario
110425,2025.0,5.0,10.0,16.0,MSVI,Municipal,Primario
110425,2025.0,6.0,10.0,22.0,MSVI,Municipal,Primario
110425,2025.0,7.0,14.0,18.0,MSVI,Municipal,Primario
110425,2025.0,8.0,6.0,12.0,MSVI,Municipal,Primario
110425,2025.0,9.0,10.0,26.0,MSVI,Municipal,Primario
110425,2025.0,10.0,5.0,8.0,MSVI,Municipal,Primario
110430,2025.0,1.0,6.0,6.0,MSVI,Municipal,Primario
110430,2025.0,2.0,0.0,2.0,MSVI,Municipal,Primario
110430,2025.0,3.0,0.0,0.0,MSVI,Municipal,Primario
110430,2025.0,4.0,0.0,0.0,MSVI,Municipal,Primario
110430,2025.0,5.0,2.0,6.0,MSVI,Municipal,Primario
110430,2025.0,6.0,0.0,0.0,MSVI,Municipal,Primario
110430,2025.0,7.0,0.0,0.0,MSVI,Municipal,Primario
110430,2025.0,8.0,2.0,2.0,MSVI,Municipal,Primario
110430,2025.0,9.0,4.0,6.0,MSVI,Municipal,Primario
110430,2025.0,10.0,1.0,2.0,MSVI,Municipal,Primario
110431,2025.0,1.0,2.0,2.0,MSVI,Municipal,Primario
110431,2025.0,2.0,0.0,0.0,MSVI,Municipal,Primario
110431,2025.0,3.0,4.0,4.0,MSVI,Municipal,Primario
110431,2025.0,4.0,4.0,4.0,MSVI,Municipal,Primario
110431,2025.0,5.0,0.0,0.0,MSVI,Municipal,Primario
110431,2025.0,6.0,0.0,0.0,MSVI,Municipal,Primario
110431,2025.0,7.0,,0.0,MSVI,Municipal,Primario
110431,2025.0,8.0,2.0,4.0,MSVI,Municipal,Primario
110431,2025.0,9.0,,0.0,MSVI,Municipal,Primario
110431,2025.0,10.0,1.0,2.0,MSVI,Municipal,Primario
110432,2025.0,1.0,,0.0,MSVI,Municipal,Primario
110432,2025.0,3.0,2.0,2.0,MSVI,Municipal,Primario
110432,2025.0,4.0,,2.0,MSVI,Municipal,Primario
110432,2025.0,5.0,0.0,0.0,MSVI,Municipal,Primario
110432,2025.0,6.0,2.0,2.0,MSVI,Municipal,Primario
110432,2025.0,7.0,,2.0,MSVI,Municipal,Primario
110432,2025.0,8.0,2.0,2.0,MSVI,Municipal,Primario
110432,2025.0,9.0,2.0,2.0,MSVI,Municipal,Primario
110432,2025.0,10.0,,1.0,MSVI,Municipal,Primario
110440,2025.0,1.0,8.0,10.0,MSVI,Municipal,Primario
110440,2025.0,2.0,0.0,6.0,MSVI,Municipal,Primario
110440,2025.0,3.0,2.0,4.0,MSVI,Municipal,Primario
110440,2025.0,4.0,6.0,8.0,MSVI,Municipal,Primario
110440,2025.0,5.0,4.0,8.0,MSVI,Municipal,Primario
110440,2025.0,6.0,2.0,6.0,MSVI,Municipal,Primario
110440,2025.0,7.0,4.0,4.0,MSVI,Municipal,Primario
110440,2025.0,8.0,8.0,8.0,MSVI,Municipal,Primario
110440,2025.0,9.0,0.0,2.0,MSVI,Municipal,Primario
110440,2025.0,10.0,4.0,6.0,MSVI,Municipal,Primario
110445,2025.0,1.0,0.0,0.0,MSVI,Municipal,Primario
110445,2025.0,2.0,2.0,2.0,MSVI,Municipal,Primario
110445,2025.0,3.0,0.0,2.0,MSVI,Municipal,Primario
110445,2025.0,4.0,0.0,2.0,MSVI,Municipal,Primario
110445,2025.0,5.0,0.0,4.0,MSVI,Municipal,Primario
110445,2025.0,6.0,2.0,2.0,MSVI,Municipal,Primario
110445,2025.0,7.0,2.0,2.0,MSVI,Municipal,Primario
110445,2025.0,8.0,2.0,6.0,MSVI,Municipal,Primario
110445,2025.0,9.0,2.0,4.0,MSVI,Municipal,Primario
110445,2025.0,10.0,2.0,3.0,MSVI,Municipal,Primario
110455,2025.0,1.0,4.0,4.0,MSVI,Municipal,Primario
110455,2025.0,2.0,2.0,6.0,MSVI,Municipal,Primario
110455,2025.0,3.0,0.0,0.0,MSVI,Municipal,Primario
110455,2025.0,4.0,0.0,0.0,MSVI,Municipal,Primario
110455,2025.0,5.0,2.0,2.0,MSVI,Municipal,Primario
110455,2025.0,6.0,0.0,2.0,MSVI,Municipal,Primario
110455,2025.0,7.0,4.0,6.0,MSVI,Municipal,Primario
110455,2025.0,8.0,2.0,2.0,MSVI,Municipal,Primario
110455,2025.0,9.0,2.0,2.0,MSVI,Municipal,Primario
110455,2025.0,10.0,1.0,1.0,MSVI,Municipal,Primario
110465,2025.0,1.0,0.0,0.0,MSVI,Municipal,Primario
110465,2025.0,2.0,0.0,2.0,MSVI,Municipal,Primario
110465,2025.0,3.0,2.0,6.0,MSVI,Municipal,Primario
110465,2025.0,4.0,0.0,0.0,MSVI,Municipal,Primario
110465,2025.0,5.0,0.0,0.0,MSVI,Municipal,Primario
110465,2025.0,6.0,2.0,4.0,MSVI,Municipal,Primario
110465,2025.0,7.0,2.0,4.0,MSVI,Municipal,Primario
110465,2025.0,8.0,0.0,0.0,MSVI,Municipal,Primario
110465,2025.0,9.0,2.0,2.0,MSVI,Municipal,Primario
110465,2025.0,10.0,,0.0,MSVI,Municipal,Primario
110470,2025.0,1.0,0.0,0.0,MSVI,Municipal,Primario
110470,2025.0,2.0,2.0,2.0,MSVI,Municipal,Primario
110470,2025.0,3.0,0.0,0.0,MSVI,Municipal,Primario
110470,2025.0,4.0,0.0,0.0,MSVI,Municipal,Primario
110470,2025.0,5.0,0.0,0.0,MSVI,Municipal,Primario
110470,2025.0,6.0,0.0,0.0,MSVI,Municipal,Primario
110470,2025.0,7.0,2.0,2.0,MSVI,Municipal,Primario
110470,2025.0,9.0,,0.0,MSVI,Municipal,Primario
110475,2025.0,1.0,0.0,0.0,MSVI,Municipal,Primario
110475,2025.0,2.0,0.0,0.0,MSVI,Municipal,Primario
110475,2025.0,3.0,6.0,6.0,MSVI,Municipal,Primario
110475,2025.0,4.0,2.0,2.0,MSVI,Municipal,Primario
110475,2025.0,5.0,0.0,2.0,MSVI,Municipal,Primario
110475,2025.0,6.0,0.0,0.0,MSVI,Municipal,Primario
110475,2025.0,7.0,2.0,2.0,MSVI,Municipal,Primario
110475,2025.0,8.0,2.0,6.0,MSVI,Municipal,Primario
110475,2025.0,9.0,2.0,2.0,MSVI,Municipal,Primario
110475,2025.0,10.0,0.0,0.0,MSVI,Municipal,Primario
110477,2025.0,1.0,2.0,2.0,MSVI,Servicio de Salud,Primario
110477,2025.0,2.0,2.0,4.0,MSVI,Servicio de Salud,Primario
110477,2025.0,3.0,4.0,4.0,MSVI,Servicio de Salud,Primario
110477,2025.0,4.0,0.0,2.0,MSVI,Servicio de Salud,Primario
110477,2025.0,5.0,0.0,6.0,MSVI,Servicio de Salud,Primario
110477,2025.0,6.0,0.0,4.0,MSVI,Servicio de Salud,Primario
110477,2025.0,7.0,0.0,4.0,MSVI,Servicio de Salud,Primario
110477,2025.0,8.0,4.0,6.0,MSVI,Servicio de Salud,Primario
110477,2025.0,9.0,0.0,0.0,MSVI,Servicio de Salud,Primario
110477,2025.0,10.0,1.0,2.0,MSVI,Servicio de Salud,Primario
110485,2025.0,1.0,2.0,2.0,MSVI,Municipal,Primario
110485,2025.0,2.0,0.0,0.0,MSVI,Municipal,Primario
110485,2025.0,3.0,4.0,4.0,MSVI,Municipal,Primario
110485,2025.0,4.0,,0.0,MSVI,Municipal,Primario
110485,2025.0,5.0,4.0,6.0,MSVI,Municipal,Primario
110485,2025.0,7.0,0.0,0.0,MSVI,Municipal,Primario
110485,2025.0,8.0,2.0,2.0,MSVI,Municipal,Primario
110485,2025.0,9.0,0.0,0.0,MSVI,Municipal,Primario
110485,2025.0,10.0,2.0,3.0,MSVI,Municipal,Primario
110490,2025.0,1.0,0.0,0.0,MSVI,Municipal,Primario
110490,2025.0,4.0,,0.0,MSVI,Municipal,Primario
110490,2025.0,6.0,2.0,2.0,MSVI,Municipal,Primario
110490,2025.0,7.0,,0.0,MSVI,Municipal,Primario
110490,2025.0,8.0,,0.0,MSVI,Municipal,Primario
110492,2025.0,1.0,2.0,2.0,MSVI,Municipal,Primario
110492,2025.0,2.0,,0.0,MSVI,Municipal,Primario
110492,2025.0,3.0,,2.0,MSVI,Municipal,Primario
110492,2025.0,4.0,2.0,2.0,MSVI,Municipal,Primario
110492,2025.0,5.0,0.0,2.0,MSVI,Municipal,Primario
110492,2025.0,7.0,0.0,0.0,MSVI,Municipal,Primario
110492,2025.0,8.0,0.0,0.0,MSVI,Municipal,Primario
110492,2025.0,9.0,,0.0,MSVI,Municipal,Primario
110492,2025.0,10.0,1.0,1.0,MSVI,Municipal,Primario
110495,2025.0,1.0,0.0,0.0,MSVI,Municipal,Primario
110495,2025.0,2.0,0.0,2.0,MSVI,Municipal,Primario
110495,2025.0,3.0,0.0,0.0,MSVI,Municipal,Primario
110495,2025.0,4.0,2.0,4.0,MSVI,Municipal,Primario
110495,2025.0,5.0,0.0,0.0,MSVI,Municipal,Primario
110495,2025.0,6.0,0.0,2.0,MSVI,Municipal,Primario
110495,2025.0,7.0,0.0,2.0,MSVI,Municipal,Primario
110495,2025.0,8.0,2.0,2.0,MSVI,Municipal,Primario
110495,2025.0,9.0,2.0,2.0,MSVI,Municipal,Primario
110495,2025.0,10.0,4.0,6.0,MSVI,Municipal,Primario
110503,2025.0,1.0,6.0,6.0,MSVI,Municipal,Primario
110503,2025.0,2.0,6.0,6.0,MSVI,Municipal,Primario
110503,2025.0,3.0,0.0,0.0,MSVI,Municipal,Primario
110503,2025.0,4.0,0.0,4.0,MSVI,Municipal,Primario
110503,2025.0,5.0,0.0,2.0,MSVI,Municipal,Primario
110503,2025.0,6.0,6.0,6.0,MSVI,Municipal,Primario
110503,2025.0,7.0,2.0,10.0,MSVI,Municipal,Primario
110503,2025.0,8.0,0.0,6.0,MSVI,Municipal,Primario
110503,2025.0,9.0,0.0,0.0,MSVI,Municipal,Primario
110503,2025.0,10.0,4.0,5.0,MSVI,Municipal,Primario
110505,2025.0,8.0,,2.0,MSVI,Municipal,Primario
110510,2025.0,3.0,,2.0,MSVI,Municipal,Primario
110510,2025.0,7.0,,0.0,MSVI,Municipal,Primario
110510,2025.0,8.0,2.0,4.0,MSVI,Municipal,Primario
110720,2025.0,1.0,2.0,4.0,MSVI,Municipal,Primario
110720,2025.0,2.0,2.0,2.0,MSVI,Municipal,Primario
110720,2025.0,3.0,2.0,2.0,MSVI,Municipal,Primario
110720,2025.0,4.0,6.0,6.0,MSVI,Municipal,Primario
110720,2025.0,5.0,8.0,10.0,MSVI,Municipal,Primario
110720,2025.0,6.0,2.0,2.0,MSVI,Municipal,Primario
110720,2025.0,7.0,6.0,6.0,MSVI,Municipal,Primario
110720,2025.0,8.0,6.0,6.0,MSVI,Municipal,Primario
110720,2025.0,9.0,4.0,4.0,MSVI,Municipal,Primario
110720,2025.0,10.0,2.0,3.0,MSVI,Municipal,Primario
110725,2025.0,1.0,4.0,4.0,MSVI,Municipal,Primario
110725,2025.0,2.0,0.0,2.0,MSVI,Municipal,Primario
110725,2025.0,3.0,0.0,2.0,MSVI,Municipal,Primario
110725,2025.0,4.0,4.0,6.0,MSVI,Municipal,Primario
110725,2025.0,5.0,6.0,6.0,MSVI,Municipal,Primario
110725,2025.0,6.0,2.0,2.0,MSVI,Municipal,Primario
110725,2025.0,7.0,0.0,0.0,MSVI,Municipal,Primario
110725,2025.0,8.0,2.0,2.0,MSVI,Municipal,Primario
110725,2025.0,9.0,4.0,4.0,MSVI,Municipal,Primario
110725,2025.0,10.0,1.0,2.0,MSVI,Municipal,Primario
110735,2025.0,1.0,0.0,,MSVI,Municipal,Primario
110735,2025.0,2.0,0.0,2.0,MSVI,Municipal,Primario
110735,2025.0,3.0,0.0,0.0,MSVI,Municipal,Primario
110735,2025.0,4.0,0.0,0.0,MSVI,Municipal,Primario
110735,2025.0,5.0,2.0,4.0,MSVI,Municipal,Primario
110735,2025.0,6.0,4.0,4.0,MSVI,Municipal,Primario
110735,2025.0,7.0,2.0,2.0,MSVI,Municipal,Primario
110735,2025.0,8.0,0.0,2.0,MSVI,Municipal,Primario
110735,2025.0,9.0,2.0,4.0,MSVI,Municipal,Primario
110735,2025.0,10.0,0.0,0.0,MSVI,Municipal,Primario
110750,2025.0,1.0,2.0,2.0,MSVI,Municipal,Primario
110750,2025.0,2.0,,0.0,MSVI,Municipal,Primario
110750,2025.0,3.0,2.0,2.0,MSVI,Municipal,Primario
110750,2025.0,4.0,0.0,0.0,MSVI,Municipal,Primario
110750,2025.0,5.0,,0.0,MSVI,Municipal,Primario
110750,2025.0,6.0,0.0,0.0,MSVI,Municipal,Primario
110750,2025.0,7.0,0.0,0.0,MSVI,Municipal,Primario
110750,2025.0,8.0,,0.0,MSVI,Municipal,Primario
110750,2025.0,9.0,2.0,2.0,MSVI,Municipal,Primario
110752,2025.0,1.0,4.0,4.0,MSVI,Municipal,Primario
110752,2025.0,2.0,4.0,8.0,MSVI,Municipal,Primario
110752,2025.0,3.0,2.0,2.0,MSVI,Municipal,Primario
110752,2025.0,4.0,2.0,4.0,MSVI,Municipal,Primario
110752,2025.0,5.0,2.0,4.0,MSVI,Municipal,Primario
110752,2025.0,6.0,2.0,4.0,MSVI,Municipal,Primario
110752,2025.0,7.0,4.0,4.0,MSVI,Municipal,Primario
110752,2025.0,8.0,0.0,2.0,MSVI,Municipal,Primario
110752,2025.0,9.0,6.0,10.0,MSVI,Municipal,Primario
110752,2025.0,10.0,1.0,2.0,MSVI,Municipal,Primario
110754,2025.0,1.0,2.0,2.0,MSVI,Municipal,Primario
110754,2025.0,2.0,2.0,4.0,MSVI,Municipal,Primario
110754,2025.0,3.0,2.0,2.0,MSVI,Municipal,Primario
110754,2025.0,4.0,4.0,4.0,MSVI,Municipal,Primario
110754,2025.0,5.0,4.0,4.0,MSVI,Municipal,Primario
110754,2025.0,6.0,2.0,4.0,MSVI,Municipal,Primario
110754,2025.0,7.0,0.0,4.0,MSVI,Municipal,Primario
110754,2025.0,8.0,0.0,0.0,MSVI,Municipal,Primario
110754,2025.0,9.0,2.0,6.0,MSVI,Municipal,Primario
110754,2025.0,10.0,1.0,2.0,MSVI,Municipal,Primario
110756,2025.0,1.0,0.0,2.0,MSVI,Municipal,Primario
110756,2025.0,2.0,,0.0,MSVI,Municipal,Primario
110756,2025.0,3.0,0.0,2.0,MSVI,Municipal,Primario
110756,2025.0,4.0,0.0,0.0,MSVI,Municipal,Primario
110756,2025.0,5.0,0.0,0.0,MSVI,Municipal,Primario
110756,2025.0,6.0,0.0,2.0,MSVI,Municipal,Primario
110756,2025.0,7.0,,2.0,MSVI,Municipal,Primario
110756,2025.0,8.0,0.0,2.0,MSVI,Municipal,Primario
110756,2025.0,9.0,2.0,2.0,MSVI,Municipal,Primario
110756,2025.0,10.0,0.0,1.0,MSVI,Municipal,Primario
110758,2025.0,1.0,0.0,2.0,MSVI,Municipal,Primario
110758,2025.0,2.0,2.0,6.0,MSVI,Municipal,Primario
110758,2025.0,3.0,,0.0,MSVI,Municipal,Primario
110758,2025.0,4.0,0.0,0.0,MSVI,Municipal,Primario
110758,2025.0,5.0,0.0,0.0,MSVI,Municipal,Primario
110758,2025.0,7.0,,0.0,MSVI,Municipal,Primario
110758,2025.0,8.0,0.0,0.0,MSVI,Municipal,Primario
110758,2025.0,9.0,,0.0,MSVI,Municipal,Primario
110758,2025.0,10.0,0.0,1.0,MSVI,Municipal,Primario
110760,2025.0,1.0,2.0,4.0,MSVI,Servicio de Salud,Primario
110760,2025.0,2.0,0.0,0.0,MSVI,Servicio de Salud,Primario
110760,2025.0,3.0,0.0,2.0,MSVI,Servicio de Salud,Primario
110760,2025.0,4.0,0.0,2.0,MSVI,Servicio de Salud,Primario
110760,2025.0,5.0,0.0,0.0,MSVI,Servicio de Salud,Primario
110760,2025.0,6.0,0.0,0.0,MSVI,Servicio de Salud,Primario
110760,2025.0,7.0,2.0,4.0,MSVI,Servicio de Salud,Primario
110760,2025.0,8.0,0.0,2.0,MSVI,Servicio de Salud,Primario
110760,2025.0,9.0,4.0,8.0,MSVI,Servicio de Salud,Primario
110760,2025.0,10.0,3.0,4.0,MSVI,Servicio de Salud,Primario
110775,2025.0,1.0,0.0,2.0,MSVI,Municipal,Primario
110775,2025.0,2.0,2.0,6.0,MSVI,Municipal,Primario
110775,2025.0,3.0,6.0,6.0,MSVI,Municipal,Primario
110775,2025.0,4.0,2.0,2.0,MSVI,Municipal,Primario
110775,2025.0,5.0,0.0,0.0,MSVI,Municipal,Primario
110775,2025.0,6.0,2.0,2.0,MSVI,Municipal,Primario
110775,2025.0,7.0,2.0,4.0,MSVI,Municipal,Primario
110775,2025.0,8.0,8.0,8.0,MSVI,Municipal,Primario
110775,2025.0,9.0,4.0,5.0,MSVI,Municipal,Primario
110775,2025.0,10.0,0.0,3.0,MSVI,Municipal,Primario
110778,2025.0,1.0,14.0,14.0,MSVI,Municipal,Primario
110778,2025.0,2.0,10.0,20.0,MSVI,Municipal,Primario
110778,2025.0,3.0,12.0,16.0,MSVI,Municipal,Primario
110778,2025.0,4.0,2.0,8.0,MSVI,Municipal,Primario
110778,2025.0,5.0,2.0,4.0,MSVI,Municipal,Primario
110778,2025.0,6.0,0.0,0.0,MSVI,Municipal,Primario
110778,2025.0,7.0,8.0,10.0,MSVI,Municipal,Primario
110778,2025.0,8.0,10.0,16.0,MSVI,Municipal,Primario
110778,2025.0,9.0,6.0,6.0,MSVI,Municipal,Primario
110778,2025.0,10.0,2.0,13.0,MSVI,Municipal,Primario
110781,2025.0,1.0,4.0,4.0,MSVI,Municipal,Primario
110781,2025.0,2.0,6.0,8.0,MSVI,Municipal,Primario
110781,2025.0,3.0,8.0,8.0,MSVI,Municipal,Primario
110781,2025.0,4.0,4.0,6.0,MSVI,Municipal,Primario
110781,2025.0,5.0,2.0,4.0,MSVI,Municipal,Primario
110781,2025.0,6.0,2.0,2.0,MSVI,Municipal,Primario
110781,2025.0,7.0,0.0,0.0,MSVI,Municipal,Primario
110781,2025.0,8.0,0.0,0.0,MSVI,Municipal,Primario
110781,2025.0,9.0,4.0,8.0,MSVI,Municipal,Primario
110781,2025.0,10.0,4.0,4.0,MSVI,Municipal,Primario
110783,2025.0,1.0,0.0,0.0,MSVI,Municipal,Primario
110783,2025.0,2.0,0.0,2.0,MSVI,Municipal,Primario
110783,2025.0,3.0,0.0,0.0,MSVI,Municipal,Primario
110783,2025.0,4.0,2.0,4.0,MSVI,Municipal,Primario
110783,2025.0,5.0,,0.0,MSVI,Municipal,Primario
110783,2025.0,6.0,0.0,0.0,MSVI,Municipal,Primario
110783,2025.0,7.0,0.0,8.0,MSVI,Municipal,Primario
110783,2025.0,8.0,2.0,2.0,MSVI,Municipal,Primario
110783,2025.0,9.0,2.0,2.0,MSVI,Municipal,Primario
110783,2025.0,10.0,1.0,2.0,MSVI,Municipal,Primario
111300,2025.0,1.0,22.0,54.0,MSVI,Servicio de Salud,Primario
111300,2025.0,2.0,22.0,58.0,MSVI,Servicio de Salud,Primario
111300,2025.0,3.0,40.0,76.0,MSVI,Servicio de Salud,Primario
111300,2025.0,4.0,28.0,56.0,MSVI,Servicio de Salud,Primario
111300,2025.0,5.0,42.0,64.0,MSVI,Servicio de Salud,Primario
111300,2025.0,6.0,38.0,56.0,MSVI,Servicio de Salud,Primario
111300,2025.0,7.0,46.0,82.0,MSVI,Servicio de Salud,Primario
111300,2025.0,8.0,20.0,58.0,MSVI,Servicio de Salud,Primario
111300,2025.0,9.0,34.0,52.0,MSVI,Servicio de Salud,Primario
111300,2025.0,10.0,17.0,34.0,MSVI,Servicio de Salud,Primario
111301,2025.0,1.0,22.0,38.0,MSVI,Servicio de Salud,Primario
111301,2025.0,2.0,12.0,30.0,MSVI,Servicio de Salud,Primario
111301,2025.0,3.0,22.0,36.0,MSVI,Servicio de Salud,Primario
111301,2025.0,4.0,28.0,42.0,MSVI,Servicio de Salud,Primario
111301,2025.0,5.0,20.0,32.0,MSVI,Servicio de Salud,Primario
111301,2025.0,6.0,20.0,38.0,MSVI,Servicio de Salud,Primario
111301,2025.0,7.0,16.0,34.0,MSVI,Servicio de Salud,Primario
111301,2025.0,8.0,16.0,34.0,MSVI,Servicio de Salud,Primario
111301,2025.0,9.0,18.0,22.0,MSVI,Servicio de Salud,Primario
111301,2025.0,10.0,12.0,19.0,MSVI,Servicio de Salud,Primario
111302,2025.0,1.0,18.0,30.0,MSVI,Servicio de Salud,Primario
111302,2025.0,2.0,8.0,22.0,MSVI,Servicio de Salud,Primario
111302,2025.0,3.0,28.0,36.0,MSVI,Servicio de Salud,Primario
111302,2025.0,4.0,14.0,24.0,MSVI,Servicio de Salud,Primario
111302,2025.0,5.0,20.0,26.0,MSVI,Servicio de Salud,Primario
111302,2025.0,6.0,14.0,24.0,MSVI,Servicio de Salud,Primario
111302,2025.0,7.0,24.0,28.0,MSVI,Servicio de Salud,Primario
111302,2025.0,8.0,22.0,36.0,MSVI,Servicio de Salud,Primario
111302,2025.0,9.0,16.0,28.0,MSVI,Servicio de Salud,Primario
111302,2025.0,10.0,5.0,16.0,MSVI,Servicio de Salud,Primario
111303,2025.0,1.0,14.0,28.0,MSVI,Municipal,Primario
111303,2025.0,2.0,8.0,10.0,MSVI,Municipal,Primario
111303,2025.0,3.0,14.0,26.0,MSVI,Municipal,Primario
111303,2025.0,4.0,14.0,30.0,MSVI,Municipal,Primario
111303,2025.0,5.0,4.0,14.0,MSVI,Municipal,Primario
111303,2025.0,6.0,14.0,34.0,MSVI,Municipal,Primario
111303,2025.0,7.0,14.0,24.0,MSVI,Municipal,Primario
111303,2025.0,8.0,8.0,12.0,MSVI,Municipal,Primario
111303,2025.0,9.0,12.0,20.0,MSVI,Municipal,Primario
111303,2025.0,10.0,5.0,8.0,MSVI,Municipal,Primario
111304,2025.0,1.0,16.0,36.0,MSVI,Servicio de Salud,Primario
111304,2025.0,2.0,8.0,12.0,MSVI,Servicio de Salud,Primario
111304,2025.0,3.0,6.0,20.0,MSVI,Servicio de Salud,Primario
111304,2025.0,4.0,20.0,32.0,MSVI,Servicio de Salud,Primario
111304,2025.0,5.0,8.0,16.0,MSVI,Servicio de Salud,Primario
111304,2025.0,6.0,12.0,30.0,MSVI,Servicio de Salud,Primario
111304,2025.0,7.0,28.0,60.0,MSVI,Servicio de Salud,Primario
111304,2025.0,8.0,12.0,24.0,MSVI,Servicio de Salud,Primario
111304,2025.0,9.0,20.0,28.0,MSVI,Servicio de Salud,Primario
111304,2025.0,10.0,4.0,13.0,MSVI,Servicio de Salud,Primario
111305,2025.0,1.0,22.0,36.0,MSVI,Servicio de Salud,Primario
111305,2025.0,2.0,28.0,48.0,MSVI,Servicio de Salud,Primario
111305,2025.0,3.0,20.0,48.0,MSVI,Servicio de Salud,Primario
111305,2025.0,4.0,18.0,36.0,MSVI,Servicio de Salud,Primario
111305,2025.0,5.0,38.0,38.0,MSVI,Servicio de Salud,Primario
111305,2025.0,6.0,28.0,38.0,MSVI,Servicio de Salud,Primario
111305,2025.0,7.0,34.0,34.0,MSVI,Servicio de Salud,Primario
111305,2025.0,8.0,32.0,42.0,MSVI,Servicio de Salud,Primario
111305,2025.0,9.0,26.0,36.0,MSVI,Servicio de Salud,Primario
111305,2025.0,10.0,21.0,27.0,MSVI,Servicio de Salud,Primario
111306,2025.0,1.0,20.0,32.0,MSVI,Servicio de Salud,Primario
111306,2025.0,2.0,14.0,16.0,MSVI,Servicio de Salud,Primario
111306,2025.0,3.0,14.0,32.0,MSVI,Servicio de Salud,Primario
111306,2025.0,4.0,32.0,44.0,MSVI,Servicio de Salud,Primario
111306,2025.0,5.0,16.0,32.0,MSVI,Servicio de Salud,Primario
111306,2025.0,6.0,12.0,20.0,MSVI,Servicio de Salud,Primario
111306,2025.0,7.0,18.0,26.0,MSVI,Servicio de Salud,Primario
111306,2025.0,8.0,18.0,30.0,MSVI,Servicio de Salud,Primario
111306,2025.0,9.0,14.0,22.0,MSVI,Servicio de Salud,Primario
111306,2025.0,10.0,7.0,10.0,MSVI,Servicio de Salud,Primario
111307,2025.0,1.0,20.0,26.0,MSVI,Servicio de Salud,Primario
111307,2025.0,2.0,2.0,2.0,MSVI,Servicio de Salud,Primario
111307,2025.0,3.0,26.0,52.0,MSVI,Servicio de Salud,Primario
111307,2025.0,4.0,20.0,32.0,MSVI,Servicio de Salud,Primario
111307,2025.0,5.0,4.0,8.0,MSVI,Servicio de Salud,Primario
111307,2025.0,6.0,10.0,20.0,MSVI,Servicio de Salud,Primario
111307,2025.0,7.0,18.0,32.0,MSVI,Servicio de Salud,Primario
111307,2025.0,8.0,12.0,20.0,MSVI,Servicio de Salud,Primario
111307,2025.0,9.0,16.0,28.0,MSVI,Servicio de Salud,Primario
111307,2025.0,10.0,8.0,13.0,MSVI,Servicio de Salud,Primario
111308,2025.0,1.0,24.0,42.0,MSVI,Servicio de Salud,Primario
111308,2025.0,2.0,16.0,24.0,MSVI,Servicio de Salud,Primario
111308,2025.0,3.0,26.0,52.0,MSVI,Servicio de Salud,Primario
111308,2025.0,4.0,22.0,36.0,MSVI,Servicio de Salud,Primario
111308,2025.0,5.0,20.0,50.0,MSVI,Servicio de Salud,Primario
111308,2025.0,6.0,10.0,22.0,MSVI,Servicio de Salud,Primario
111308,2025.0,7.0,22.0,38.0,MSVI,Servicio de Salud,Primario
111308,2025.0,8.0,18.0,34.0,MSVI,Servicio de Salud,Primario
111308,2025.0,9.0,22.0,40.0,MSVI,Servicio de Salud,Primario
111308,2025.0,10.0,11.0,15.0,MSVI,Servicio de Salud,Primario
111309,2025.0,1.0,14.0,38.0,MSVI,Servicio de Salud,Primario
111309,2025.0,2.0,14.0,38.0,MSVI,Servicio de Salud,Primario
111309,2025.0,3.0,16.0,42.0,MSVI,Servicio de Salud,Primario
111309,2025.0,4.0,30.0,56.0,MSVI,Servicio de Salud,Primario
111309,2025.0,5.0,8.0,16.0,MSVI,Servicio de Salud,Primario
111309,2025.0,6.0,10.0,30.0,MSVI,Servicio de Salud,Primario
111309,2025.0,7.0,18.0,36.0,MSVI,Servicio de Salud,Primario
111309,2025.0,8.0,20.0,32.0,MSVI,Servicio de Salud,Primario
111309,2025.0,9.0,22.0,38.0,MSVI,Servicio de Salud,Primario
111309,2025.0,10.0,10.0,21.0,MSVI,Servicio de Salud,Primario
111310,2025.0,1.0,56.0,92.0,MSVI,Servicio de Salud,Primario
111310,2025.0,2.0,46.0,74.0,MSVI,Servicio de Salud,Primario
111310,2025.0,3.0,48.0,80.0,MSVI,Servicio de Salud,Primario
111310,2025.0,4.0,64.0,102.0,MSVI,Servicio de Salud,Primario
111310,2025.0,5.0,44.0,70.0,MSVI,Servicio de Salud,Primario
111310,2025.0,6.0,38.0,70.0,MSVI,Servicio de Salud,Primario
111310,2025.0,7.0,60.0,104.0,MSVI,Servicio de Salud,Primario
111310,2025.0,8.0,78.0,124.0,MSVI,Servicio de Salud,Primario
111310,2025.0,9.0,86.0,138.0,MSVI,Servicio de Salud,Primario
111310,2025.0,10.0,43.0,72.0,MSVI,Servicio de Salud,Primario
111370,2025.0,1.0,46.0,56.0,MSVI,Municipal,Primario
111370,2025.0,2.0,40.0,62.0,MSVI,Municipal,Primario
111370,2025.0,3.0,24.0,42.0,MSVI,Municipal,Primario
111370,2025.0,4.0,48.0,62.0,MSVI,Municipal,Primario
111370,2025.0,5.0,18.0,62.0,MSVI,Municipal,Primario
111370,2025.0,6.0,50.0,68.0,MSVI,Municipal,Primario
111370,2025.0,7.0,24.0,72.0,MSVI,Municipal,Primario
111370,2025.0,8.0,26.0,60.0,MSVI,Municipal,Primario
111370,2025.0,9.0,26.0,50.0,MSVI,Municipal,Primario
111370,2025.0,10.0,20.0,35.0,MSVI,Municipal,Primario
111372,2025.0,1.0,18.0,30.0,MSVI,Municipal,Primario
111372,2025.0,2.0,22.0,24.0,MSVI,Municipal,Primario
111372,2025.0,3.0,10.0,16.0,MSVI,Municipal,Primario
111372,2025.0,4.0,28.0,40.0,MSVI,Municipal,Primario
111372,2025.0,5.0,10.0,18.0,MSVI,Municipal,Primario
111372,2025.0,6.0,8.0,18.0,MSVI,Municipal,Primario
111372,2025.0,7.0,24.0,38.0,MSVI,Municipal,Primario
111372,2025.0,8.0,18.0,24.0,MSVI,Municipal,Primario
111372,2025.0,9.0,18.0,24.0,MSVI,Municipal,Primario
111372,2025.0,10.0,16.0,23.0,MSVI,Municipal,Primario
111376,2025.0,1.0,32.0,76.0,MSVI,Municipal,Primario
111376,2025.0,2.0,24.0,42.0,MSVI,Municipal,Primario
111376,2025.0,3.0,28.0,74.0,MSVI,Municipal,Primario
111376,2025.0,4.0,38.0,72.0,MSVI,Municipal,Primario
111376,2025.0,5.0,30.0,52.0,MSVI,Municipal,Primario
111376,2025.0,6.0,48.0,78.0,MSVI,Municipal,Primario
111376,2025.0,7.0,64.0,100.0,MSVI,Municipal,Primario
111376,2025.0,8.0,42.0,86.0,MSVI,Municipal,Primario
111376,2025.0,9.0,30.0,72.0,MSVI,Municipal,Primario
111376,2025.0,10.0,25.0,34.0,MSVI,Municipal,Primario
111378,2025.0,1.0,16.0,26.0,MSVI,Municipal,Primario
111378,2025.0,2.0,10.0,24.0,MSVI,Municipal,Primario
111378,2025.0,3.0,14.0,20.0,MSVI,Municipal,Primario
111378,2025.0,4.0,10.0,16.0,MSVI,Municipal,Primario
111378,2025.0,5.0,10.0,20.0,MSVI,Municipal,Primario
111378,2025.0,6.0,4.0,8.0,MSVI,Municipal,Primario
111378,2025.0,7.0,12.0,18.0,MSVI,Municipal,Primario
111378,2025.0,8.0,8.0,16.0,MSVI,Municipal,Primario
111378,2025.0,9.0,10.0,22.0,MSVI,Municipal,Primario
111378,2025.0,10.0,6.0,12.0,MSVI,Municipal,Primario
111379,2025.0,1.0,8.0,28.0,MSVI,Municipal,Primario
111379,2025.0,2.0,12.0,28.0,MSVI,Municipal,Primario
111379,2025.0,3.0,18.0,30.0,MSVI,Municipal,Primario
111379,2025.0,4.0,26.0,34.0,MSVI,Municipal,Primario
111379,2025.0,5.0,18.0,36.0,MSVI,Municipal,Primario
111379,2025.0,6.0,10.0,24.0,MSVI,Municipal,Primario
111379,2025.0,7.0,12.0,28.0,MSVI,Municipal,Primario
111379,2025.0,8.0,8.0,16.0,MSVI,Municipal,Primario
111379,2025.0,9.0,18.0,26.0,MSVI,Municipal,Primario
111379,2025.0,10.0,4.0,11.0,MSVI,Municipal,Primario
111380,2025.0,1.0,18.0,34.0,MSVI,Municipal,Primario
111380,2025.0,2.0,22.0,34.0,MSVI,Municipal,Primario
111380,2025.0,3.0,24.0,48.0,MSVI,Municipal,Primario
111380,2025.0,4.0,14.0,38.0,MSVI,Municipal,Primario
111380,2025.0,5.0,24.0,36.0,MSVI,Municipal,Primario
111380,2025.0,6.0,14.0,30.0,MSVI,Municipal,Primario
111380,2025.0,7.0,18.0,38.0,MSVI,Municipal,Primario
111380,2025.0,8.0,26.0,64.0,MSVI,Municipal,Primario
111380,2025.0,9.0,24.0,42.0,MSVI,Municipal,Primario
111380,2025.0,10.0,13.0,24.0,MSVI,Municipal,Primario
111381,2025.0,1.0,36.0,64.0,MSVI,Municipal,Primario
111381,2025.0,2.0,42.0,80.0,MSVI,Municipal,Primario
111381,2025.0,3.0,44.0,72.0,MSVI,Municipal,Primario
111381,2025.0,4.0,46.0,72.0,MSVI,Municipal,Primario
111381,2025.0,5.0,40.0,80.0,MSVI,Municipal,Primario
111381,2025.0,6.0,58.0,104.0,MSVI,Municipal,Primario
111381,2025.0,7.0,54.0,102.0,MSVI,Municipal,Primario
111381,2025.0,8.0,64.0,100.0,MSVI,Municipal,Primario
111381,2025.0,9.0,58.0,110.0,MSVI,Municipal,Primario
111381,2025.0,10.0,30.0,62.0,MSVI,Municipal,Primario
111382,2025.0,1.0,24.0,42.0,MSVI,Municipal,Primario
111382,2025.0,2.0,28.0,54.0,MSVI,Municipal,Primario
111382,2025.0,3.0,28.0,44.0,MSVI,Municipal,Primario
111382,2025.0,4.0,24.0,42.0,MSVI,Municipal,Primario
111382,2025.0,5.0,24.0,40.0,MSVI,Municipal,Primario
111382,2025.0,6.0,28.0,48.0,MSVI,Municipal,Primario
111382,2025.0,7.0,32.0,74.0,MSVI,Municipal,Primario
111382,2025.0,8.0,26.0,50.0,MSVI,Municipal,Primario
111382,2025.0,9.0,26.0,52.0,MSVI,Municipal,Primario
111382,2025.0,10.0,14.0,28.0,MSVI,Municipal,Primario
111383,2025.0,1.0,18.0,34.0,MSVI,Municipal,Primario
111383,2025.0,2.0,22.0,38.0,MSVI,Municipal,Primario
111383,2025.0,3.0,12.0,26.0,MSVI,Municipal,Primario
111383,2025.0,4.0,6.0,18.0,MSVI,Municipal,Primario
111383,2025.0,5.0,14.0,26.0,MSVI,Municipal,Primario
111383,2025.0,6.0,10.0,10.0,MSVI,Municipal,Primario
111383,2025.0,7.0,22.0,34.0,MSVI,Municipal,Primario
111383,2025.0,8.0,18.0,34.0,MSVI,Municipal,Primario
111383,2025.0,9.0,12.0,20.0,MSVI,Municipal,Primario
111383,2025.0,10.0,5.0,9.0,MSVI,Municipal,Primario
111400,2025.0,1.0,0.0,0.0,MSVI,Servicio de Salud,Primario
111400,2025.0,2.0,0.0,0.0,MSVI,Servicio de Salud,Primario
111400,2025.0,3.0,0.0,0.0,MSVI,Servicio de Salud,Primario
111400,2025.0,4.0,2.0,4.0,MSVI,Servicio de Salud,Primario
111400,2025.0,5.0,6.0,8.0,MSVI,Servicio de Salud,Primario
111400,2025.0,6.0,2.0,2.0,MSVI,Servicio de Salud,Primario
111400,2025.0,7.0,0.0,2.0,MSVI,Servicio de Salud,Primario
111400,2025.0,8.0,2.0,2.0,MSVI,Servicio de Salud,Primario
111400,2025.0,9.0,0.0,4.0,MSVI,Servicio de Salud,Primario
111400,2025.0,10.0,2.0,2.0,MSVI,Servicio de Salud,Primario
111704,2025.0,3.0,2.0,2.0,MSVI,Servicio de Salud,Primario
111704,2025.0,4.0,0.0,0.0,MSVI,Servicio de Salud,Primario
111704,2025.0,5.0,4.0,10.0,MSVI,Servicio de Salud,Primario
111704,2025.0,6.0,2.0,4.0,MSVI,Servicio de Salud,Primario
111704,2025.0,7.0,6.0,8.0,MSVI,Servicio de Salud,Primario
111704,2025.0,8.0,6.0,8.0,MSVI,Servicio de Salud,Primario
111704,2025.0,9.0,6.0,6.0,MSVI,Servicio de Salud,Primario
111704,2025.0,10.0,1.0,2.0,MSVI,Servicio de Salud,Primario
111780,2025.0,4.0,,2.0,MSVI,Servicio de Salud,Primario
111780,2025.0,5.0,,0.0,MSVI,Servicio de Salud,Primario
111780,2025.0,6.0,2.0,,MSVI,Servicio de Salud,Primario
111780,2025.0,7.0,2.0,2.0,MSVI,Servicio de Salud,Primario
111780,2025.0,8.0,2.0,2.0,MSVI,Servicio de Salud,Primario
111780,2025.0,9.0,0.0,2.0,MSVI,Servicio de Salud,Primario
111780,2025.0,10.0,,0.0,MSVI,Servicio de Salud,Primario
111781,2025.0,1.0,0.0,2.0,MSVI,Servicio de Salud,Primario
111781,2025.0,2.0,0.0,0.0,MSVI,Servicio de Salud,Primario
111781,2025.0,3.0,0.0,0.0,MSVI,Servicio de Salud,Primario
111781,2025.0,4.0,0.0,0.0,MSVI,Servicio de Salud,Primario
111781,2025.0,5.0,0.0,0.0,MSVI,Servicio de Salud,Primario
111781,2025.0,6.0,0.0,0.0,MSVI,Servicio de Salud,Primario
111781,2025.0,7.0,2.0,6.0,MSVI,Servicio de Salud,Primario
111781,2025.0,8.0,2.0,2.0,MSVI,Servicio de Salud,Primario
111781,2025.0,9.0,0.0,2.0,MSVI,Servicio de Salud,Primario
111781,2025.0,10.0,0.0,0.0,MSVI,Servicio de Salud,Primario
111783,2025.0,1.0,2.0,6.0,MSVI,Municipal,Primario
111783,2025.0,2.0,4.0,6.0,MSVI,Municipal,Primario
111783,2025.0,3.0,2.0,8.0,MSVI,Municipal,Primario
111783,2025.0,4.0,2.0,2.0,MSVI,Municipal,Primario
111783,2025.0,5.0,2.0,2.0,MSVI,Municipal,Primario
111783,2025.0,6.0,0.0,0.0,MSVI,Municipal,Primario
111783,2025.0,7.0,2.0,4.0,MSVI,Municipal,Primario
111783,2025.0,8.0,0.0,2.0,MSVI,Municipal,Primario
111783,2025.0,9.0,2.0,4.0,MSVI,Municipal,Primario
111783,2025.0,10.0,3.0,5.0,MSVI,Municipal,Primario
111784,2025.0,1.0,,2.0,MSVI,Municipal,Primario
111784,2025.0,2.0,0.0,2.0,MSVI,Municipal,Primario
111784,2025.0,3.0,0.0,0.0,MSVI,Municipal,Primario
111784,2025.0,4.0,0.0,0.0,MSVI,Municipal,Primario
111784,2025.0,5.0,0.0,0.0,MSVI,Municipal,Primario
111784,2025.0,6.0,0.0,0.0,MSVI,Municipal,Primario
111784,2025.0,7.0,2.0,2.0,MSVI,Municipal,Primario
111784,2025.0,8.0,0.0,0.0,MSVI,Municipal,Primario
111784,2025.0,9.0,2.0,2.0,MSVI,Municipal,Primario
111784,2025.0,10.0,2.0,4.0,MSVI,Municipal,Primario
112301,2025.0,1.0,2.0,2.0,MSVI,Municipal,Primario
112301,2025.0,2.0,4.0,4.0,MSVI,Municipal,Primario
112301,2025.0,3.0,16.0,18.0,MSVI,Municipal,Primario
112301,2025.0,4.0,2.0,6.0,MSVI,Municipal,Primario
112301,2025.0,5.0,2.0,2.0,MSVI,Municipal,Primario
112301,2025.0,6.0,4.0,4.0,MSVI,Municipal,Primario
112301,2025.0,7.0,4.0,6.0,MSVI,Municipal,Primario
112301,2025.0,8.0,4.0,4.0,MSVI,Municipal,Primario
112301,2025.0,9.0,2.0,4.0,MSVI,Municipal,Primario
112301,2025.0,10.0,1.0,4.0,MSVI,Municipal,Primario
112302,2025.0,1.0,2.0,2.0,MSVI,Municipal,Primario
112302,2025.0,2.0,2.0,6.0,MSVI,Municipal,Primario
112302,2025.0,3.0,6.0,8.0,MSVI,Municipal,Primario
112302,2025.0,4.0,10.0,10.0,MSVI,Municipal,Primario
112302,2025.0,5.0,2.0,6.0,MSVI,Municipal,Primario
112302,2025.0,6.0,2.0,2.0,MSVI,Municipal,Primario
112302,2025.0,7.0,6.0,6.0,MSVI,Municipal,Primario
112302,2025.0,8.0,0.0,0.0,MSVI,Municipal,Primario
112302,2025.0,9.0,0.0,0.0,MSVI,Municipal,Primario
112302,2025.0,10.0,0.0,3.0,MSVI,Municipal,Primario
112303,2025.0,1.0,2.0,6.0,MSVI,Municipal,Primario
112303,2025.0,2.0,4.0,10.0,MSVI,Municipal,Primario
112303,2025.0,3.0,8.0,8.0,MSVI,Municipal,Primario
112303,2025.0,4.0,0.0,2.0,MSVI,Municipal,Primario
112303,2025.0,5.0,2.0,8.0,MSVI,Municipal,Primario
112303,2025.0,6.0,4.0,4.0,MSVI,Municipal,Primario
112303,2025.0,7.0,0.0,2.0,MSVI,Municipal,Primario
112303,2025.0,8.0,0.0,0.0,MSVI,Municipal,Primario
112303,2025.0,9.0,4.0,4.0,MSVI,Municipal,Primario
112303,2025.0,10.0,2.0,2.0,MSVI,Municipal,Primario
112304,2025.0,1.0,1.0,6.0,MSVI,Municipal,Primario
112304,2025.0,2.0,2.0,10.0,MSVI,Municipal,Primario
112304,2025.0,3.0,6.0,8.0,MSVI,Municipal,Primario
112304,2025.0,4.0,6.0,10.0,MSVI,Municipal,Primario
112304,2025.0,5.0,2.0,4.0,MSVI,Municipal,Primario
112304,2025.0,6.0,4.0,6.0,MSVI,Municipal,Primario
112304,2025.0,7.0,4.0,6.0,MSVI,Municipal,Primario
112304,2025.0,8.0,0.0,2.0,MSVI,Municipal,Primario
112304,2025.0,9.0,0.0,6.0,MSVI,Municipal,Primario
112304,2025.0,10.0,1.0,2.0,MSVI,Municipal,Primario
112306,2025.0,1.0,10.0,20.0,MSVI,Municipal,Primario
112306,2025.0,2.0,8.0,20.0,MSVI,Municipal,Primario
112306,2025.0,3.0,8.0,18.0,MSVI,Municipal,Primario
112306,2025.0,4.0,8.0,10.0,MSVI,Municipal,Primario
112306,2025.0,5.0,6.0,14.0,MSVI,Municipal,Primario
112306,2025.0,6.0,8.0,16.0,MSVI,Municipal,Primario
112306,2025.0,7.0,22.0,40.0,MSVI,Municipal,Primario
112306,2025.0,8.0,16.0,30.0,MSVI,Municipal,Primario
112306,2025.0,9.0,10.0,16.0,MSVI,Municipal,Primario
112306,2025.0,10.0,3.0,6.0,MSVI,Municipal,Primario
112307,2025.0,1.0,18.0,38.0,MSVI,Municipal,Primario
112307,2025.0,2.0,14.0,28.0,MSVI,Municipal,Primario
112307,2025.0,3.0,24.0,32.0,MSVI,Municipal,Primario
112307,2025.0,4.0,24.0,40.0,MSVI,Municipal,Primario
112307,2025.0,5.0,16.0,42.0,MSVI,Municipal,Primario
112307,2025.0,6.0,18.0,36.0,MSVI,Municipal,Primario
112307,2025.0,7.0,24.0,38.0,MSVI,Municipal,Primario
112307,2025.0,8.0,6.0,14.0,MSVI,Municipal,Primario
112307,2025.0,9.0,30.0,56.0,MSVI,Municipal,Primario
112307,2025.0,10.0,13.0,20.0,MSVI,Municipal,Primario
112309,2025.0,1.0,0.0,0.0,MSVI,Municipal,Primario
112309,2025.0,2.0,4.0,4.0,MSVI,Municipal,Primario
112309,2025.0,3.0,2.0,2.0,MSVI,Municipal,Primario
112309,2025.0,4.0,2.0,2.0,MSVI,Municipal,Primario
112309,2025.0,5.0,2.0,4.0,MSVI,Municipal,Primario
112309,2025.0,6.0,2.0,6.0,MSVI,Municipal,Primario
112309,2025.0,7.0,4.0,10.0,MSVI,Municipal,Primario
112309,2025.0,8.0,0.0,2.0,MSVI,Municipal,Primario
112309,2025.0,9.0,8.0,14.0,MSVI,Municipal,Primario
112309,2025.0,10.0,1.0,3.0,MSVI,Municipal,Primario
112310,2025.0,1.0,16.0,28.0,MSVI,Municipal,Primario
112310,2025.0,2.0,16.0,36.0,MSVI,Municipal,Primario
112310,2025.0,3.0,12.0,22.0,MSVI,Municipal,Primario
112310,2025.0,4.0,18.0,36.0,MSVI,Municipal,Primario
112310,2025.0,5.0,6.0,10.0,MSVI,Municipal,Primario
112310,2025.0,6.0,8.0,14.0,MSVI,Municipal,Primario
112310,2025.0,7.0,16.0,20.0,MSVI,Municipal,Primario
112310,2025.0,8.0,24.0,34.0,MSVI,Municipal,Primario
112310,2025.0,9.0,14.0,38.0,MSVI,Municipal,Primario
112310,2025.0,10.0,6.0,13.0,MSVI,Municipal,Primario
112311,2025.0,1.0,22.0,30.0,MSVI,Municipal,Primario
112311,2025.0,2.0,14.0,36.0,MSVI,Municipal,Primario
112311,2025.0,3.0,24.0,36.0,MSVI,Municipal,Primario
112311,2025.0,4.0,20.0,40.0,MSVI,Municipal,Primario
112311,2025.0,5.0,14.0,28.0,MSVI,Municipal,Primario
112311,2025.0,6.0,14.0,28.0,MSVI,Municipal,Primario
112311,2025.0,7.0,18.0,32.0,MSVI,Municipal,Primario
112311,2025.0,8.0,18.0,30.0,MSVI,Municipal,Primario
112311,2025.0,9.0,12.0,18.0,MSVI,Municipal,Primario
112311,2025.0,10.0,9.0,13.0,MSVI,Municipal,Primario
112312,2025.0,1.0,18.0,28.0,MSVI,Municipal,Primario
112312,2025.0,2.0,14.0,18.0,MSVI,Municipal,Primario
112312,2025.0,3.0,2.0,6.0,MSVI,Municipal,Primario
112312,2025.0,4.0,18.0,20.0,MSVI,Municipal,Primario
112312,2025.0,5.0,18.0,32.0,MSVI,Municipal,Primario
112312,2025.0,6.0,6.0,12.0,MSVI,Municipal,Primario
112312,2025.0,7.0,6.0,10.0,MSVI,Municipal,Primario
112312,2025.0,8.0,8.0,20.0,MSVI,Municipal,Primario
112312,2025.0,9.0,8.0,10.0,MSVI,Municipal,Primario
112312,2025.0,10.0,2.0,5.0,MSVI,Municipal,Primario
112313,2025.0,1.0,24.0,46.0,MSVI,Municipal,Primario
112313,2025.0,2.0,36.0,46.0,MSVI,Municipal,Primario
112313,2025.0,3.0,30.0,48.0,MSVI,Municipal,Primario
112313,2025.0,4.0,20.0,34.0,MSVI,Municipal,Primario
112313,2025.0,5.0,32.0,50.0,MSVI,Municipal,Primario
112313,2025.0,6.0,28.0,42.0,MSVI,Municipal,Primario
112313,2025.0,7.0,22.0,34.0,MSVI,Municipal,Primario
112313,2025.0,8.0,18.0,26.0,MSVI,Municipal,Primario
112313,2025.0,9.0,24.0,38.0,MSVI,Municipal,Primario
112313,2025.0,10.0,11.0,18.0,MSVI,Municipal,Primario
112314,2025.0,1.0,20.0,36.0,MSVI,Municipal,Primario
112314,2025.0,2.0,8.0,14.0,MSVI,Municipal,Primario
112314,2025.0,3.0,16.0,26.0,MSVI,Municipal,Primario
112314,2025.0,4.0,14.0,22.0,MSVI,Municipal,Primario
112314,2025.0,5.0,12.0,22.0,MSVI,Municipal,Primario
112314,2025.0,6.0,16.0,26.0,MSVI,Municipal,Primario
112314,2025.0,7.0,26.0,38.0,MSVI,Municipal,Primario
112314,2025.0,8.0,20.0,34.0,MSVI,Municipal,Primario
112314,2025.0,9.0,18.0,28.0,MSVI,Municipal,Primario
112314,2025.0,10.0,10.0,16.0,MSVI,Municipal,Primario
112315,2025.0,1.0,20.0,30.0,MSVI,Municipal,Primario
112315,2025.0,2.0,10.0,16.0,MSVI,Municipal,Primario
112315,2025.0,3.0,6.0,26.0,MSVI,Municipal,Primario
112315,2025.0,4.0,10.0,22.0,MSVI,Municipal,Primario
112315,2025.0,5.0,8.0,18.0,MSVI,Municipal,Primario
112315,2025.0,6.0,12.0,18.0,MSVI,Municipal,Primario
112315,2025.0,7.0,6.0,24.0,MSVI,Municipal,Primario
112315,2025.0,8.0,16.0,22.0,MSVI,Municipal,Primario
112315,2025.0,9.0,10.0,14.0,MSVI,Municipal,Primario
112315,2025.0,10.0,2.0,2.0,MSVI,Municipal,Primario
112316,2025.0,1.0,14.0,24.0,MSVI,Municipal,Primario
112316,2025.0,2.0,14.0,22.0,MSVI,Municipal,Primario
112316,2025.0,3.0,20.0,30.0,MSVI,Municipal,Primario
112316,2025.0,4.0,10.0,16.0,MSVI,Municipal,Primario
112316,2025.0,5.0,10.0,18.0,MSVI,Municipal,Primario
112316,2025.0,6.0,22.0,34.0,MSVI,Municipal,Primario
112316,2025.0,7.0,18.0,30.0,MSVI,Municipal,Primario
112316,2025.0,8.0,14.0,24.0,MSVI,Municipal,Primario
112316,2025.0,9.0,12.0,20.0,MSVI,Municipal,Primario
112316,2025.0,10.0,9.0,14.0,MSVI,Municipal,Primario
112317,2025.0,1.0,4.0,6.0,MSVI,Municipal,Primario
112317,2025.0,2.0,6.0,8.0,MSVI,Municipal,Primario
112317,2025.0,3.0,8.0,8.0,MSVI,Municipal,Primario
112317,2025.0,4.0,8.0,16.0,MSVI,Municipal,Primario
112317,2025.0,5.0,4.0,6.0,MSVI,Municipal,Primario
112317,2025.0,6.0,2.0,2.0,MSVI,Municipal,Primario
112317,2025.0,7.0,2.0,2.0,MSVI,Municipal,Primario
112317,2025.0,8.0,4.0,8.0,MSVI,Municipal,Primario
112317,2025.0,9.0,8.0,10.0,MSVI,Municipal,Primario
112317,2025.0,10.0,3.0,3.0,MSVI,Municipal,Primario
112318,2025.0,1.0,18.0,30.0,MSVI,Municipal,Primario
112318,2025.0,2.0,14.0,18.0,MSVI,Municipal,Primario
112318,2025.0,3.0,16.0,28.0,MSVI,Municipal,Primario
112318,2025.0,4.0,12.0,24.0,MSVI,Municipal,Primario
112318,2025.0,5.0,10.0,24.0,MSVI,Municipal,Primario
112318,2025.0,6.0,12.0,20.0,MSVI,Municipal,Primario
112318,2025.0,7.0,22.0,28.0,MSVI,Municipal,Primario
112318,2025.0,8.0,14.0,28.0,MSVI,Municipal,Primario
112318,2025.0,9.0,14.0,28.0,MSVI,Municipal,Primario
112318,2025.0,10.0,9.0,19.0,MSVI,Municipal,Primario
112319,2025.0,1.0,6.0,16.0,MSVI,Municipal,Primario
112319,2025.0,2.0,12.0,20.0,MSVI,Municipal,Primario
112319,2025.0,3.0,6.0,18.0,MSVI,Municipal,Primario
112319,2025.0,4.0,8.0,16.0,MSVI,Municipal,Primario
112319,2025.0,5.0,4.0,12.0,MSVI,Municipal,Primario
112319,2025.0,6.0,14.0,22.0,MSVI,Municipal,Primario
112319,2025.0,7.0,6.0,12.0,MSVI,Municipal,Primario
112319,2025.0,8.0,0.0,6.0,MSVI,Municipal,Primario
112319,2025.0,9.0,6.0,30.0,MSVI,Municipal,Primario
112319,2025.0,10.0,4.0,9.0,MSVI,Municipal,Primario
112320,2025.0,1.0,8.0,16.0,MSVI,Municipal,Primario
112320,2025.0,2.0,4.0,10.0,MSVI,Municipal,Primario
112320,2025.0,3.0,8.0,8.0,MSVI,Municipal,Primario
112320,2025.0,4.0,12.0,24.0,MSVI,Municipal,Primario
112320,2025.0,5.0,8.0,18.0,MSVI,Municipal,Primario
112320,2025.0,6.0,8.0,12.0,MSVI,Municipal,Primario
112320,2025.0,7.0,4.0,6.0,MSVI,Municipal,Primario
112320,2025.0,8.0,14.0,22.0,MSVI,Municipal,Primario
112320,2025.0,9.0,10.0,20.0,MSVI,Municipal,Primario
112320,2025.0,10.0,8.0,10.0,MSVI,Municipal,Primario
112321,2025.0,1.0,24.0,40.0,MSVI,Municipal,Primario
112321,2025.0,2.0,12.0,24.0,MSVI,Municipal,Primario
112321,2025.0,3.0,24.0,42.0,MSVI,Municipal,Primario
112321,2025.0,4.0,12.0,22.0,MSVI,Municipal,Primario
112321,2025.0,5.0,16.0,28.0,MSVI,Municipal,Primario
112321,2025.0,6.0,18.0,26.0,MSVI,Municipal,Primario
112321,2025.0,7.0,10.0,18.0,MSVI,Municipal,Primario
112321,2025.0,8.0,14.0,30.0,MSVI,Municipal,Primario
112321,2025.0,9.0,14.0,22.0,MSVI,Municipal,Primario
112321,2025.0,10.0,6.0,10.0,MSVI,Municipal,Primario
112322,2025.0,1.0,10.0,14.0,MSVI,Municipal,Primario
112322,2025.0,2.0,8.0,16.0,MSVI,Municipal,Primario
112322,2025.0,3.0,14.0,22.0,MSVI,Municipal,Primario
112322,2025.0,4.0,10.0,20.0,MSVI,Municipal,Primario
112322,2025.0,5.0,14.0,26.0,MSVI,Municipal,Primario
112322,2025.0,6.0,8.0,14.0,MSVI,Municipal,Primario
112322,2025.0,7.0,2.0,16.0,MSVI,Municipal,Primario
112322,2025.0,8.0,4.0,6.0,MSVI,Municipal,Primario
112322,2025.0,9.0,10.0,18.0,MSVI,Municipal,Primario
112322,2025.0,10.0,6.0,13.0,MSVI,Municipal,Primario
112707,2025.0,1.0,0.0,0.0,MSVI,Municipal,Primario
112707,2025.0,2.0,,0.0,MSVI,Municipal,Primario
112707,2025.0,3.0,2.0,2.0,MSVI,Municipal,Primario
112707,2025.0,4.0,,2.0,MSVI,Municipal,Primario
112707,2025.0,8.0,,0.0,MSVI,Municipal,Primario
112716,2025.0,1.0,2.0,2.0,MSVI,Municipal,Primario
112716,2025.0,2.0,2.0,2.0,MSVI,Municipal,Primario
112716,2025.0,3.0,0.0,0.0,MSVI,Municipal,Primario
112716,2025.0,4.0,0.0,2.0,MSVI,Municipal,Primario
112716,2025.0,5.0,0.0,0.0,MSVI,Municipal,Primario
112716,2025.0,6.0,0.0,0.0,MSVI,Municipal,Primario
112716,2025.0,7.0,4.0,4.0,MSVI,Municipal,Primario
112716,2025.0,8.0,2.0,2.0,MSVI,Municipal,Primario
112716,2025.0,9.0,,0.0,MSVI,Municipal,Primario
112716,2025.0,10.0,1.0,1.0,MSVI,Municipal,Primario
112717,2025.0,2.0,0.0,0.0,MSVI,Municipal,Primario
112717,2025.0,3.0,0.0,0.0,MSVI,Municipal,Primario
112717,2025.0,4.0,0.0,0.0,MSVI,Municipal,Primario
112717,2025.0,5.0,0.0,0.0,MSVI,Municipal,Primario
112717,2025.0,6.0,0.0,0.0,MSVI,Municipal,Primario
112717,2025.0,7.0,0.0,0.0,MSVI,Municipal,Primario
112717,2025.0,8.0,0.0,0.0,MSVI,Municipal,Primario
112717,2025.0,9.0,0.0,0.0,MSVI,Municipal,Primario
112717,2025.0,10.0,0.0,0.0,MSVI,Municipal,Primario
112799,2025.0,1.0,0.0,2.0,MSVI,Municipal,Primario
112799,2025.0,2.0,0.0,0.0,MSVI,Municipal,Primario
112799,2025.0,3.0,0.0,2.0,MSVI,Municipal,Primario
112799,2025.0,4.0,0.0,2.0,MSVI,Municipal,Primario
112799,2025.0,5.0,2.0,2.0,MSVI,Municipal,Primario
112799,2025.0,6.0,2.0,4.0,MSVI,Municipal,Primario
112799,2025.0,7.0,2.0,4.0,MSVI,Municipal,Primario
112799,2025.0,8.0,6.0,6.0,MSVI,Municipal,Primario
112799,2025.0,9.0,2.0,2.0,MSVI,Municipal,Primario
112799,2025.0,10.0,1.0,1.0,MSVI,Municipal,Primario
113300,2025.0,1.0,18.0,54.0,MSVI,Municipal,Primario
113300,2025.0,2.0,30.0,58.0,MSVI,Municipal,Primario
113300,2025.0,3.0,18.0,32.0,MSVI,Municipal,Primario
113300,2025.0,4.0,22.0,44.0,MSVI,Municipal,Primario
113300,2025.0,5.0,28.0,40.0,MSVI,Municipal,Primario
113300,2025.0,6.0,26.0,50.0,MSVI,Municipal,Primario
113300,2025.0,7.0,24.0,44.0,MSVI,Municipal,Primario
113300,2025.0,8.0,32.0,42.0,MSVI,Municipal,Primario
113300,2025.0,9.0,0.0,0.0,MSVI,Municipal,Primario
113300,2025.0,10.0,12.0,22.0,MSVI,Municipal,Primario
113301,2025.0,1.0,10.0,30.0,MSVI,Municipal,Primario
113301,2025.0,2.0,10.0,14.0,MSVI,Municipal,Primario
113301,2025.0,3.0,22.0,40.0,MSVI,Municipal,Primario
113301,2025.0,4.0,12.0,24.0,MSVI,Municipal,Primario
113301,2025.0,5.0,8.0,16.0,MSVI,Municipal,Primario
113301,2025.0,6.0,6.0,12.0,MSVI,Municipal,Primario
113301,2025.0,7.0,4.0,6.0,MSVI,Municipal,Primario
113301,2025.0,8.0,6.0,14.0,MSVI,Municipal,Primario
113301,2025.0,9.0,12.0,16.0,MSVI,Municipal,Primario
113301,2025.0,10.0,4.0,11.0,MSVI,Municipal,Primario
113302,2025.0,1.0,12.0,40.0,MSVI,Municipal,Primario
113302,2025.0,2.0,18.0,38.0,MSVI,Municipal,Primario
113302,2025.0,3.0,20.0,32.0,MSVI,Municipal,Primario
113302,2025.0,4.0,20.0,32.0,MSVI,Municipal,Primario
113302,2025.0,5.0,24.0,42.0,MSVI,Municipal,Primario
113302,2025.0,6.0,18.0,28.0,MSVI,Municipal,Primario
113302,2025.0,7.0,24.0,44.0,MSVI,Municipal,Primario
113302,2025.0,8.0,18.0,36.0,MSVI,Municipal,Primario
113302,2025.0,9.0,14.0,22.0,MSVI,Municipal,Primario
113302,2025.0,10.0,11.0,18.0,MSVI,Municipal,Primario
113303,2025.0,1.0,26.0,42.0,MSVI,Municipal,Primario
113303,2025.0,2.0,6.0,14.0,MSVI,Municipal,Primario
113303,2025.0,3.0,20.0,36.0,MSVI,Municipal,Primario
113303,2025.0,4.0,12.0,24.0,MSVI,Municipal,Primario
113303,2025.0,5.0,14.0,18.0,MSVI,Municipal,Primario
113303,2025.0,6.0,14.0,30.0,MSVI,Municipal,Primario
113303,2025.0,7.0,10.0,16.0,MSVI,Municipal,Primario
113303,2025.0,8.0,12.0,20.0,MSVI,Municipal,Primario
113303,2025.0,9.0,12.0,26.0,MSVI,Municipal,Primario
113303,2025.0,10.0,7.0,12.0,MSVI,Municipal,Primario
113305,2025.0,1.0,10.0,16.0,MSVI,Municipal,Primario
113305,2025.0,2.0,4.0,10.0,MSVI,Municipal,Primario
113305,2025.0,3.0,8.0,18.0,MSVI,Municipal,Primario
113305,2025.0,4.0,2.0,6.0,MSVI,Municipal,Primario
113305,2025.0,5.0,10.0,22.0,MSVI,Municipal,Primario
113305,2025.0,6.0,8.0,12.0,MSVI,Municipal,Primario
113305,2025.0,7.0,16.0,24.0,MSVI,Municipal,Primario
113305,2025.0,8.0,8.0,14.0,MSVI,Municipal,Primario
113305,2025.0,9.0,4.0,14.0,MSVI,Municipal,Primario
113305,2025.0,10.0,6.0,10.0,MSVI,Municipal,Primario
113306,2025.0,1.0,8.0,10.0,MSVI,Municipal,Primario
113306,2025.0,2.0,6.0,12.0,MSVI,Municipal,Primario
113306,2025.0,3.0,8.0,16.0,MSVI,Municipal,Primario
113306,2025.0,4.0,6.0,12.0,MSVI,Municipal,Primario
113306,2025.0,5.0,16.0,24.0,MSVI,Municipal,Primario
113306,2025.0,6.0,12.0,14.0,MSVI,Municipal,Primario
113306,2025.0,7.0,8.0,24.0,MSVI,Municipal,Primario
113306,2025.0,8.0,10.0,14.0,MSVI,Municipal,Primario
113306,2025.0,9.0,20.0,32.0,MSVI,Municipal,Primario
113306,2025.0,10.0,5.0,9.0,MSVI,Municipal,Primario
113307,2025.0,1.0,4.0,12.0,MSVI,Municipal,Primario
113307,2025.0,2.0,10.0,16.0,MSVI,Municipal,Primario
113307,2025.0,3.0,4.0,6.0,MSVI,Municipal,Primario
113307,2025.0,4.0,6.0,12.0,MSVI,Municipal,Primario
113307,2025.0,5.0,10.0,18.0,MSVI,Municipal,Primario
113307,2025.0,6.0,12.0,18.0,MSVI,Municipal,Primario
113307,2025.0,7.0,12.0,32.0,MSVI,Municipal,Primario
113307,2025.0,8.0,10.0,26.0,MSVI,Municipal,Primario
113307,2025.0,9.0,14.0,24.0,MSVI,Municipal,Primario
113307,2025.0,10.0,5.0,9.0,MSVI,Municipal,Primario
113308,2025.0,1.0,16.0,28.0,MSVI,Municipal,Primario
113308,2025.0,2.0,6.0,14.0,MSVI,Municipal,Primario
113308,2025.0,3.0,18.0,22.0,MSVI,Municipal,Primario
113308,2025.0,4.0,10.0,16.0,MSVI,Municipal,Primario
113308,2025.0,5.0,14.0,22.0,MSVI,Municipal,Primario
113308,2025.0,6.0,2.0,12.0,MSVI,Municipal,Primario
113308,2025.0,7.0,22.0,36.0,MSVI,Municipal,Primario
113308,2025.0,8.0,22.0,34.0,MSVI,Municipal,Primario
113308,2025.0,9.0,16.0,26.0,MSVI,Municipal,Primario
113308,2025.0,10.0,12.0,15.0,MSVI,Municipal,Primario
113309,2025.0,1.0,14.0,26.0,MSVI,Municipal,Primario
113309,2025.0,2.0,16.0,22.0,MSVI,Municipal,Primario
113309,2025.0,3.0,12.0,16.0,MSVI,Municipal,Primario
113309,2025.0,4.0,6.0,10.0,MSVI,Municipal,Primario
113309,2025.0,5.0,14.0,20.0,MSVI,Municipal,Primario
113309,2025.0,6.0,14.0,32.0,MSVI,Municipal,Primario
113309,2025.0,7.0,10.0,16.0,MSVI,Municipal,Primario
113309,2025.0,8.0,12.0,24.0,MSVI,Municipal,Primario
113309,2025.0,9.0,22.0,42.0,MSVI,Municipal,Primario
113309,2025.0,10.0,4.0,11.0,MSVI,Municipal,Primario
113310,2025.0,1.0,12.0,20.0,MSVI,Municipal,Primario
113310,2025.0,2.0,20.0,28.0,MSVI,Municipal,Primario
113310,2025.0,3.0,20.0,28.0,MSVI,Municipal,Primario
113310,2025.0,4.0,14.0,24.0,MSVI,Municipal,Primario
113310,2025.0,5.0,8.0,12.0,MSVI,Municipal,Primario
113310,2025.0,6.0,10.0,12.0,MSVI,Municipal,Primario
113310,2025.0,7.0,8.0,18.0,MSVI,Municipal,Primario
113310,2025.0,8.0,6.0,24.0,MSVI,Municipal,Primario
113310,2025.0,9.0,10.0,14.0,MSVI,Municipal,Primario
113310,2025.0,10.0,9.0,15.0,MSVI,Municipal,Primario
113311,2025.0,1.0,18.0,58.0,MSVI,Municipal,Primario
113311,2025.0,2.0,12.0,42.0,MSVI,Municipal,Primario
113311,2025.0,3.0,18.0,36.0,MSVI,Municipal,Primario
113311,2025.0,4.0,22.0,44.0,MSVI,Municipal,Primario
113311,2025.0,5.0,18.0,26.0,MSVI,Municipal,Primario
113311,2025.0,6.0,20.0,48.0,MSVI,Municipal,Primario
113311,2025.0,7.0,20.0,48.0,MSVI,Municipal,Primario
113311,2025.0,8.0,24.0,50.0,MSVI,Municipal,Primario
113311,2025.0,9.0,12.0,34.0,MSVI,Municipal,Primario
113311,2025.0,10.0,0.0,8.0,MSVI,Municipal,Primario
113312,2025.0,1.0,4.0,8.0,MSVI,Municipal,Primario
113312,2025.0,2.0,2.0,10.0,MSVI,Municipal,Primario
113312,2025.0,3.0,10.0,16.0,MSVI,Municipal,Primario
113312,2025.0,4.0,10.0,28.0,MSVI,Municipal,Primario
113312,2025.0,5.0,8.0,22.0,MSVI,Municipal,Primario
113312,2025.0,6.0,14.0,30.0,MSVI,Municipal,Primario
113312,2025.0,7.0,16.0,28.0,MSVI,Municipal,Primario
113312,2025.0,8.0,10.0,18.0,MSVI,Municipal,Primario
113312,2025.0,9.0,6.0,12.0,MSVI,Municipal,Primario
113312,2025.0,10.0,7.0,9.0,MSVI,Municipal,Primario
113313,2025.0,1.0,22.0,36.0,MSVI,Municipal,Primario
113313,2025.0,2.0,6.0,24.0,MSVI,Municipal,Primario
113313,2025.0,3.0,18.0,26.0,MSVI,Municipal,Primario
113313,2025.0,4.0,22.0,36.0,MSVI,Municipal,Primario
113313,2025.0,5.0,10.0,20.0,MSVI,Municipal,Primario
113313,2025.0,6.0,12.0,24.0,MSVI,Municipal,Primario
113313,2025.0,7.0,6.0,22.0,MSVI,Municipal,Primario
113313,2025.0,8.0,26.0,32.0,MSVI,Municipal,Primario
113313,2025.0,9.0,14.0,24.0,MSVI,Municipal,Primario
113313,2025.0,10.0,8.0,15.0,MSVI,Municipal,Primario
113314,2025.0,1.0,12.0,24.0,MSVI,Municipal,Primario
113314,2025.0,2.0,14.0,24.0,MSVI,Municipal,Primario
113314,2025.0,3.0,8.0,16.0,MSVI,Municipal,Primario
113314,2025.0,4.0,14.0,28.0,MSVI,Municipal,Primario
113314,2025.0,5.0,10.0,22.0,MSVI,Municipal,Primario
113314,2025.0,6.0,6.0,10.0,MSVI,Municipal,Primario
113314,2025.0,7.0,20.0,30.0,MSVI,Municipal,Primario
113314,2025.0,8.0,12.0,24.0,MSVI,Municipal,Primario
113314,2025.0,9.0,8.0,12.0,MSVI,Municipal,Primario
113314,2025.0,10.0,5.0,10.0,MSVI,Municipal,Primario
113315,2025.0,1.0,18.0,26.0,MSVI,Municipal,Primario
113315,2025.0,2.0,2.0,10.0,MSVI,Municipal,Primario
113315,2025.0,3.0,8.0,18.0,MSVI,Municipal,Primario
113315,2025.0,4.0,8.0,20.0,MSVI,Municipal,Primario
113315,2025.0,5.0,10.0,20.0,MSVI,Municipal,Primario
113315,2025.0,6.0,10.0,16.0,MSVI,Municipal,Primario
113315,2025.0,7.0,8.0,12.0,MSVI,Municipal,Primario
113315,2025.0,8.0,4.0,14.0,MSVI,Municipal,Primario
113315,2025.0,9.0,6.0,16.0,MSVI,Municipal,Primario
113315,2025.0,10.0,4.0,7.0,MSVI,Municipal,Primario
113316,2025.0,1.0,12.0,20.0,MSVI,Municipal,Primario
113316,2025.0,2.0,18.0,26.0,MSVI,Municipal,Primario
113316,2025.0,3.0,22.0,36.0,MSVI,Municipal,Primario
113316,2025.0,4.0,18.0,40.0,MSVI,Municipal,Primario
113316,2025.0,5.0,18.0,38.0,MSVI,Municipal,Primario
113316,2025.0,6.0,12.0,22.0,MSVI,Municipal,Primario
113316,2025.0,7.0,24.0,38.0,MSVI,Municipal,Primario
113316,2025.0,8.0,14.0,34.0,MSVI,Municipal,Primario
113316,2025.0,9.0,18.0,40.0,MSVI,Municipal,Primario
113316,2025.0,10.0,13.0,19.0,MSVI,Municipal,Primario
113317,2025.0,1.0,6.0,8.0,MSVI,Municipal,Primario
113317,2025.0,2.0,8.0,10.0,MSVI,Municipal,Primario
113317,2025.0,3.0,4.0,10.0,MSVI,Municipal,Primario
113317,2025.0,4.0,8.0,14.0,MSVI,Municipal,Primario
113317,2025.0,5.0,6.0,12.0,MSVI,Municipal,Primario
113317,2025.0,6.0,4.0,8.0,MSVI,Municipal,Primario
113317,2025.0,7.0,10.0,18.0,MSVI,Municipal,Primario
113317,2025.0,8.0,12.0,18.0,MSVI,Municipal,Primario
113317,2025.0,9.0,4.0,6.0,MSVI,Municipal,Primario
113317,2025.0,10.0,4.0,6.0,MSVI,Municipal,Primario
113318,2025.0,1.0,26.0,48.0,MSVI,Municipal,Primario
113318,2025.0,2.0,32.0,50.0,MSVI,Municipal,Primario
113318,2025.0,3.0,26.0,50.0,MSVI,Municipal,Primario
113318,2025.0,4.0,36.0,62.0,MSVI,Municipal,Primario
113318,2025.0,5.0,22.0,42.0,MSVI,Municipal,Primario
113318,2025.0,6.0,30.0,46.0,MSVI,Municipal,Primario
113318,2025.0,7.0,32.0,50.0,MSVI,Municipal,Primario
113318,2025.0,8.0,36.0,56.0,MSVI,Municipal,Primario
113318,2025.0,9.0,32.0,46.0,MSVI,Municipal,Primario
113318,2025.0,10.0,15.0,23.0,MSVI,Municipal,Primario
113319,2025.0,1.0,8.0,10.0,MSVI,Municipal,Primario
113319,2025.0,2.0,4.0,8.0,MSVI,Municipal,Primario
113319,2025.0,3.0,16.0,18.0,MSVI,Municipal,Primario
113319,2025.0,4.0,10.0,22.0,MSVI,Municipal,Primario
113319,2025.0,5.0,12.0,20.0,MSVI,Municipal,Primario
113319,2025.0,6.0,12.0,20.0,MSVI,Municipal,Primario
113319,2025.0,7.0,4.0,12.0,MSVI,Municipal,Primario
113319,2025.0,8.0,2.0,8.0,MSVI,Municipal,Primario
113319,2025.0,9.0,8.0,16.0,MSVI,Municipal,Primario
113319,2025.0,10.0,6.0,8.0,MSVI,Municipal,Primario
113320,2025.0,1.0,6.0,8.0,MSVI,Municipal,Primario
113320,2025.0,2.0,2.0,10.0,MSVI,Municipal,Primario
113320,2025.0,3.0,6.0,8.0,MSVI,Municipal,Primario
113320,2025.0,4.0,6.0,8.0,MSVI,Municipal,Primario
113320,2025.0,5.0,6.0,16.0,MSVI,Municipal,Primario
113320,2025.0,6.0,6.0,20.0,MSVI,Municipal,Primario
113320,2025.0,7.0,8.0,14.0,MSVI,Municipal,Primario
113320,2025.0,8.0,4.0,12.0,MSVI,Municipal,Primario
113320,2025.0,9.0,12.0,22.0,MSVI,Municipal,Primario
113320,2025.0,10.0,9.0,14.0,MSVI,Municipal,Primario
113321,2025.0,1.0,2.0,4.0,MSVI,Municipal,Primario
113321,2025.0,2.0,4.0,6.0,MSVI,Municipal,Primario
113321,2025.0,3.0,0.0,4.0,MSVI,Municipal,Primario
113321,2025.0,4.0,4.0,6.0,MSVI,Municipal,Primario
113321,2025.0,5.0,0.0,4.0,MSVI,Municipal,Primario
113321,2025.0,6.0,4.0,6.0,MSVI,Municipal,Primario
113321,2025.0,7.0,4.0,6.0,MSVI,Municipal,Primario
113321,2025.0,8.0,6.0,10.0,MSVI,Municipal,Primario
113321,2025.0,9.0,4.0,8.0,MSVI,Municipal,Primario
113321,2025.0,10.0,3.0,3.0,MSVI,Municipal,Primario
113322,2025.0,1.0,6.0,10.0,MSVI,Municipal,Primario
113322,2025.0,2.0,12.0,14.0,MSVI,Municipal,Primario
113322,2025.0,3.0,6.0,16.0,MSVI,Municipal,Primario
113322,2025.0,4.0,4.0,6.0,MSVI,Municipal,Primario
113322,2025.0,5.0,4.0,8.0,MSVI,Municipal,Primario
113322,2025.0,6.0,6.0,14.0,MSVI,Municipal,Primario
113322,2025.0,7.0,10.0,12.0,MSVI,Municipal,Primario
113322,2025.0,8.0,6.0,22.0,MSVI,Municipal,Primario
113322,2025.0,9.0,2.0,6.0,MSVI,Municipal,Primario
113322,2025.0,10.0,7.0,9.0,MSVI,Municipal,Primario
113323,2025.0,1.0,18.0,36.0,MSVI,Municipal,Primario
113323,2025.0,2.0,10.0,12.0,MSVI,Municipal,Primario
113323,2025.0,3.0,6.0,8.0,MSVI,Municipal,Primario
113323,2025.0,4.0,12.0,18.0,MSVI,Municipal,Primario
113323,2025.0,5.0,12.0,26.0,MSVI,Municipal,Primario
113323,2025.0,6.0,6.0,18.0,MSVI,Municipal,Primario
113323,2025.0,7.0,18.0,28.0,MSVI,Municipal,Primario
113323,2025.0,8.0,6.0,18.0,MSVI,Municipal,Primario
113323,2025.0,9.0,8.0,16.0,MSVI,Municipal,Primario
113323,2025.0,10.0,6.0,14.0,MSVI,Municipal,Primario
113324,2025.0,1.0,10.0,20.0,MSVI,Municipal,Primario
113324,2025.0,2.0,20.0,34.0,MSVI,Municipal,Primario
113324,2025.0,3.0,4.0,10.0,MSVI,Municipal,Primario
113324,2025.0,4.0,16.0,24.0,MSVI,Municipal,Primario
113324,2025.0,5.0,6.0,8.0,MSVI,Municipal,Primario
113324,2025.0,6.0,14.0,24.0,MSVI,Municipal,Primario
113324,2025.0,7.0,10.0,24.0,MSVI,Municipal,Primario
113324,2025.0,8.0,6.0,16.0,MSVI,Municipal,Primario
113324,2025.0,9.0,12.0,16.0,MSVI,Municipal,Primario
113324,2025.0,10.0,3.0,6.0,MSVI,Municipal,Primario
113326,2025.0,1.0,24.0,58.0,MSVI,Municipal,Primario
113326,2025.0,2.0,12.0,26.0,MSVI,Municipal,Primario
113326,2025.0,3.0,14.0,28.0,MSVI,Municipal,Primario
113326,2025.0,4.0,12.0,24.0,MSVI,Municipal,Primario
113326,2025.0,5.0,18.0,36.0,MSVI,Municipal,Primario
113326,2025.0,6.0,10.0,24.0,MSVI,Municipal,Primario
113326,2025.0,7.0,20.0,50.0,MSVI,Municipal,Primario
113326,2025.0,8.0,14.0,30.0,MSVI,Municipal,Primario
113326,2025.0,9.0,16.0,28.0,MSVI,Municipal,Primario
113326,2025.0,10.0,4.0,14.0,MSVI,Municipal,Primario
113328,2025.0,1.0,18.0,38.0,MSVI,Municipal,Primario
113328,2025.0,2.0,30.0,46.0,MSVI,Municipal,Primario
113328,2025.0,3.0,8.0,22.0,MSVI,Municipal,Primario
113328,2025.0,4.0,10.0,24.0,MSVI,Municipal,Primario
113328,2025.0,5.0,20.0,40.0,MSVI,Municipal,Primario
113328,2025.0,6.0,6.0,20.0,MSVI,Municipal,Primario
113328,2025.0,7.0,42.0,48.0,MSVI,Municipal,Primario
113328,2025.0,8.0,44.0,74.0,MSVI,Municipal,Primario
113328,2025.0,9.0,32.0,46.0,MSVI,Municipal,Primario
113328,2025.0,10.0,16.0,21.0,MSVI,Municipal,Primario
113329,2025.0,1.0,10.0,16.0,MSVI,Municipal,Primario
113329,2025.0,2.0,6.0,12.0,MSVI,Municipal,Primario
113329,2025.0,3.0,6.0,12.0,MSVI,Municipal,Primario
113329,2025.0,4.0,4.0,8.0,MSVI,Municipal,Primario
113329,2025.0,5.0,14.0,18.0,MSVI,Municipal,Primario
113329,2025.0,6.0,10.0,10.0,MSVI,Municipal,Primario
113329,2025.0,7.0,8.0,16.0,MSVI,Municipal,Primario
113329,2025.0,8.0,16.0,28.0,MSVI,Municipal,Primario
113329,2025.0,9.0,8.0,12.0,MSVI,Municipal,Primario
113329,2025.0,10.0,4.0,6.0,MSVI,Municipal,Primario
113330,2025.0,1.0,22.0,42.0,MSVI,Municipal,Primario
113330,2025.0,2.0,12.0,26.0,MSVI,Municipal,Primario
113330,2025.0,3.0,8.0,36.0,MSVI,Municipal,Primario
113330,2025.0,4.0,16.0,42.0,MSVI,Municipal,Primario
113330,2025.0,5.0,18.0,32.0,MSVI,Municipal,Primario
113330,2025.0,6.0,36.0,68.0,MSVI,Municipal,Primario
113330,2025.0,7.0,36.0,60.0,MSVI,Municipal,Primario
113330,2025.0,8.0,30.0,60.0,MSVI,Municipal,Primario
113330,2025.0,9.0,22.0,34.0,MSVI,Municipal,Primario
113330,2025.0,10.0,8.0,23.0,MSVI,Municipal,Primario
113331,2025.0,1.0,16.0,26.0,MSVI,Municipal,Primario
113331,2025.0,2.0,10.0,16.0,MSVI,Municipal,Primario
113331,2025.0,3.0,8.0,18.0,MSVI,Municipal,Primario
113331,2025.0,4.0,6.0,10.0,MSVI,Municipal,Primario
113331,2025.0,5.0,8.0,14.0,MSVI,Municipal,Primario
113331,2025.0,6.0,10.0,16.0,MSVI,Municipal,Primario
113331,2025.0,7.0,2.0,10.0,MSVI,Municipal,Primario
113331,2025.0,8.0,10.0,20.0,MSVI,Municipal,Primario
113331,2025.0,9.0,14.0,22.0,MSVI,Municipal,Primario
113331,2025.0,10.0,6.0,10.0,MSVI,Municipal,Primario
113332,2025.0,1.0,20.0,30.0,MSVI,Municipal,Primario
113332,2025.0,2.0,20.0,30.0,MSVI,Municipal,Primario
113332,2025.0,3.0,16.0,26.0,MSVI,Municipal,Primario
113332,2025.0,4.0,22.0,38.0,MSVI,Municipal,Primario
113332,2025.0,5.0,14.0,24.0,MSVI,Municipal,Primario
113332,2025.0,6.0,16.0,32.0,MSVI,Municipal,Primario
113332,2025.0,7.0,18.0,36.0,MSVI,Municipal,Primario
113332,2025.0,8.0,14.0,30.0,MSVI,Municipal,Primario
113332,2025.0,9.0,10.0,14.0,MSVI,Municipal,Primario
113332,2025.0,10.0,8.0,12.0,MSVI,Municipal,Primario
113333,2025.0,1.0,14.0,24.0,MSVI,Municipal,Primario
113333,2025.0,2.0,12.0,12.0,MSVI,Municipal,Primario
113333,2025.0,3.0,8.0,10.0,MSVI,Municipal,Primario
113333,2025.0,4.0,6.0,8.0,MSVI,Municipal,Primario
113333,2025.0,5.0,6.0,6.0,MSVI,Municipal,Primario
113333,2025.0,6.0,14.0,20.0,MSVI,Municipal,Primario
113333,2025.0,7.0,10.0,16.0,MSVI,Municipal,Primario
113333,2025.0,8.0,2.0,6.0,MSVI,Municipal,Primario
113333,2025.0,9.0,8.0,10.0,MSVI,Municipal,Primario
113333,2025.0,10.0,3.0,6.0,MSVI,Municipal,Primario
113334,2025.0,1.0,6.0,12.0,MSVI,Municipal,Primario
113334,2025.0,2.0,4.0,8.0,MSVI,Municipal,Primario
113334,2025.0,3.0,8.0,16.0,MSVI,Municipal,Primario
113334,2025.0,4.0,4.0,8.0,MSVI,Municipal,Primario
113334,2025.0,5.0,4.0,8.0,MSVI,Municipal,Primario
113334,2025.0,6.0,6.0,10.0,MSVI,Municipal,Primario
113334,2025.0,7.0,10.0,14.0,MSVI,Municipal,Primario
113334,2025.0,8.0,6.0,8.0,MSVI,Municipal,Primario
113334,2025.0,9.0,4.0,6.0,MSVI,Municipal,Primario
113334,2025.0,10.0,5.0,7.0,MSVI,Municipal,Primario
113390,2025.0,1.0,22.0,38.0,MSVI,Municipal,Primario
113390,2025.0,2.0,16.0,30.0,MSVI,Municipal,Primario
113390,2025.0,3.0,26.0,42.0,MSVI,Municipal,Primario
113390,2025.0,4.0,18.0,36.0,MSVI,Municipal,Primario
113390,2025.0,5.0,18.0,26.0,MSVI,Municipal,Primario
113390,2025.0,6.0,22.0,38.0,MSVI,Municipal,Primario
113390,2025.0,7.0,18.0,32.0,MSVI,Municipal,Primario
113390,2025.0,8.0,26.0,40.0,MSVI,Municipal,Primario
113390,2025.0,9.0,16.0,32.0,MSVI,Municipal,Primario
113390,2025.0,10.0,4.0,6.0,MSVI,Municipal,Primario
113394,2025.0,1.0,36.0,74.0,MSVI,Municipal,Primario
113394,2025.0,2.0,20.0,34.0,MSVI,Municipal,Primario
113394,2025.0,3.0,26.0,60.0,MSVI,Municipal,Primario
113394,2025.0,4.0,16.0,30.0,MSVI,Municipal,Primario
113394,2025.0,5.0,30.0,42.0,MSVI,Municipal,Primario
113394,2025.0,6.0,42.0,68.0,MSVI,Municipal,Primario
113394,2025.0,7.0,36.0,62.0,MSVI,Municipal,Primario
113394,2025.0,8.0,32.0,56.0,MSVI,Municipal,Primario
113394,2025.0,9.0,32.0,64.0,MSVI,Municipal,Primario
113394,2025.0,10.0,29.0,44.0,MSVI,Municipal,Primario
113396,2025.0,1.0,16.0,36.0,MSVI,Municipal,Primario
113396,2025.0,2.0,12.0,24.0,MSVI,Municipal,Primario
113396,2025.0,3.0,2.0,6.0,MSVI,Municipal,Primario
113396,2025.0,4.0,16.0,20.0,MSVI,Municipal,Primario
113396,2025.0,5.0,8.0,14.0,MSVI,Municipal,Primario
113396,2025.0,6.0,4.0,10.0,MSVI,Municipal,Primario
113396,2025.0,7.0,14.0,26.0,MSVI,Municipal,Primario
113396,2025.0,8.0,12.0,18.0,MSVI,Municipal,Primario
113396,2025.0,9.0,18.0,24.0,MSVI,Municipal,Primario
113396,2025.0,10.0,13.0,16.0,MSVI,Municipal,Primario
113402,2025.0,1.0,0.0,4.0,MSVI,Municipal,Primario
113402,2025.0,2.0,0.0,4.0,MSVI,Municipal,Primario
113402,2025.0,3.0,6.0,10.0,MSVI,Municipal,Primario
113402,2025.0,4.0,2.0,8.0,MSVI,Municipal,Primario
113402,2025.0,5.0,,0.0,MSVI,Municipal,Primario
113402,2025.0,6.0,2.0,4.0,MSVI,Municipal,Primario
113402,2025.0,7.0,0.0,0.0,MSVI,Municipal,Primario
113402,2025.0,8.0,2.0,4.0,MSVI,Municipal,Primario
113402,2025.0,9.0,6.0,10.0,MSVI,Municipal,Primario
113402,2025.0,10.0,0.0,0.0,MSVI,Municipal,Primario
113404,2025.0,1.0,,2.0,MSVI,Municipal,Primario
113404,2025.0,2.0,0.0,2.0,MSVI,Municipal,Primario
113404,2025.0,3.0,0.0,2.0,MSVI,Municipal,Primario
113404,2025.0,4.0,0.0,4.0,MSVI,Municipal,Primario
113404,2025.0,5.0,4.0,4.0,MSVI,Municipal,Primario
113404,2025.0,6.0,2.0,2.0,MSVI,Municipal,Primario
113404,2025.0,7.0,2.0,2.0,MSVI,Municipal,Primario
113404,2025.0,8.0,0.0,0.0,MSVI,Municipal,Primario
113404,2025.0,9.0,6.0,6.0,MSVI,Municipal,Primario
113404,2025.0,10.0,2.0,2.0,MSVI,Municipal,Primario
113405,2025.0,1.0,0.0,0.0,MSVI,Municipal,Primario
113405,2025.0,2.0,2.0,4.0,MSVI,Municipal,Primario
113405,2025.0,3.0,4.0,8.0,MSVI,Municipal,Primario
113405,2025.0,4.0,2.0,10.0,MSVI,Municipal,Primario
113405,2025.0,5.0,4.0,4.0,MSVI,Municipal,Primario
113405,2025.0,6.0,2.0,2.0,MSVI,Municipal,Primario
113405,2025.0,7.0,6.0,6.0,MSVI,Municipal,Primario
113405,2025.0,8.0,6.0,8.0,MSVI,Municipal,Primario
113405,2025.0,9.0,2.0,4.0,MSVI,Municipal,Primario
113405,2025.0,10.0,1.0,1.0,MSVI,Municipal,Primario
113406,2025.0,1.0,0.0,0.0,MSVI,Municipal,Primario
113406,2025.0,2.0,0.0,0.0,MSVI,Municipal,Primario
113406,2025.0,3.0,0.0,0.0,MSVI,Municipal,Primario
113406,2025.0,4.0,2.0,2.0,MSVI,Municipal,Primario
113406,2025.0,6.0,6.0,6.0,MSVI,Municipal,Primario
113406,2025.0,7.0,2.0,2.0,MSVI,Municipal,Primario
113406,2025.0,9.0,,0.0,MSVI,Municipal,Primario
113406,2025.0,10.0,0.0,0.0,MSVI,Municipal,Primario
113407,2025.0,1.0,6.0,8.0,MSVI,Municipal,Primario
113407,2025.0,2.0,0.0,2.0,MSVI,Municipal,Primario
113407,2025.0,3.0,2.0,2.0,MSVI,Municipal,Primario
113407,2025.0,4.0,0.0,0.0,MSVI,Municipal,Primario
113407,2025.0,5.0,0.0,0.0,MSVI,Municipal,Primario
113407,2025.0,6.0,2.0,2.0,MSVI,Municipal,Primario
113407,2025.0,7.0,2.0,2.0,MSVI,Municipal,Primario
113407,2025.0,8.0,4.0,4.0,MSVI,Municipal,Primario
113407,2025.0,9.0,,0.0,MSVI,Municipal,Primario
113407,2025.0,10.0,1.0,1.0,MSVI,Municipal,Primario
113408,2025.0,1.0,0.0,2.0,MSVI,Municipal,Primario
113408,2025.0,2.0,,0.0,MSVI,Municipal,Primario
113408,2025.0,3.0,0.0,0.0,MSVI,Municipal,Primario
113408,2025.0,4.0,0.0,0.0,MSVI,Municipal,Primario
113408,2025.0,5.0,,2.0,MSVI,Municipal,Primario
113408,2025.0,6.0,0.0,2.0,MSVI,Municipal,Primario
113408,2025.0,7.0,0.0,,MSVI,Municipal,Primario
113408,2025.0,8.0,2.0,,MSVI,Municipal,Primario
113408,2025.0,9.0,2.0,2.0,MSVI,Municipal,Primario
113408,2025.0,10.0,1.0,1.0,MSVI,Municipal,Primario
113409,2025.0,1.0,6.0,12.0,MSVI,Municipal,Primario
113409,2025.0,2.0,10.0,12.0,MSVI,Municipal,Primario
113409,2025.0,3.0,2.0,6.0,MSVI,Municipal,Primario
113409,2025.0,4.0,4.0,8.0,MSVI,Municipal,Primario
113409,2025.0,5.0,2.0,10.0,MSVI,Municipal,Primario
113409,2025.0,6.0,4.0,6.0,MSVI,Municipal,Primario
113409,2025.0,7.0,0.0,4.0,MSVI,Municipal,Primario
113409,2025.0,8.0,0.0,2.0,MSVI,Municipal,Primario
113409,2025.0,9.0,2.0,8.0,MSVI,Municipal,Primario
113409,2025.0,10.0,3.0,3.0,MSVI,Municipal,Primario
113410,2025.0,1.0,2.0,2.0,MSVI,Municipal,Primario
113410,2025.0,2.0,2.0,2.0,MSVI,Municipal,Primario
113410,2025.0,4.0,2.0,4.0,MSVI,Municipal,Primario
113410,2025.0,5.0,2.0,2.0,MSVI,Municipal,Primario
113410,2025.0,6.0,,0.0,MSVI,Municipal,Primario
113410,2025.0,7.0,,0.0,MSVI,Municipal,Primario
113410,2025.0,9.0,0.0,0.0,MSVI,Municipal,Primario
113410,2025.0,10.0,1.0,3.0,MSVI,Municipal,Primario
113411,2025.0,1.0,2.0,2.0,MSVI,Municipal,Primario
113411,2025.0,2.0,0.0,0.0,MSVI,Municipal,Primario
113411,2025.0,3.0,0.0,0.0,MSVI,Municipal,Primario
113411,2025.0,4.0,0.0,0.0,MSVI,Municipal,Primario
113411,2025.0,5.0,0.0,0.0,MSVI,Municipal,Primario
113411,2025.0,6.0,0.0,0.0,MSVI,Municipal,Primario
113411,2025.0,7.0,2.0,2.0,MSVI,Municipal,Primario
113411,2025.0,8.0,0.0,2.0,MSVI,Municipal,Primario
113411,2025.0,9.0,0.0,4.0,MSVI,Municipal,Primario
113411,2025.0,10.0,0.0,0.0,MSVI,Municipal,Primario
113412,2025.0,1.0,0.0,0.0,MSVI,Municipal,Primario
113412,2025.0,2.0,0.0,0.0,MSVI,Municipal,Primario
113412,2025.0,3.0,0.0,2.0,MSVI,Municipal,Primario
113412,2025.0,4.0,4.0,6.0,MSVI,Municipal,Primario
113412,2025.0,5.0,4.0,4.0,MSVI,Municipal,Primario
113412,2025.0,6.0,2.0,6.0,MSVI,Municipal,Primario
113412,2025.0,7.0,2.0,2.0,MSVI,Municipal,Primario
113412,2025.0,8.0,2.0,2.0,MSVI,Municipal,Primario
113412,2025.0,9.0,0.0,0.0,MSVI,Municipal,Primario
113412,2025.0,10.0,1.0,1.0,MSVI,Municipal,Primario
113413,2025.0,2.0,2.0,,MSVI,Municipal,Primario
113413,2025.0,8.0,,0.0,MSVI,Municipal,Primario
113701,2025.0,1.0,4.0,10.0,MSVI,Municipal,Primario
113701,2025.0,2.0,12.0,14.0,MSVI,Municipal,Primario
113701,2025.0,3.0,2.0,2.0,MSVI,Municipal,Primario
113701,2025.0,4.0,4.0,,MSVI,Municipal,Primario
113701,2025.0,5.0,2.0,6.0,MSVI,Municipal,Primario
113701,2025.0,6.0,4.0,6.0,MSVI,Municipal,Primario
113701,2025.0,7.0,2.0,2.0,MSVI,Municipal,Primario
113701,2025.0,8.0,10.0,10.0,MSVI,Municipal,Primario
113701,2025.0,9.0,12.0,12.0,MSVI,Municipal,Primario
113701,2025.0,10.0,2.0,2.0,MSVI,Municipal,Primario
113702,2025.0,1.0,0.0,2.0,MSVI,Municipal,Primario
113702,2025.0,2.0,2.0,2.0,MSVI,Municipal,Primario
113702,2025.0,3.0,2.0,4.0,MSVI,Municipal,Primario
113702,2025.0,4.0,2.0,2.0,MSVI,Municipal,Primario
113702,2025.0,5.0,0.0,0.0,MSVI,Municipal,Primario
113702,2025.0,6.0,2.0,2.0,MSVI,Municipal,Primario
113702,2025.0,7.0,0.0,,MSVI,Municipal,Primario
113702,2025.0,8.0,2.0,4.0,MSVI,Municipal,Primario
113702,2025.0,9.0,4.0,4.0,MSVI,Municipal,Primario
113702,2025.0,10.0,3.0,3.0,MSVI,Municipal,Primario
113703,2025.0,1.0,0.0,2.0,MSVI,Municipal,Primario
113703,2025.0,2.0,2.0,2.0,MSVI,Municipal,Primario
113703,2025.0,3.0,0.0,0.0,MSVI,Municipal,Primario
113703,2025.0,4.0,2.0,6.0,MSVI,Municipal,Primario
113703,2025.0,5.0,2.0,6.0,MSVI,Municipal,Primario
113703,2025.0,6.0,2.0,2.0,MSVI,Municipal,Primario
113703,2025.0,7.0,4.0,6.0,MSVI,Municipal,Primario
113703,2025.0,8.0,2.0,2.0,MSVI,Municipal,Primario
113703,2025.0,9.0,0.0,0.0,MSVI,Municipal,Primario
113703,2025.0,10.0,2.0,3.0,MSVI,Municipal,Primario
113713,2025.0,1.0,6.0,8.0,MSVI,Municipal,Primario
113713,2025.0,2.0,0.0,0.0,MSVI,Municipal,Primario
113713,2025.0,3.0,0.0,0.0,MSVI,Municipal,Primario
113713,2025.0,4.0,0.0,2.0,MSVI,Municipal,Primario
113713,2025.0,5.0,4.0,10.0,MSVI,Municipal,Primario
113713,2025.0,6.0,8.0,8.0,MSVI,Municipal,Primario
113713,2025.0,7.0,8.0,10.0,MSVI,Municipal,Primario
113713,2025.0,8.0,8.0,8.0,MSVI,Municipal,Primario
113713,2025.0,9.0,0.0,0.0,MSVI,Municipal,Primario
113713,2025.0,10.0,7.0,9.0,MSVI,Municipal,Primario
113716,2025.0,1.0,2.0,6.0,MSVI,Municipal,Primario
113716,2025.0,2.0,4.0,4.0,MSVI,Municipal,Primario
113716,2025.0,3.0,6.0,12.0,MSVI,Municipal,Primario
113716,2025.0,4.0,8.0,10.0,MSVI,Municipal,Primario
113716,2025.0,5.0,8.0,12.0,MSVI,Municipal,Primario
113716,2025.0,6.0,12.0,16.0,MSVI,Municipal,Primario
113716,2025.0,7.0,10.0,12.0,MSVI,Municipal,Primario
113716,2025.0,8.0,6.0,8.0,MSVI,Municipal,Primario
113716,2025.0,9.0,10.0,16.0,MSVI,Municipal,Primario
113716,2025.0,10.0,4.0,5.0,MSVI,Municipal,Primario
113717,2025.0,1.0,2.0,4.0,MSVI,Municipal,Primario
113717,2025.0,2.0,0.0,0.0,MSVI,Municipal,Primario
113717,2025.0,3.0,0.0,0.0,MSVI,Municipal,Primario
113717,2025.0,4.0,0.0,0.0,MSVI,Municipal,Primario
113717,2025.0,5.0,0.0,0.0,MSVI,Municipal,Primario
113717,2025.0,6.0,0.0,0.0,MSVI,Municipal,Primario
113717,2025.0,7.0,0.0,2.0,MSVI,Municipal,Primario
113717,2025.0,8.0,0.0,2.0,MSVI,Municipal,Primario
113717,2025.0,9.0,0.0,0.0,MSVI,Municipal,Primario
113717,2025.0,10.0,0.0,1.0,MSVI,Municipal,Primario
113722,2025.0,1.0,2.0,2.0,MSVI,Municipal,Primario
113722,2025.0,2.0,0.0,0.0,MSVI,Municipal,Primario
113722,2025.0,3.0,0.0,0.0,MSVI,Municipal,Primario
113722,2025.0,4.0,0.0,0.0,MSVI,Municipal,Primario
113722,2025.0,5.0,4.0,4.0,MSVI,Municipal,Primario
113722,2025.0,6.0,2.0,2.0,MSVI,Municipal,Primario
113722,2025.0,7.0,4.0,4.0,MSVI,Municipal,Primario
113722,2025.0,8.0,4.0,4.0,MSVI,Municipal,Primario
113722,2025.0,9.0,4.0,6.0,MSVI,Municipal,Primario
113722,2025.0,10.0,1.0,2.0,MSVI,Municipal,Primario
113728,2025.0,1.0,6.0,6.0,MSVI,Municipal,Primario
113728,2025.0,2.0,4.0,4.0,MSVI,Municipal,Primario
113728,2025.0,3.0,6.0,10.0,MSVI,Municipal,Primario
113728,2025.0,4.0,4.0,12.0,MSVI,Municipal,Primario
113728,2025.0,5.0,2.0,4.0,MSVI,Municipal,Primario
113728,2025.0,6.0,4.0,12.0,MSVI,Municipal,Primario
113728,2025.0,7.0,8.0,12.0,MSVI,Municipal,Primario
113728,2025.0,8.0,2.0,4.0,MSVI,Municipal,Primario
113728,2025.0,9.0,6.0,10.0,MSVI,Municipal,Primario
113728,2025.0,10.0,3.0,5.0,MSVI,Municipal,Primario
113753,2025.0,1.0,4.0,8.0,MSVI,Municipal,Primario
113753,2025.0,2.0,6.0,6.0,MSVI,Municipal,Primario
113753,2025.0,3.0,0.0,0.0,MSVI,Municipal,Primario
113753,2025.0,4.0,4.0,,MSVI,Municipal,Primario
113753,2025.0,5.0,2.0,4.0,MSVI,Municipal,Primario
113753,2025.0,6.0,4.0,6.0,MSVI,Municipal,Primario
113753,2025.0,7.0,0.0,4.0,MSVI,Municipal,Primario
113753,2025.0,8.0,0.0,0.0,MSVI,Municipal,Primario
113753,2025.0,9.0,2.0,2.0,MSVI,Municipal,Primario
113753,2025.0,10.0,3.0,3.0,MSVI,Municipal,Primario
113790,2025.0,1.0,12.0,16.0,MSVI,Municipal,Primario
113790,2025.0,2.0,8.0,10.0,MSVI,Municipal,Primario
113790,2025.0,3.0,6.0,6.0,MSVI,Municipal,Primario
113790,2025.0,4.0,0.0,2.0,MSVI,Municipal,Primario
113790,2025.0,5.0,2.0,4.0,MSVI,Municipal,Primario
113790,2025.0,6.0,4.0,14.0,MSVI,Municipal,Primario
113790,2025.0,7.0,6.0,12.0,MSVI,Municipal,Primario
113790,2025.0,8.0,8.0,14.0,MSVI,Municipal,Primario
113790,2025.0,9.0,2.0,4.0,MSVI,Municipal,Primario
113790,2025.0,10.0,1.0,7.0,MSVI,Municipal,Primario
114102,2025.0,1.0,6.0,10.0,MSVI,Servicio de Salud,Terciario
114102,2025.0,2.0,6.0,6.0,MSVI,Servicio de Salud,Terciario
114102,2025.0,3.0,0.0,0.0,MSVI,Servicio de Salud,Terciario
114102,2025.0,4.0,8.0,14.0,MSVI,Servicio de Salud,Terciario
114102,2025.0,5.0,16.0,20.0,MSVI,Servicio de Salud,Terciario
114102,2025.0,6.0,8.0,10.0,MSVI,Servicio de Salud,Terciario
114102,2025.0,7.0,2.0,12.0,MSVI,Servicio de Salud,Terciario
114102,2025.0,8.0,0.0,0.0,MSVI,Servicio de Salud,Terciario
114102,2025.0,9.0,8.0,6.0,MSVI,Servicio de Salud,Terciario
114102,2025.0,10.0,7.0,8.0,MSVI,Servicio de Salud,Terciario
114301,2025.0,1.0,54.0,118.0,MSVI,Municipal,Primario
114301,2025.0,2.0,52.0,94.0,MSVI,Municipal,Primario
114301,2025.0,3.0,50.0,94.0,MSVI,Municipal,Primario
114301,2025.0,4.0,32.0,82.0,MSVI,Municipal,Primario
114301,2025.0,5.0,54.0,86.0,MSVI,Municipal,Primario
114301,2025.0,6.0,64.0,96.0,MSVI,Municipal,Primario
114301,2025.0,7.0,56.0,100.0,MSVI,Municipal,Primario
114301,2025.0,8.0,22.0,52.0,MSVI,Municipal,Primario
114301,2025.0,9.0,24.0,40.0,MSVI,Municipal,Primario
114301,2025.0,10.0,12.0,26.0,MSVI,Municipal,Primario
114302,2025.0,1.0,16.0,26.0,MSVI,Municipal,Primario
114302,2025.0,2.0,14.0,24.0,MSVI,Municipal,Primario
114302,2025.0,3.0,18.0,28.0,MSVI,Municipal,Primario
114302,2025.0,4.0,18.0,32.0,MSVI,Municipal,Primario
114302,2025.0,5.0,18.0,28.0,MSVI,Municipal,Primario
114302,2025.0,6.0,22.0,38.0,MSVI,Municipal,Primario
114302,2025.0,7.0,12.0,20.0,MSVI,Municipal,Primario
114302,2025.0,8.0,10.0,16.0,MSVI,Municipal,Primario
114302,2025.0,9.0,12.0,20.0,MSVI,Municipal,Primario
114302,2025.0,10.0,8.0,13.0,MSVI,Municipal,Primario
114303,2025.0,1.0,18.0,30.0,MSVI,Municipal,Primario
114303,2025.0,2.0,14.0,30.0,MSVI,Municipal,Primario
114303,2025.0,3.0,28.0,42.0,MSVI,Municipal,Primario
114303,2025.0,4.0,26.0,34.0,MSVI,Municipal,Primario
114303,2025.0,5.0,24.0,40.0,MSVI,Municipal,Primario
114303,2025.0,6.0,22.0,40.0,MSVI,Municipal,Primario
114303,2025.0,7.0,30.0,56.0,MSVI,Municipal,Primario
114303,2025.0,8.0,32.0,60.0,MSVI,Municipal,Primario
114303,2025.0,9.0,62.0,78.0,MSVI,Municipal,Primario
114303,2025.0,10.0,17.0,34.0,MSVI,Municipal,Primario
114304,2025.0,1.0,18.0,30.0,MSVI,Municipal,Primario
114304,2025.0,2.0,18.0,36.0,MSVI,Municipal,Primario
114304,2025.0,3.0,20.0,50.0,MSVI,Municipal,Primario
114304,2025.0,4.0,20.0,44.0,MSVI,Municipal,Primario
114304,2025.0,5.0,8.0,34.0,MSVI,Municipal,Primario
114304,2025.0,6.0,22.0,40.0,MSVI,Municipal,Primario
114304,2025.0,7.0,12.0,38.0,MSVI,Municipal,Primario
114304,2025.0,8.0,20.0,34.0,MSVI,Municipal,Primario
114304,2025.0,9.0,14.0,24.0,MSVI,Municipal,Primario
114304,2025.0,10.0,12.0,20.0,MSVI,Municipal,Primario
114305,2025.0,1.0,34.0,58.0,MSVI,Municipal,Primario
114305,2025.0,2.0,14.0,24.0,MSVI,Municipal,Primario
114305,2025.0,3.0,30.0,50.0,MSVI,Municipal,Primario
114305,2025.0,4.0,24.0,36.0,MSVI,Municipal,Primario
114305,2025.0,5.0,18.0,32.0,MSVI,Municipal,Primario
114305,2025.0,6.0,12.0,22.0,MSVI,Municipal,Primario
114305,2025.0,7.0,26.0,48.0,MSVI,Municipal,Primario
114305,2025.0,8.0,28.0,48.0,MSVI,Municipal,Primario
114305,2025.0,9.0,16.0,26.0,MSVI,Municipal,Primario
114305,2025.0,10.0,13.0,22.0,MSVI,Municipal,Primario
114306,2025.0,1.0,8.0,18.0,MSVI,Municipal,Primario
114306,2025.0,2.0,16.0,38.0,MSVI,Municipal,Primario
114306,2025.0,3.0,6.0,22.0,MSVI,Municipal,Primario
114306,2025.0,4.0,18.0,42.0,MSVI,Municipal,Primario
114306,2025.0,5.0,24.0,48.0,MSVI,Municipal,Primario
114306,2025.0,6.0,8.0,12.0,MSVI,Municipal,Primario
114306,2025.0,7.0,14.0,18.0,MSVI,Municipal,Primario
114306,2025.0,8.0,22.0,36.0,MSVI,Municipal,Primario
114306,2025.0,9.0,30.0,44.0,MSVI,Municipal,Primario
114306,2025.0,10.0,11.0,20.0,MSVI,Municipal,Primario
114307,2025.0,1.0,10.0,14.0,MSVI,Municipal,Primario
114307,2025.0,2.0,24.0,34.0,MSVI,Municipal,Primario
114307,2025.0,3.0,8.0,26.0,MSVI,Municipal,Primario
114307,2025.0,4.0,8.0,10.0,MSVI,Municipal,Primario
114307,2025.0,5.0,14.0,20.0,MSVI,Municipal,Primario
114307,2025.0,6.0,12.0,12.0,MSVI,Municipal,Primario
114307,2025.0,7.0,8.0,20.0,MSVI,Municipal,Primario
114307,2025.0,8.0,16.0,22.0,MSVI,Municipal,Primario
114307,2025.0,9.0,20.0,32.0,MSVI,Municipal,Primario
114307,2025.0,10.0,10.0,14.0,MSVI,Municipal,Primario
114308,2025.0,1.0,2.0,26.0,MSVI,Municipal,Primario
114308,2025.0,2.0,6.0,24.0,MSVI,Municipal,Primario
114308,2025.0,3.0,8.0,16.0,MSVI,Municipal,Primario
114308,2025.0,4.0,8.0,12.0,MSVI,Municipal,Primario
114308,2025.0,5.0,4.0,12.0,MSVI,Municipal,Primario
114308,2025.0,6.0,18.0,26.0,MSVI,Municipal,Primario
114308,2025.0,7.0,14.0,26.0,MSVI,Municipal,Primario
114308,2025.0,8.0,6.0,14.0,MSVI,Municipal,Primario
114308,2025.0,9.0,10.0,12.0,MSVI,Municipal,Primario
114308,2025.0,10.0,9.0,13.0,MSVI,Municipal,Primario
114309,2025.0,1.0,12.0,24.0,MSVI,Municipal,Primario
114309,2025.0,2.0,10.0,26.0,MSVI,Municipal,Primario
114309,2025.0,3.0,20.0,24.0,MSVI,Municipal,Primario
114309,2025.0,4.0,16.0,28.0,MSVI,Municipal,Primario
114309,2025.0,5.0,8.0,16.0,MSVI,Municipal,Primario
114309,2025.0,6.0,12.0,30.0,MSVI,Municipal,Primario
114309,2025.0,7.0,12.0,16.0,MSVI,Municipal,Primario
114309,2025.0,8.0,6.0,14.0,MSVI,Municipal,Primario
114309,2025.0,9.0,20.0,36.0,MSVI,Municipal,Primario
114309,2025.0,10.0,8.0,14.0,MSVI,Municipal,Primario
114310,2025.0,1.0,6.0,14.0,MSVI,Municipal,Primario
114310,2025.0,2.0,2.0,6.0,MSVI,Municipal,Primario
114310,2025.0,3.0,2.0,10.0,MSVI,Municipal,Primario
114310,2025.0,4.0,0.0,4.0,MSVI,Municipal,Primario
114310,2025.0,5.0,2.0,16.0,MSVI,Municipal,Primario
114310,2025.0,6.0,4.0,6.0,MSVI,Municipal,Primario
114310,2025.0,7.0,12.0,32.0,MSVI,Municipal,Primario
114310,2025.0,8.0,2.0,6.0,MSVI,Municipal,Primario
114310,2025.0,9.0,6.0,6.0,MSVI,Municipal,Primario
114310,2025.0,10.0,4.0,5.0,MSVI,Municipal,Primario
114311,2025.0,1.0,12.0,32.0,MSVI,Municipal,Primario
114311,2025.0,2.0,4.0,26.0,MSVI,Municipal,Primario
114311,2025.0,3.0,16.0,32.0,MSVI,Municipal,Primario
114311,2025.0,4.0,14.0,36.0,MSVI,Municipal,Primario
114311,2025.0,5.0,10.0,24.0,MSVI,Municipal,Primario
114311,2025.0,6.0,10.0,18.0,MSVI,Municipal,Primario
114311,2025.0,7.0,34.0,46.0,MSVI,Municipal,Primario
114311,2025.0,8.0,30.0,44.0,MSVI,Municipal,Primario
114311,2025.0,9.0,14.0,24.0,MSVI,Municipal,Primario
114311,2025.0,10.0,5.0,9.0,MSVI,Municipal,Primario
114312,2025.0,1.0,18.0,36.0,MSVI,Municipal,Primario
114312,2025.0,2.0,28.0,46.0,MSVI,Municipal,Primario
114312,2025.0,3.0,44.0,66.0,MSVI,Municipal,Primario
114312,2025.0,4.0,46.0,58.0,MSVI,Municipal,Primario
114312,2025.0,5.0,36.0,46.0,MSVI,Municipal,Primario
114312,2025.0,6.0,28.0,64.0,MSVI,Municipal,Primario
114312,2025.0,7.0,34.0,70.0,MSVI,Municipal,Primario
114312,2025.0,8.0,14.0,28.0,MSVI,Municipal,Primario
114312,2025.0,9.0,10.0,24.0,MSVI,Municipal,Primario
114312,2025.0,10.0,4.0,14.0,MSVI,Municipal,Primario
114313,2025.0,1.0,24.0,44.0,MSVI,Municipal,Primario
114313,2025.0,2.0,22.0,38.0,MSVI,Municipal,Primario
114313,2025.0,3.0,22.0,32.0,MSVI,Municipal,Primario
114313,2025.0,4.0,14.0,32.0,MSVI,Municipal,Primario
114313,2025.0,5.0,22.0,28.0,MSVI,Municipal,Primario
114313,2025.0,6.0,20.0,30.0,MSVI,Municipal,Primario
114313,2025.0,7.0,8.0,22.0,MSVI,Municipal,Primario
114313,2025.0,8.0,6.0,18.0,MSVI,Municipal,Primario
114313,2025.0,9.0,2.0,12.0,MSVI,Municipal,Primario
114313,2025.0,10.0,7.0,13.0,MSVI,Municipal,Primario
114314,2025.0,1.0,12.0,14.0,MSVI,Municipal,Primario
114314,2025.0,2.0,10.0,20.0,MSVI,Municipal,Primario
114314,2025.0,3.0,8.0,16.0,MSVI,Municipal,Primario
114314,2025.0,4.0,8.0,18.0,MSVI,Municipal,Primario
114314,2025.0,5.0,8.0,14.0,MSVI,Municipal,Primario
114314,2025.0,6.0,10.0,18.0,MSVI,Municipal,Primario
114314,2025.0,7.0,12.0,26.0,MSVI,Municipal,Primario
114314,2025.0,8.0,12.0,20.0,MSVI,Municipal,Primario
114314,2025.0,9.0,8.0,14.0,MSVI,Municipal,Primario
114314,2025.0,10.0,8.0,11.0,MSVI,Municipal,Primario
114315,2025.0,1.0,18.0,30.0,MSVI,Municipal,Primario
114315,2025.0,2.0,6.0,6.0,MSVI,Municipal,Primario
114315,2025.0,3.0,10.0,24.0,MSVI,Municipal,Primario
114315,2025.0,4.0,8.0,12.0,MSVI,Municipal,Primario
114315,2025.0,5.0,4.0,8.0,MSVI,Municipal,Primario
114315,2025.0,6.0,8.0,14.0,MSVI,Municipal,Primario
114315,2025.0,7.0,6.0,12.0,MSVI,Municipal,Primario
114315,2025.0,8.0,10.0,28.0,MSVI,Municipal,Primario
114315,2025.0,9.0,8.0,16.0,MSVI,Municipal,Primario
114315,2025.0,10.0,3.0,6.0,MSVI,Municipal,Primario
114316,2025.0,1.0,32.0,50.0,MSVI,Municipal,Primario
114316,2025.0,2.0,12.0,20.0,MSVI,Municipal,Primario
114316,2025.0,3.0,16.0,28.0,MSVI,Municipal,Primario
114316,2025.0,4.0,18.0,32.0,MSVI,Municipal,Primario
114316,2025.0,5.0,34.0,46.0,MSVI,Municipal,Primario
114316,2025.0,6.0,12.0,26.0,MSVI,Municipal,Primario
114316,2025.0,7.0,20.0,32.0,MSVI,Municipal,Primario
114316,2025.0,8.0,18.0,32.0,MSVI,Municipal,Primario
114316,2025.0,9.0,6.0,18.0,MSVI,Municipal,Primario
114316,2025.0,10.0,14.0,20.0,MSVI,Municipal,Primario
114317,2025.0,1.0,8.0,28.0,MSVI,Municipal,Primario
114317,2025.0,2.0,8.0,20.0,MSVI,Municipal,Primario
114317,2025.0,3.0,4.0,16.0,MSVI,Municipal,Primario
114317,2025.0,4.0,4.0,12.0,MSVI,Municipal,Primario
114317,2025.0,5.0,2.0,8.0,MSVI,Municipal,Primario
114317,2025.0,6.0,12.0,18.0,MSVI,Municipal,Primario
114317,2025.0,7.0,10.0,16.0,MSVI,Municipal,Primario
114317,2025.0,8.0,10.0,32.0,MSVI,Municipal,Primario
114317,2025.0,9.0,8.0,16.0,MSVI,Municipal,Primario
114317,2025.0,10.0,8.0,12.0,MSVI,Municipal,Primario
114318,2025.0,1.0,4.0,8.0,MSVI,Municipal,Primario
114318,2025.0,2.0,4.0,10.0,MSVI,Municipal,Primario
114318,2025.0,3.0,4.0,6.0,MSVI,Municipal,Primario
114318,2025.0,4.0,2.0,8.0,MSVI,Municipal,Primario
114318,2025.0,5.0,4.0,6.0,MSVI,Municipal,Primario
114318,2025.0,6.0,2.0,4.0,MSVI,Municipal,Primario
114318,2025.0,7.0,6.0,8.0,MSVI,Municipal,Primario
114318,2025.0,8.0,2.0,4.0,MSVI,Municipal,Primario
114318,2025.0,9.0,4.0,12.0,MSVI,Municipal,Primario
114318,2025.0,10.0,0.0,1.0,MSVI,Municipal,Primario
114319,2025.0,1.0,4.0,18.0,MSVI,Municipal,Primario
114319,2025.0,2.0,14.0,28.0,MSVI,Municipal,Primario
114319,2025.0,3.0,14.0,26.0,MSVI,Municipal,Primario
114319,2025.0,4.0,16.0,28.0,MSVI,Municipal,Primario
114319,2025.0,5.0,8.0,28.0,MSVI,Municipal,Primario
114319,2025.0,6.0,12.0,28.0,MSVI,Municipal,Primario
114319,2025.0,7.0,16.0,40.0,MSVI,Municipal,Primario
114319,2025.0,8.0,10.0,40.0,MSVI,Municipal,Primario
114319,2025.0,9.0,18.0,38.0,MSVI,Municipal,Primario
114319,2025.0,10.0,8.0,15.0,MSVI,Municipal,Primario
114320,2025.0,1.0,34.0,58.0,MSVI,Municipal,Primario
114320,2025.0,2.0,18.0,44.0,MSVI,Municipal,Primario
114320,2025.0,3.0,18.0,46.0,MSVI,Municipal,Primario
114320,2025.0,4.0,14.0,32.0,MSVI,Municipal,Primario
114320,2025.0,5.0,12.0,38.0,MSVI,Municipal,Primario
114320,2025.0,6.0,28.0,56.0,MSVI,Municipal,Primario
114320,2025.0,7.0,32.0,70.0,MSVI,Municipal,Primario
114320,2025.0,8.0,14.0,28.0,MSVI,Municipal,Primario
114320,2025.0,9.0,18.0,36.0,MSVI,Municipal,Primario
114320,2025.0,10.0,4.0,17.0,MSVI,Municipal,Primario
114321,2025.0,1.0,26.0,58.0,MSVI,Municipal,Primario
114321,2025.0,2.0,30.0,48.0,MSVI,Municipal,Primario
114321,2025.0,3.0,16.0,44.0,MSVI,Municipal,Primario
114321,2025.0,4.0,16.0,38.0,MSVI,Municipal,Primario
114321,2025.0,5.0,28.0,54.0,MSVI,Municipal,Primario
114321,2025.0,6.0,34.0,64.0,MSVI,Municipal,Primario
114321,2025.0,7.0,48.0,88.0,MSVI,Municipal,Primario
114321,2025.0,8.0,16.0,40.0,MSVI,Municipal,Primario
114321,2025.0,9.0,12.0,38.0,MSVI,Municipal,Primario
114321,2025.0,10.0,2.0,7.0,MSVI,Municipal,Primario
114322,2025.0,1.0,62.0,102.0,MSVI,Municipal,Primario
114322,2025.0,2.0,76.0,112.0,MSVI,Municipal,Primario
114322,2025.0,3.0,56.0,94.0,MSVI,Municipal,Primario
114322,2025.0,4.0,56.0,106.0,MSVI,Municipal,Primario
114322,2025.0,5.0,44.0,76.0,MSVI,Municipal,Primario
114322,2025.0,6.0,34.0,90.0,MSVI,Municipal,Primario
114322,2025.0,7.0,44.0,90.0,MSVI,Municipal,Primario
114322,2025.0,8.0,26.0,52.0,MSVI,Municipal,Primario
114322,2025.0,9.0,6.0,40.0,MSVI,Municipal,Primario
114322,2025.0,10.0,15.0,26.0,MSVI,Municipal,Primario
114323,2025.0,1.0,10.0,20.0,MSVI,Delegados ,Primario
114323,2025.0,2.0,4.0,20.0,MSVI,Delegados ,Primario
114323,2025.0,3.0,10.0,18.0,MSVI,Delegados ,Primario
114323,2025.0,4.0,10.0,22.0,MSVI,Delegados ,Primario
114323,2025.0,5.0,8.0,20.0,MSVI,Delegados ,Primario
114323,2025.0,6.0,10.0,18.0,MSVI,Delegados ,Primario
114323,2025.0,7.0,8.0,28.0,MSVI,Delegados ,Primario
114323,2025.0,8.0,10.0,16.0,MSVI,Delegados ,Primario
114323,2025.0,9.0,12.0,26.0,MSVI,Delegados ,Primario
114323,2025.0,10.0,6.0,13.0,MSVI,Delegados ,Primario
114324,2025.0,1.0,16.0,28.0,MSVI,Municipal,Primario
114324,2025.0,2.0,26.0,44.0,MSVI,Municipal,Primario
114324,2025.0,3.0,16.0,32.0,MSVI,Municipal,Primario
114324,2025.0,4.0,14.0,24.0,MSVI,Municipal,Primario
114324,2025.0,5.0,20.0,36.0,MSVI,Municipal,Primario
114324,2025.0,6.0,24.0,40.0,MSVI,Municipal,Primario
114324,2025.0,7.0,18.0,32.0,MSVI,Municipal,Primario
114324,2025.0,8.0,22.0,34.0,MSVI,Municipal,Primario
114324,2025.0,9.0,32.0,44.0,MSVI,Municipal,Primario
114324,2025.0,10.0,7.0,12.0,MSVI,Municipal,Primario
114325,2025.0,1.0,12.0,20.0,MSVI,Municipal,Primario
114325,2025.0,2.0,14.0,28.0,MSVI,Municipal,Primario
114325,2025.0,3.0,14.0,24.0,MSVI,Municipal,Primario
114325,2025.0,4.0,10.0,22.0,MSVI,Municipal,Primario
114325,2025.0,5.0,10.0,30.0,MSVI,Municipal,Primario
114325,2025.0,6.0,12.0,32.0,MSVI,Municipal,Primario
114325,2025.0,7.0,22.0,36.0,MSVI,Municipal,Primario
114325,2025.0,8.0,12.0,26.0,MSVI,Municipal,Primario
114325,2025.0,9.0,24.0,46.0,MSVI,Municipal,Primario
114325,2025.0,10.0,5.0,15.0,MSVI,Municipal,Primario
114326,2025.0,1.0,14.0,38.0,MSVI,Municipal,Primario
114326,2025.0,2.0,22.0,40.0,MSVI,Municipal,Primario
114326,2025.0,3.0,36.0,54.0,MSVI,Municipal,Primario
114326,2025.0,4.0,30.0,56.0,MSVI,Municipal,Primario
114326,2025.0,5.0,18.0,36.0,MSVI,Municipal,Primario
114326,2025.0,6.0,26.0,48.0,MSVI,Municipal,Primario
114326,2025.0,7.0,30.0,48.0,MSVI,Municipal,Primario
114326,2025.0,8.0,4.0,18.0,MSVI,Municipal,Primario
114326,2025.0,9.0,4.0,18.0,MSVI,Municipal,Primario
114326,2025.0,10.0,9.0,16.0,MSVI,Municipal,Primario
114327,2025.0,1.0,6.0,20.0,MSVI,Delegados ,Primario
114327,2025.0,2.0,10.0,18.0,MSVI,Delegados ,Primario
114327,2025.0,3.0,4.0,22.0,MSVI,Delegados ,Primario
114327,2025.0,4.0,8.0,24.0,MSVI,Delegados ,Primario
114327,2025.0,5.0,4.0,18.0,MSVI,Delegados ,Primario
114327,2025.0,6.0,6.0,14.0,MSVI,Delegados ,Primario
114327,2025.0,7.0,14.0,30.0,MSVI,Delegados ,Primario
114327,2025.0,8.0,6.0,22.0,MSVI,Delegados ,Primario
114327,2025.0,9.0,10.0,18.0,MSVI,Delegados ,Primario
114327,2025.0,10.0,5.0,11.0,MSVI,Delegados ,Primario
114328,2025.0,1.0,8.0,14.0,MSVI,Municipal,Primario
114328,2025.0,2.0,4.0,4.0,MSVI,Municipal,Primario
114328,2025.0,3.0,16.0,28.0,MSVI,Municipal,Primario
114328,2025.0,4.0,12.0,16.0,MSVI,Municipal,Primario
114328,2025.0,5.0,18.0,24.0,MSVI,Municipal,Primario
114328,2025.0,6.0,14.0,18.0,MSVI,Municipal,Primario
114328,2025.0,7.0,18.0,30.0,MSVI,Municipal,Primario
114328,2025.0,8.0,14.0,28.0,MSVI,Municipal,Primario
114328,2025.0,9.0,22.0,32.0,MSVI,Municipal,Primario
114328,2025.0,10.0,9.0,13.0,MSVI,Municipal,Primario
114329,2025.0,1.0,10.0,18.0,MSVI,Delegados ,Primario
114329,2025.0,2.0,18.0,30.0,MSVI,Delegados ,Primario
114329,2025.0,3.0,10.0,22.0,MSVI,Delegados ,Primario
114329,2025.0,4.0,6.0,14.0,MSVI,Delegados ,Primario
114329,2025.0,5.0,6.0,14.0,MSVI,Delegados ,Primario
114329,2025.0,6.0,8.0,16.0,MSVI,Delegados ,Primario
114329,2025.0,7.0,8.0,16.0,MSVI,Delegados ,Primario
114329,2025.0,8.0,6.0,18.0,MSVI,Delegados ,Primario
114329,2025.0,9.0,8.0,22.0,MSVI,Delegados ,Primario
114329,2025.0,10.0,4.0,8.0,MSVI,Delegados ,Primario
114330,2025.0,1.0,8.0,32.0,MSVI,Municipal,Primario
114330,2025.0,2.0,24.0,36.0,MSVI,Municipal,Primario
114330,2025.0,3.0,30.0,36.0,MSVI,Municipal,Primario
114330,2025.0,4.0,14.0,24.0,MSVI,Municipal,Primario
114330,2025.0,5.0,12.0,32.0,MSVI,Municipal,Primario
114330,2025.0,6.0,18.0,32.0,MSVI,Municipal,Primario
114330,2025.0,7.0,22.0,38.0,MSVI,Municipal,Primario
114330,2025.0,8.0,12.0,22.0,MSVI,Municipal,Primario
114330,2025.0,9.0,12.0,26.0,MSVI,Municipal,Primario
114330,2025.0,10.0,6.0,11.0,MSVI,Municipal,Primario
114331,2025.0,1.0,32.0,52.0,MSVI,Municipal,Primario
114331,2025.0,2.0,30.0,42.0,MSVI,Municipal,Primario
114331,2025.0,3.0,28.0,36.0,MSVI,Municipal,Primario
114331,2025.0,4.0,16.0,26.0,MSVI,Municipal,Primario
114331,2025.0,5.0,18.0,26.0,MSVI,Municipal,Primario
114331,2025.0,6.0,16.0,28.0,MSVI,Municipal,Primario
114331,2025.0,7.0,34.0,60.0,MSVI,Municipal,Primario
114331,2025.0,8.0,12.0,40.0,MSVI,Municipal,Primario
114331,2025.0,9.0,20.0,30.0,MSVI,Municipal,Primario
114331,2025.0,10.0,12.0,20.0,MSVI,Municipal,Primario
114332,2025.0,1.0,12.0,28.0,MSVI,Municipal,Primario
114332,2025.0,2.0,10.0,32.0,MSVI,Municipal,Primario
114332,2025.0,3.0,10.0,24.0,MSVI,Municipal,Primario
114332,2025.0,4.0,18.0,32.0,MSVI,Municipal,Primario
114332,2025.0,5.0,18.0,38.0,MSVI,Municipal,Primario
114332,2025.0,6.0,24.0,50.0,MSVI,Municipal,Primario
114332,2025.0,7.0,18.0,48.0,MSVI,Municipal,Primario
114332,2025.0,8.0,10.0,22.0,MSVI,Municipal,Primario
114332,2025.0,9.0,14.0,22.0,MSVI,Municipal,Primario
114332,2025.0,10.0,7.0,17.0,MSVI,Municipal,Primario
114333,2025.0,1.0,6.0,16.0,MSVI,Municipal,Primario
114333,2025.0,2.0,2.0,6.0,MSVI,Municipal,Primario
114333,2025.0,3.0,0.0,6.0,MSVI,Municipal,Primario
114333,2025.0,4.0,2.0,6.0,MSVI,Municipal,Primario
114333,2025.0,5.0,6.0,14.0,MSVI,Municipal,Primario
114333,2025.0,6.0,12.0,14.0,MSVI,Municipal,Primario
114333,2025.0,7.0,6.0,8.0,MSVI,Municipal,Primario
114333,2025.0,8.0,8.0,10.0,MSVI,Municipal,Primario
114333,2025.0,9.0,2.0,8.0,MSVI,Municipal,Primario
114333,2025.0,10.0,1.0,3.0,MSVI,Municipal,Primario
114334,2025.0,1.0,14.0,30.0,MSVI,Municipal,Primario
114334,2025.0,2.0,4.0,14.0,MSVI,Municipal,Primario
114334,2025.0,3.0,16.0,24.0,MSVI,Municipal,Primario
114334,2025.0,4.0,8.0,26.0,MSVI,Municipal,Primario
114334,2025.0,5.0,16.0,24.0,MSVI,Municipal,Primario
114334,2025.0,6.0,18.0,22.0,MSVI,Municipal,Primario
114334,2025.0,7.0,24.0,30.0,MSVI,Municipal,Primario
114334,2025.0,8.0,14.0,20.0,MSVI,Municipal,Primario
114334,2025.0,9.0,18.0,30.0,MSVI,Municipal,Primario
114334,2025.0,10.0,8.0,13.0,MSVI,Municipal,Primario
114401,2025.0,1.0,,0.0,MSVI,Municipal,Primario
114401,2025.0,2.0,,4.0,MSVI,Municipal,Primario
114401,2025.0,3.0,2.0,2.0,MSVI,Municipal,Primario
114401,2025.0,4.0,,0.0,MSVI,Municipal,Primario
114401,2025.0,6.0,0.0,0.0,MSVI,Municipal,Primario
114401,2025.0,7.0,,0.0,MSVI,Municipal,Primario
114401,2025.0,8.0,0.0,0.0,MSVI,Municipal,Primario
114401,2025.0,9.0,2.0,3.0,MSVI,Municipal,Primario
114401,2025.0,10.0,0.0,0.0,MSVI,Municipal,Primario
114406,2025.0,4.0,,2.0,MSVI,Municipal,Primario
114406,2025.0,5.0,0.0,0.0,MSVI,Municipal,Primario
114406,2025.0,7.0,0.0,0.0,MSVI,Municipal,Primario
114406,2025.0,8.0,0.0,0.0,MSVI,Municipal,Primario
114407,2025.0,1.0,6.0,6.0,MSVI,Municipal,Primario
114407,2025.0,2.0,2.0,2.0,MSVI,Municipal,Primario
114407,2025.0,3.0,2.0,0.0,MSVI,Municipal,Primario
114407,2025.0,4.0,2.0,2.0,MSVI,Municipal,Primario
114407,2025.0,5.0,4.0,2.0,MSVI,Municipal,Primario
114407,2025.0,6.0,2.0,2.0,MSVI,Municipal,Primario
114407,2025.0,7.0,0.0,2.0,MSVI,Municipal,Primario
114407,2025.0,8.0,0.0,0.0,MSVI,Municipal,Primario
114407,2025.0,9.0,0.0,4.0,MSVI,Municipal,Primario
114407,2025.0,10.0,0.0,2.0,MSVI,Municipal,Primario
114410,2025.0,8.0,0.0,,MSVI,Municipal,Primario
114410,2025.0,9.0,,0.0,MSVI,Municipal,Primario
114706,2025.0,1.0,2.0,4.0,MSVI,Municipal,Primario
114706,2025.0,2.0,0.0,2.0,MSVI,Municipal,Primario
114706,2025.0,3.0,0.0,2.0,MSVI,Municipal,Primario
114706,2025.0,4.0,2.0,6.0,MSVI,Municipal,Primario
114706,2025.0,5.0,2.0,2.0,MSVI,Municipal,Primario
114706,2025.0,6.0,0.0,0.0,MSVI,Municipal,Primario
114706,2025.0,7.0,0.0,2.0,MSVI,Municipal,Primario
114706,2025.0,8.0,2.0,6.0,MSVI,Municipal,Primario
114706,2025.0,9.0,0.0,4.0,MSVI,Municipal,Primario
114706,2025.0,10.0,0.0,1.0,MSVI,Municipal,Primario
114714,2025.0,1.0,2.0,4.0,MSVI,Municipal,Primario
114714,2025.0,2.0,0.0,2.0,MSVI,Municipal,Primario
114714,2025.0,3.0,2.0,6.0,MSVI,Municipal,Primario
114714,2025.0,4.0,4.0,8.0,MSVI,Municipal,Primario
114714,2025.0,5.0,4.0,6.0,MSVI,Municipal,Primario
114714,2025.0,6.0,2.0,6.0,MSVI,Municipal,Primario
114714,2025.0,7.0,2.0,4.0,MSVI,Municipal,Primario
114714,2025.0,8.0,0.0,0.0,MSVI,Municipal,Primario
114714,2025.0,9.0,0.0,2.0,MSVI,Municipal,Primario
114714,2025.0,10.0,2.0,2.0,MSVI,Municipal,Primario
114796,2025.0,1.0,0.0,4.0,MSVI,Municipal,Primario
114796,2025.0,2.0,0.0,4.0,MSVI,Municipal,Primario
114796,2025.0,3.0,4.0,8.0,MSVI,Municipal,Primario
114796,2025.0,4.0,4.0,8.0,MSVI,Municipal,Primario
114796,2025.0,5.0,4.0,10.0,MSVI,Municipal,Primario
114796,2025.0,6.0,0.0,2.0,MSVI,Municipal,Primario
114796,2025.0,7.0,0.0,0.0,MSVI,Municipal,Primario
114796,2025.0,8.0,6.0,6.0,MSVI,Municipal,Primario
114796,2025.0,9.0,4.0,8.0,MSVI,Municipal,Primario
114796,2025.0,10.0,1.0,1.0,MSVI,Municipal,Primario
114819,2025.0,10.0,8.0,15.0,MSVI,Municipal,Primario
200037,2025.0,1.0,4.0,8.0,MSVI,Municipal,Primario
200037,2025.0,2.0,2.0,6.0,MSVI,Municipal,Primario
200037,2025.0,3.0,2.0,2.0,MSVI,Municipal,Primario
200037,2025.0,4.0,4.0,8.0,MSVI,Municipal,Primario
200037,2025.0,5.0,2.0,4.0,MSVI,Municipal,Primario
200037,2025.0,6.0,4.0,4.0,MSVI,Municipal,Primario
200037,2025.0,7.0,2.0,2.0,MSVI,Municipal,Primario
200037,2025.0,8.0,0.0,0.0,MSVI,Municipal,Primario
200037,2025.0,9.0,4.0,4.0,MSVI,Municipal,Primario
200037,2025.0,10.0,1.0,4.0,MSVI,Municipal,Primario
200210,2025.0,1.0,4.0,6.0,MSVI,Municipal,Primario
200210,2025.0,2.0,2.0,2.0,MSVI,Municipal,Primario
200210,2025.0,3.0,2.0,2.0,MSVI,Municipal,Primario
200210,2025.0,4.0,2.0,6.0,MSVI,Municipal,Primario
200210,2025.0,5.0,0.0,4.0,MSVI,Municipal,Primario
200210,2025.0,6.0,4.0,4.0,MSVI,Municipal,Primario
200210,2025.0,7.0,4.0,6.0,MSVI,Municipal,Primario
200210,2025.0,8.0,2.0,4.0,MSVI,Municipal,Primario
200210,2025.0,9.0,2.0,4.0,MSVI,Municipal,Primario
200210,2025.0,10.0,2.0,2.0,MSVI,Municipal,Primario
200236,2025.0,1.0,0.0,4.0,MSVI,Municipal,Primario
200236,2025.0,2.0,2.0,2.0,MSVI,Municipal,Primario
200236,2025.0,3.0,4.0,4.0,MSVI,Municipal,Primario
200236,2025.0,4.0,4.0,4.0,MSVI,Municipal,Primario
200236,2025.0,5.0,0.0,2.0,MSVI,Municipal,Primario
200236,2025.0,6.0,8.0,18.0,MSVI,Municipal,Primario
200236,2025.0,7.0,6.0,8.0,MSVI,Municipal,Primario
200236,2025.0,8.0,2.0,10.0,MSVI,Municipal,Primario
200236,2025.0,9.0,2.0,10.0,MSVI,Municipal,Primario
200236,2025.0,10.0,3.0,3.0,MSVI,Municipal,Primario
200265,2025.0,1.0,,2.0,MSVI,Municipal,Primario
200265,2025.0,2.0,2.0,2.0,MSVI,Municipal,Primario
200265,2025.0,3.0,,2.0,MSVI,Municipal,Primario
200265,2025.0,4.0,0.0,0.0,MSVI,Municipal,Primario
200265,2025.0,5.0,0.0,10.0,MSVI,Municipal,Primario
200265,2025.0,6.0,0.0,2.0,MSVI,Municipal,Primario
200265,2025.0,7.0,,0.0,MSVI,Municipal,Primario
200265,2025.0,9.0,,4.0,MSVI,Municipal,Primario
200265,2025.0,10.0,1.0,1.0,MSVI,Municipal,Primario
200304,2025.0,1.0,0.0,0.0,MSVI,Municipal,Primario
200304,2025.0,2.0,2.0,4.0,MSVI,Municipal,Primario
200304,2025.0,3.0,4.0,4.0,MSVI,Municipal,Primario
200304,2025.0,4.0,2.0,4.0,MSVI,Municipal,Primario
200304,2025.0,5.0,2.0,6.0,MSVI,Municipal,Primario
200304,2025.0,6.0,2.0,2.0,MSVI,Municipal,Primario
200304,2025.0,7.0,2.0,2.0,MSVI,Municipal,Primario
200304,2025.0,8.0,4.0,6.0,MSVI,Municipal,Primario
200304,2025.0,9.0,6.0,10.0,MSVI,Municipal,Primario
200304,2025.0,10.0,1.0,1.0,MSVI,Municipal,Primario
200337,2025.0,1.0,2.0,4.0,MSVI,Municipal,Primario
200337,2025.0,2.0,0.0,2.0,MSVI,Municipal,Primario
200337,2025.0,3.0,0.0,8.0,MSVI,Municipal,Primario
200337,2025.0,4.0,0.0,2.0,MSVI,Municipal,Primario
200337,2025.0,5.0,2.0,4.0,MSVI,Municipal,Primario
200337,2025.0,6.0,2.0,6.0,MSVI,Municipal,Primario
200337,2025.0,7.0,6.0,6.0,MSVI,Municipal,Primario
200337,2025.0,8.0,2.0,6.0,MSVI,Municipal,Primario
200337,2025.0,9.0,0.0,2.0,MSVI,Municipal,Primario
200337,2025.0,10.0,2.0,4.0,MSVI,Municipal,Primario
200342,2025.0,1.0,10.0,10.0,MSVI,Municipal,Primario
200342,2025.0,2.0,2.0,2.0,MSVI,Municipal,Primario
200342,2025.0,3.0,0.0,0.0,MSVI,Municipal,Primario
200342,2025.0,4.0,4.0,4.0,MSVI,Municipal,Primario
200342,2025.0,5.0,2.0,2.0,MSVI,Municipal,Primario
200342,2025.0,6.0,8.0,10.0,MSVI,Municipal,Primario
200342,2025.0,7.0,8.0,14.0,MSVI,Municipal,Primario
200342,2025.0,8.0,4.0,,MSVI,Municipal,Primario
200342,2025.0,9.0,0.0,4.0,MSVI,Municipal,Primario
200342,2025.0,10.0,4.0,4.0,MSVI,Municipal,Primario
200346,2025.0,1.0,2.0,6.0,MSVI,Servicio de Salud,Primario
200346,2025.0,2.0,2.0,2.0,MSVI,Servicio de Salud,Primario
200346,2025.0,3.0,6.0,6.0,MSVI,Servicio de Salud,Primario
200346,2025.0,4.0,0.0,2.0,MSVI,Servicio de Salud,Primario
200346,2025.0,5.0,2.0,2.0,MSVI,Servicio de Salud,Primario
200346,2025.0,6.0,4.0,6.0,MSVI,Servicio de Salud,Primario
200346,2025.0,7.0,2.0,2.0,MSVI,Servicio de Salud,Primario
200346,2025.0,8.0,0.0,2.0,MSVI,Servicio de Salud,Primario
200346,2025.0,9.0,2.0,2.0,MSVI,Servicio de Salud,Primario
200346,2025.0,10.0,0.0,1.0,MSVI,Servicio de Salud,Primario
200347,2025.0,1.0,4.0,10.0,MSVI,Municipal,Primario
200347,2025.0,2.0,4.0,4.0,MSVI,Municipal,Primario
200347,2025.0,3.0,2.0,4.0,MSVI,Municipal,Primario
200347,2025.0,4.0,0.0,4.0,MSVI,Municipal,Primario
200347,2025.0,5.0,0.0,4.0,MSVI,Municipal,Primario
200347,2025.0,6.0,2.0,4.0,MSVI,Municipal,Primario
200347,2025.0,7.0,0.0,4.0,MSVI,Municipal,Primario
200347,2025.0,8.0,2.0,4.0,MSVI,Municipal,Primario
200347,2025.0,9.0,4.0,8.0,MSVI,Municipal,Primario
200347,2025.0,10.0,0.0,1.0,MSVI,Municipal,Primario
200360,2025.0,1.0,6.0,6.0,MSVI,Municipal,Primario
200360,2025.0,2.0,0.0,0.0,MSVI,Municipal,Primario
200360,2025.0,3.0,4.0,8.0,MSVI,Municipal,Primario
200360,2025.0,4.0,0.0,0.0,MSVI,Municipal,Primario
200360,2025.0,5.0,0.0,0.0,MSVI,Municipal,Primario
200360,2025.0,6.0,0.0,4.0,MSVI,Municipal,Primario
200360,2025.0,7.0,2.0,2.0,MSVI,Municipal,Primario
200360,2025.0,8.0,0.0,2.0,MSVI,Municipal,Primario
200360,2025.0,9.0,2.0,2.0,MSVI,Municipal,Primario
200360,2025.0,10.0,0.0,1.0,MSVI,Municipal,Primario
200361,2025.0,1.0,4.0,6.0,MSVI,Municipal,Primario
200361,2025.0,2.0,12.0,18.0,MSVI,Municipal,Primario
200361,2025.0,3.0,12.0,20.0,MSVI,Municipal,Primario
200361,2025.0,4.0,4.0,6.0,MSVI,Municipal,Primario
200361,2025.0,5.0,4.0,8.0,MSVI,Municipal,Primario
200361,2025.0,6.0,6.0,16.0,MSVI,Municipal,Primario
200361,2025.0,7.0,14.0,20.0,MSVI,Municipal,Primario
200361,2025.0,8.0,6.0,14.0,MSVI,Municipal,Primario
200361,2025.0,9.0,6.0,12.0,MSVI,Municipal,Primario
200361,2025.0,10.0,3.0,6.0,MSVI,Municipal,Primario
200365,2025.0,1.0,4.0,4.0,MSVI,Municipal,Primario
200365,2025.0,2.0,0.0,0.0,MSVI,Municipal,Primario
200365,2025.0,3.0,0.0,4.0,MSVI,Municipal,Primario
200365,2025.0,4.0,6.0,8.0,MSVI,Municipal,Primario
200365,2025.0,5.0,2.0,4.0,MSVI,Municipal,Primario
200365,2025.0,6.0,2.0,2.0,MSVI,Municipal,Primario
200365,2025.0,7.0,0.0,0.0,MSVI,Municipal,Primario
200365,2025.0,8.0,0.0,6.0,MSVI,Municipal,Primario
200365,2025.0,9.0,8.0,10.0,MSVI,Municipal,Primario
200365,2025.0,10.0,1.0,2.0,MSVI,Municipal,Primario
200377,2025.0,1.0,0.0,0.0,MSVI,Municipal,Primario
200377,2025.0,2.0,2.0,2.0,MSVI,Municipal,Primario
200377,2025.0,3.0,8.0,8.0,MSVI,Municipal,Primario
200377,2025.0,4.0,4.0,4.0,MSVI,Municipal,Primario
200377,2025.0,5.0,2.0,2.0,MSVI,Municipal,Primario
200377,2025.0,6.0,2.0,2.0,MSVI,Municipal,Primario
200377,2025.0,7.0,0.0,0.0,MSVI,Municipal,Primario
200377,2025.0,8.0,0.0,0.0,MSVI,Municipal,Primario
200377,2025.0,9.0,2.0,2.0,MSVI,Municipal,Primario
200377,2025.0,10.0,0.0,0.0,MSVI,Municipal,Primario
200385,2025.0,1.0,6.0,6.0,MSVI,Municipal,Primario
200385,2025.0,2.0,0.0,2.0,MSVI,Municipal,Primario
200385,2025.0,3.0,0.0,0.0,MSVI,Municipal,Primario
200385,2025.0,4.0,2.0,2.0,MSVI,Municipal,Primario
200385,2025.0,5.0,0.0,2.0,MSVI,Municipal,Primario
200385,2025.0,6.0,2.0,2.0,MSVI,Municipal,Primario
200385,2025.0,7.0,2.0,4.0,MSVI,Municipal,Primario
200385,2025.0,8.0,,0.0,MSVI,Municipal,Primario
200385,2025.0,9.0,0.0,2.0,MSVI,Municipal,Primario
200385,2025.0,10.0,,0.0,MSVI,Municipal,Primario
200454,2025.0,1.0,6.0,10.0,MSVI,Municipal,Primario
200454,2025.0,2.0,4.0,6.0,MSVI,Municipal,Primario
200454,2025.0,3.0,0.0,4.0,MSVI,Municipal,Primario
200454,2025.0,4.0,0.0,2.0,MSVI,Municipal,Primario
200454,2025.0,5.0,8.0,8.0,MSVI,Municipal,Primario
200454,2025.0,6.0,0.0,2.0,MSVI,Municipal,Primario
200454,2025.0,7.0,4.0,6.0,MSVI,Municipal,Primario
200454,2025.0,8.0,0.0,6.0,MSVI,Municipal,Primario
200454,2025.0,9.0,4.0,6.0,MSVI,Municipal,Primario
200454,2025.0,10.0,,2.0,MSVI,Municipal,Primario
200475,2025.0,3.0,2.0,2.0,MSVI,Municipal,Primario
200475,2025.0,4.0,0.0,0.0,MSVI,Municipal,Primario
200475,2025.0,6.0,0.0,0.0,MSVI,Municipal,Primario
200475,2025.0,7.0,0.0,2.0,MSVI,Municipal,Primario
200475,2025.0,8.0,4.0,6.0,MSVI,Municipal,Primario
200475,2025.0,9.0,4.0,6.0,MSVI,Municipal,Primario
200475,2025.0,10.0,1.0,,MSVI,Municipal,Primario
200554,2025.0,1.0,4.0,12.0,MSVI,Municipal,Primario
200554,2025.0,2.0,6.0,6.0,MSVI,Municipal,Primario
200554,2025.0,3.0,8.0,16.0,MSVI,Municipal,Primario
200554,2025.0,4.0,4.0,20.0,MSVI,Municipal,Primario
200554,2025.0,5.0,2.0,10.0,MSVI,Municipal,Primario
200554,2025.0,6.0,4.0,20.0,MSVI,Municipal,Primario
200554,2025.0,7.0,2.0,6.0,MSVI,Municipal,Primario
200554,2025.0,8.0,4.0,6.0,MSVI,Municipal,Primario
200554,2025.0,9.0,4.0,8.0,MSVI,Municipal,Primario
200554,2025.0,10.0,2.0,2.0,MSVI,Municipal,Primario
200609,2025.0,1.0,2.0,2.0,MSVI,Municipal,Primario
200609,2025.0,2.0,0.0,0.0,MSVI,Municipal,Primario
200609,2025.0,3.0,2.0,2.0,MSVI,Municipal,Primario
200609,2025.0,4.0,2.0,4.0,MSVI,Municipal,Primario
200609,2025.0,5.0,4.0,8.0,MSVI,Municipal,Primario
200609,2025.0,6.0,2.0,2.0,MSVI,Municipal,Primario
200609,2025.0,7.0,4.0,6.0,MSVI,Municipal,Primario
200609,2025.0,8.0,6.0,6.0,MSVI,Municipal,Primario
200609,2025.0,9.0,2.0,6.0,MSVI,Municipal,Primario
200609,2025.0,10.0,4.0,4.0,MSVI,Municipal,Primario
200643,2025.0,1.0,4.0,6.0,MSVI,Municipal,Primario
200643,2025.0,2.0,2.0,4.0,MSVI,Municipal,Primario
200643,2025.0,3.0,2.0,4.0,MSVI,Municipal,Primario
200643,2025.0,4.0,2.0,2.0,MSVI,Municipal,Primario
200643,2025.0,5.0,2.0,4.0,MSVI,Municipal,Primario
200643,2025.0,6.0,14.0,14.0,MSVI,Municipal,Primario
200643,2025.0,7.0,6.0,6.0,MSVI,Municipal,Primario
200643,2025.0,8.0,2.0,4.0,MSVI,Municipal,Primario
200643,2025.0,9.0,4.0,4.0,MSVI,Municipal,Primario
200643,2025.0,10.0,0.0,2.0,MSVI,Municipal,Primario
200961,2025.0,1.0,6.0,6.0,MSVI,Municipal,Primario
200961,2025.0,2.0,6.0,8.0,MSVI,Municipal,Primario
200961,2025.0,3.0,4.0,12.0,MSVI,Municipal,Primario
200961,2025.0,4.0,12.0,12.0,MSVI,Municipal,Primario
200961,2025.0,5.0,2.0,4.0,MSVI,Municipal,Primario
200961,2025.0,6.0,6.0,12.0,MSVI,Municipal,Primario
200961,2025.0,7.0,0.0,2.0,MSVI,Municipal,Primario
200961,2025.0,8.0,6.0,8.0,MSVI,Municipal,Primario
200961,2025.0,9.0,10.0,10.0,MSVI,Municipal,Primario
200961,2025.0,10.0,2.0,2.0,MSVI,Municipal,Primario
200962,2025.0,1.0,0.0,2.0,MSVI,Municipal,Primario
200962,2025.0,2.0,4.0,4.0,MSVI,Municipal,Primario
200962,2025.0,3.0,2.0,2.0,MSVI,Municipal,Primario
200962,2025.0,4.0,0.0,0.0,MSVI,Municipal,Primario
200962,2025.0,5.0,0.0,4.0,MSVI,Municipal,Primario
200962,2025.0,6.0,4.0,4.0,MSVI,Municipal,Primario
200962,2025.0,8.0,2.0,4.0,MSVI,Municipal,Primario
200962,2025.0,9.0,0.0,0.0,MSVI,Municipal,Primario
200962,2025.0,10.0,1.0,2.0,MSVI,Municipal,Primario
200965,2025.0,1.0,20.0,30.0,MSVI,Municipal,Primario
200965,2025.0,2.0,20.0,38.0,MSVI,Municipal,Primario
200965,2025.0,3.0,18.0,30.0,MSVI,Municipal,Primario
200965,2025.0,4.0,16.0,32.0,MSVI,Municipal,Primario
200965,2025.0,5.0,16.0,22.0,MSVI,Municipal,Primario
200965,2025.0,6.0,20.0,28.0,MSVI,Municipal,Primario
200965,2025.0,7.0,18.0,32.0,MSVI,Municipal,Primario
200965,2025.0,8.0,14.0,38.0,MSVI,Municipal,Primario
200965,2025.0,9.0,24.0,36.0,MSVI,Municipal,Primario
200965,2025.0,10.0,10.0,15.0,MSVI,Municipal,Primario
201091,2025.0,1.0,28.0,40.0,MSVI,Municipal,Primario
201091,2025.0,2.0,28.0,42.0,MSVI,Municipal,Primario
201091,2025.0,3.0,24.0,52.0,MSVI,Municipal,Primario
201091,2025.0,4.0,36.0,52.0,MSVI,Municipal,Primario
201091,2025.0,5.0,16.0,40.0,MSVI,Municipal,Primario
201091,2025.0,6.0,18.0,28.0,MSVI,Municipal,Primario
201091,2025.0,7.0,22.0,42.0,MSVI,Municipal,Primario
201091,2025.0,8.0,12.0,34.0,MSVI,Municipal,Primario
201091,2025.0,9.0,20.0,54.0,MSVI,Municipal,Primario
201091,2025.0,10.0,26.0,63.0,MSVI,Municipal,Primario
201112,2025.0,1.0,4.0,18.0,MSVI,Municipal,Primario
201112,2025.0,2.0,6.0,16.0,MSVI,Municipal,Primario
201112,2025.0,3.0,16.0,26.0,MSVI,Municipal,Primario
201112,2025.0,4.0,20.0,26.0,MSVI,Municipal,Primario
201112,2025.0,5.0,18.0,26.0,MSVI,Municipal,Primario
201112,2025.0,6.0,22.0,30.0,MSVI,Municipal,Primario
201112,2025.0,7.0,26.0,36.0,MSVI,Municipal,Primario
201112,2025.0,8.0,16.0,26.0,MSVI,Municipal,Primario
201112,2025.0,9.0,14.0,18.0,MSVI,Municipal,Primario
201112,2025.0,10.0,7.0,12.0,MSVI,Municipal,Primario
201129,2025.0,1.0,4.0,4.0,MSVI,Municipal,Primario
201129,2025.0,2.0,4.0,4.0,MSVI,Municipal,Primario
201129,2025.0,3.0,2.0,6.0,MSVI,Municipal,Primario
201129,2025.0,4.0,4.0,6.0,MSVI,Municipal,Primario
201129,2025.0,5.0,4.0,8.0,MSVI,Municipal,Primario
201129,2025.0,6.0,4.0,4.0,MSVI,Municipal,Primario
201129,2025.0,7.0,2.0,4.0,MSVI,Municipal,Primario
201129,2025.0,8.0,10.0,12.0,MSVI,Municipal,Primario
201129,2025.0,9.0,6.0,8.0,MSVI,Municipal,Primario
201129,2025.0,10.0,1.0,2.0,MSVI,Municipal,Primario
201212,2025.0,1.0,4.0,8.0,MSVI,Municipal,Primario
201212,2025.0,2.0,6.0,10.0,MSVI,Municipal,Primario
201212,2025.0,3.0,10.0,16.0,MSVI,Municipal,Primario
201212,2025.0,4.0,2.0,4.0,MSVI,Municipal,Primario
201212,2025.0,5.0,6.0,12.0,MSVI,Municipal,Primario
201212,2025.0,6.0,4.0,8.0,MSVI,Municipal,Primario
201212,2025.0,7.0,12.0,20.0,MSVI,Municipal,Primario
201212,2025.0,8.0,8.0,10.0,MSVI,Municipal,Primario
201212,2025.0,9.0,8.0,18.0,MSVI,Municipal,Primario
201212,2025.0,10.0,3.0,8.0,MSVI,Municipal,Primario
201353,2025.0,1.0,0.0,,MSVI,Municipal,Primario
201353,2025.0,3.0,0.0,,MSVI,Municipal,Primario
201353,2025.0,4.0,0.0,0.0,MSVI,Municipal,Primario
201353,2025.0,7.0,0.0,0.0,MSVI,Municipal,Primario
201353,2025.0,8.0,,0.0,MSVI,Municipal,Primario
201353,2025.0,10.0,0.0,0.0,MSVI,Municipal,Primario
201462,2025.0,1.0,22.0,50.0,MSVI,Municipal,Primario
201462,2025.0,2.0,20.0,34.0,MSVI,Municipal,Primario
201462,2025.0,3.0,24.0,56.0,MSVI,Municipal,Primario
201462,2025.0,4.0,30.0,48.0,MSVI,Municipal,Primario
201462,2025.0,5.0,24.0,58.0,MSVI,Municipal,Primario
201462,2025.0,6.0,20.0,46.0,MSVI,Municipal,Primario
201462,2025.0,7.0,30.0,60.0,MSVI,Municipal,Primario
201462,2025.0,8.0,32.0,62.0,MSVI,Municipal,Primario
201462,2025.0,9.0,28.0,56.0,MSVI,Municipal,Primario
201462,2025.0,10.0,12.0,21.0,MSVI,Municipal,Primario
201674,2025.0,1.0,8.0,14.0,MSVI,Municipal,Primario
201674,2025.0,2.0,4.0,8.0,MSVI,Municipal,Primario
201674,2025.0,3.0,2.0,8.0,MSVI,Municipal,Primario
201674,2025.0,4.0,4.0,16.0,MSVI,Municipal,Primario
201674,2025.0,5.0,10.0,18.0,MSVI,Municipal,Primario
201674,2025.0,6.0,8.0,16.0,MSVI,Municipal,Primario
201674,2025.0,7.0,16.0,22.0,MSVI,Municipal,Primario
201674,2025.0,8.0,10.0,14.0,MSVI,Municipal,Primario
201674,2025.0,9.0,14.0,20.0,MSVI,Municipal,Primario
201674,2025.0,10.0,6.0,10.0,MSVI,Municipal,Primario
109104,2025.0,6.0,198.0,,MSVII,Servicio de Salud,Primario
109300,2025.0,6.0,2804.0,9626.839,MSVII,Municipal,Primario
109301,2025.0,6.0,1744.0,6285.768,MSVII,Municipal,Primario
109302,2025.0,6.0,1344.0,4718.469,MSVII,Municipal,Primario
109303,2025.0,6.0,1194.0,4778.719,MSVII,Municipal,Primario
109304,2025.0,6.0,640.0,1673.563,MSVII,Municipal,Primario
109305,2025.0,6.0,1438.0,3981.4730000000004,MSVII,Municipal,Primario
109307,2025.0,6.0,1264.0,3820.3160000000003,MSVII,Municipal,Primario
109308,2025.0,6.0,1270.0,4584.399,MSVII,Municipal,Primario
109309,2025.0,6.0,984.0,4012.793,MSVII,Municipal,Primario
109310,2025.0,6.0,2166.0,9139.632000000001,MSVII,Municipal,Primario
109311,2025.0,6.0,1712.0,6215.482,MSVII,Municipal,Primario
109312,2025.0,6.0,858.0,2324.09,MSVII,Municipal,Primario
109313,2025.0,6.0,1956.0,5923.395,MSVII,Municipal,Primario
109314,2025.0,6.0,2256.0,4108.328,MSVII,Municipal,Primario
109315,2025.0,6.0,1734.0,6119.3,MSVII,Municipal,Primario
109316,2025.0,6.0,1792.0,7661.383000000001,MSVII,Municipal,Primario
109317,2025.0,6.0,1104.0,1973.862,MSVII,Municipal,Primario
109320,2025.0,6.0,254.0,1856.5700000000002,MSVII,Municipal,Primario
109321,2025.0,6.0,1402.0,4136.2570000000005,MSVII,Municipal,Primario
109323,2025.0,6.0,796.0,2832.871,MSVII,Municipal,Primario
109324,2025.0,6.0,2414.0,7564.876,MSVII,Municipal,Primario
109390,2025.0,6.0,752.0,4007.568,MSVII,Otra Institución,Primario
109407,,,,1455.066,MSVII,,
109410,2025.0,6.0,40.0,79.275,MSVII,Municipal,Primario
109412,2025.0,6.0,36.0,80.393,MSVII,Municipal,Primario
109413,2025.0,6.0,58.0,75.88900000000001,MSVII,Municipal,Primario
109414,2025.0,6.0,188.0,347.757,MSVII,Municipal,Primario
109416,2025.0,6.0,72.0,4.3870000000000005,MSVII,Municipal,Primario
109417,2025.0,6.0,88.0,8.557,MSVII,Municipal,Primario
109418,2025.0,6.0,68.0,13.629000000000001,MSVII,Municipal,Primario
109419,2025.0,6.0,76.0,12.929,MSVII,Municipal,Primario
109420,2025.0,6.0,50.0,7.757000000000001,MSVII,Municipal,Primario
109709,2025.0,6.0,466.0,733.2950000000001,MSVII,Municipal,Primario
109711,,,,831.1650000000001,MSVII,Municipal,Primario
109712,,,,911.4330000000001,MSVII,Municipal,Primario
109713,,,,440.79400000000004,MSVII,Municipal,Primario
109715,,,,471.14500000000004,MSVII,Municipal,Primario
109716,2025.0,6.0,112.0,160.845,MSVII,Municipal,Primario
109718,2025.0,6.0,374.0,1257.928,MSVII,Municipal,Primario
110160,2025.0,6.0,1756.0,3038.1380000000004,MSVII,Servicio de Salud,Primario
110300,2025.0,6.0,314.0,0.534,MSVII,Servicio de Salud,Secundario
110308,2025.0,6.0,2266.0,6169.524,MSVII,Municipal,Primario
110310,2025.0,6.0,808.0,3954.8340000000003,MSVII,Servicio de Salud,Primario
110315,2025.0,6.0,1738.0,5672.139,MSVII,Municipal,Primario
110316,2025.0,6.0,1218.0,4587.879,MSVII,Municipal,Primario
110320,2025.0,6.0,1294.0,6009.071,MSVII,Municipal,Primario
110325,2025.0,6.0,1054.0,5122.18,MSVII,Municipal,Primario
110330,2025.0,6.0,2142.0,5835.354,MSVII,Municipal,Primario
110331,2025.0,6.0,650.0,3347.1870000000004,MSVII,Municipal,Primario
110335,2025.0,6.0,1358.0,4825.988,MSVII,Municipal,Primario
110340,2025.0,6.0,1360.0,5804.827,MSVII,Municipal,Primario
110345,2025.0,6.0,1482.0,4398.469,MSVII,Municipal,Primario
110350,2025.0,6.0,2772.0,8886.859,MSVII,Municipal,Primario
110351,2025.0,6.0,1486.0,6005.126,MSVII,Municipal,Primario
110352,2025.0,6.0,1998.0,5501.984,MSVII,Municipal,Primario
110353,2025.0,6.0,1646.0,3726.1820000000002,MSVII,Municipal,Primario
110354,2025.0,6.0,2432.0,7532.938,MSVII,Municipal,Primario
110355,2025.0,6.0,1730.0,5138.744000000001,MSVII,Municipal,Primario
110360,2025.0,6.0,2866.0,9045.94,MSVII,Municipal,Primario
110361,2025.0,6.0,1798.0,4918.477,MSVII,Municipal,Primario
110362,2025.0,6.0,1002.0,4498.155000000001,MSVII,Municipal,Primario
110364,2025.0,6.0,604.0,2715.221,MSVII,Municipal,Primario
110366,2025.0,6.0,2164.0,8385.33,MSVII,Municipal,Primario
110369,2025.0,6.0,3906.0,6264.466,MSVII,Municipal,Primario
110370,2025.0,6.0,1494.0,4875.986,MSVII,Municipal,Primario
110375,2025.0,6.0,1338.0,3756.722,MSVII,Municipal,Primario
110378,2025.0,6.0,1242.0,5359.217000000001,MSVII,Municipal,Primario
110379,2025.0,6.0,924.0,5122.3330000000005,MSVII,Municipal,Primario
110380,2025.0,6.0,506.0,1703.4850000000001,MSVII,Municipal,Primario
110381,2025.0,6.0,196.0,1011.114,MSVII,Municipal,Primario
110385,2025.0,6.0,460.0,1221.372,MSVII,Municipal,Primario
110387,2025.0,6.0,200.0,1611.439,MSVII,Municipal,Primario
110390,2025.0,6.0,2078.0,8721.463,MSVII,Municipal,Primario
110393,2025.0,6.0,560.0,1078.663,MSVII,Municipal,Primario
110400,,,,89.36900000000001,MSVII,Municipal,Primario
110410,2025.0,6.0,64.0,66.549,MSVII,Municipal,Primario
110425,2025.0,6.0,700.0,913.5100000000001,MSVII,Municipal,Primario
110430,,,,104.7,MSVII,Municipal,Primario
110431,,,,118.331,MSVII,Municipal,Primario
110432,,,,113.474,MSVII,Municipal,Primario
110440,2025.0,6.0,310.0,1112.8600000000001,MSVII,Municipal,Primario
110445,2025.0,6.0,134.0,731.051,MSVII,Municipal,Primario
110455,,,,256.56800000000004,MSVII,Municipal,Primario
110465,2025.0,6.0,90.0,492.75800000000004,MSVII,Municipal,Primario
110470,2025.0,6.0,54.0,235.66700000000003,MSVII,Municipal,Primario
110475,2025.0,6.0,142.0,505.15000000000003,MSVII,Municipal,Primario
110477,,,,152.54500000000002,MSVII,Servicio de Salud,Primario
110485,2025.0,6.0,126.0,178.92700000000002,MSVII,Municipal,Primario
110490,2025.0,6.0,52.0,73.438,MSVII,Municipal,Primario
110492,2025.0,6.0,56.0,80.123,MSVII,Municipal,Primario
110495,2025.0,6.0,80.0,181.16000000000003,MSVII,Municipal,Primario
110503,2025.0,6.0,156.0,149.448,MSVII,Municipal,Primario
110505,,,,3.9210000000000003,MSVII,Municipal,Primario
110510,2025.0,6.0,74.0,11.895000000000001,MSVII,Municipal,Primario
110515,,,,1.685,MSVII,,
110601,,,,0.1,MSVII,Privado,Secundario
110627,,,,0.1,MSVII,Municipal,Secundario
110720,,,,2.802,MSVII,Municipal,Primario
110725,2025.0,6.0,148.0,2.285,MSVII,Municipal,Primario
110735,,,,14.514000000000001,MSVII,Municipal,Primario
110750,,,,27.211000000000002,MSVII,Municipal,Primario
110752,,,,87.018,MSVII,Municipal,Primario
110754,,,,46.406000000000006,MSVII,Municipal,Primario
110756,,,,69.521,MSVII,Municipal,Primario
110758,,,,58.013000000000005,MSVII,Municipal,Primario
110760,,,,304.07800000000003,MSVII,Servicio de Salud,Primario
110775,,,,194.64000000000001,MSVII,Municipal,Primario
110778,,,,633.129,MSVII,Municipal,Primario
110781,,,,333.57500000000005,MSVII,Municipal,Primario
110783,,,,205.48000000000002,MSVII,Municipal,Primario
111300,2025.0,6.0,892.0,8831.41,MSVII,Servicio de Salud,Primario
111301,2025.0,6.0,506.0,4153.976000000001,MSVII,Servicio de Salud,Primario
111302,2025.0,6.0,910.0,3390.728,MSVII,Servicio de Salud,Primario
111303,2025.0,6.0,614.0,2536.449,MSVII,Municipal,Primario
111304,2025.0,6.0,3306.0,7595.454000000001,MSVII,Servicio de Salud,Primario
111305,2025.0,6.0,1304.0,4333.738,MSVII,Servicio de Salud,Primario
111306,2025.0,6.0,1002.0,4391.0830000000005,MSVII,Servicio de Salud,Primario
111307,2025.0,6.0,1138.0,3572.59,MSVII,Servicio de Salud,Primario
111308,2025.0,6.0,1208.0,4910.316000000001,MSVII,Servicio de Salud,Primario
111309,2025.0,6.0,546.0,3913.8790000000004,MSVII,Servicio de Salud,Primario
111310,2025.0,6.0,852.0,6840.5960000000005,MSVII,Servicio de Salud,Primario
111351,,,,55.905,MSVII,Servicio de Salud,Secundario
111370,2025.0,6.0,806.0,7073.409000000001,MSVII,Municipal,Primario
111372,2025.0,6.0,442.0,3289.3390000000004,MSVII,Municipal,Primario
111376,2025.0,6.0,946.0,5229.651000000001,MSVII,Municipal,Primario
111378,2025.0,6.0,1052.0,4918.152,MSVII,Municipal,Primario
111379,2025.0,6.0,1654.0,6065.52,MSVII,Municipal,Primario
111380,2025.0,6.0,1006.0,6166.244000000001,MSVII,Municipal,Primario
111381,2025.0,6.0,1358.0,12219.336000000001,MSVII,Municipal,Primario
111382,2025.0,6.0,1892.0,6998.735000000001,MSVII,Municipal,Primario
111383,2025.0,6.0,1154.0,4475.675,MSVII,Municipal,Primario
111400,,,,4.338,MSVII,Servicio de Salud,Primario
111704,,,,29.043000000000003,MSVII,Servicio de Salud,Primario
111780,,,,25.375000000000004,MSVII,Servicio de Salud,Primario
111781,,,,8.774000000000001,MSVII,Servicio de Salud,Primario
111782,,,,123.781,MSVII,,
111783,,,,421.48900000000003,MSVII,Municipal,Primario
111784,2025.0,6.0,140.0,215.632,MSVII,Municipal,Primario
112300,,,,1.834,MSVII,Servicio de Salud,Secundario
112301,2025.0,6.0,1508.0,5002.8910000000005,MSVII,Municipal,Primario
112302,2025.0,6.0,720.0,2841.2050000000004,MSVII,Municipal,Primario
112303,2025.0,6.0,1128.0,4190.839,MSVII,Municipal,Primario
112304,2025.0,6.0,1496.0,5482.799,MSVII,Municipal,Primario
112306,2025.0,6.0,2188.0,8642.539,MSVII,Municipal,Primario
112307,2025.0,6.0,724.0,6817.485000000001,MSVII,Municipal,Primario
112309,2025.0,6.0,852.0,3564.724,MSVII,Municipal,Primario
112310,2025.0,6.0,1622.0,7193.789000000001,MSVII,Municipal,Primario
112311,2025.0,6.0,1940.0,8089.936000000001,MSVII,Municipal,Primario
112312,2025.0,6.0,1332.0,7179.8730000000005,MSVII,Municipal,Primario
112313,2025.0,6.0,930.0,7163.567,MSVII,Municipal,Primario
112314,2025.0,6.0,1290.0,5703.2480000000005,MSVII,Municipal,Primario
112315,2025.0,6.0,986.0,3513.119,MSVII,Municipal,Primario
112316,2025.0,6.0,1254.0,6856.796,MSVII,Municipal,Primario
112317,2025.0,6.0,1016.0,1880.047,MSVII,Municipal,Primario
112318,2025.0,6.0,1222.0,4269.747,MSVII,Municipal,Primario
112319,2025.0,6.0,1004.0,5883.544000000001,MSVII,Municipal,Primario
112320,2025.0,6.0,682.0,2704.8990000000003,MSVII,Municipal,Primario
112321,2025.0,6.0,800.0,3406.69,MSVII,Municipal,Primario
112322,2025.0,6.0,724.0,3528.384,MSVII,Municipal,Primario
112323,,,,4.5040000000000004,MSVII,Municipal,No Aplica
112407,,,,2.119,MSVII,Municipal,Primario
112707,,,,257.026,MSVII,Municipal,Primario
112716,,,,37.504000000000005,MSVII,Municipal,Primario
112717,,,,2284.57,MSVII,Municipal,Primario
112799,,,,1.685,MSVII,Municipal,Primario
113181,,,,4.021,MSVII,Servicio de Salud,Secundario
113300,2025.0,6.0,2056.0,7862.2880000000005,MSVII,Municipal,Primario
113301,2025.0,6.0,714.0,3107.3280000000004,MSVII,Municipal,Primario
113302,2025.0,6.0,2090.0,6209.202,MSVII,Municipal,Primario
113303,2025.0,6.0,2608.0,5433.669000000001,MSVII,Municipal,Primario
113304,,,,110.13000000000001,MSVII,Municipal,Primario
113305,2025.0,6.0,788.0,2616.103,MSVII,Municipal,Primario
113306,2025.0,6.0,1404.0,4092.7160000000003,MSVII,Municipal,Primario
113307,2025.0,6.0,1332.0,4492.144,MSVII,Municipal,Primario
113308,2025.0,6.0,1462.0,3880.6110000000003,MSVII,Municipal,Primario
113309,2025.0,6.0,1070.0,4064.547,MSVII,Municipal,Primario
113310,2025.0,6.0,1164.0,3937.2160000000003,MSVII,Municipal,Primario
113311,2025.0,6.0,2126.0,6059.7880000000005,MSVII,Municipal,Primario
113312,2025.0,6.0,1298.0,5272.984,MSVII,Municipal,Primario
113313,2025.0,6.0,1864.0,6159.527,MSVII,Municipal,Primario
113314,2025.0,6.0,1344.0,4563.883000000001,MSVII,Municipal,Primario
113315,2025.0,6.0,1294.0,3885.449,MSVII,Municipal,Primario
113316,2025.0,6.0,1954.0,5367.508000000001,MSVII,Municipal,Primario
113317,2025.0,6.0,1020.0,4095.835,MSVII,Municipal,Primario
113318,2025.0,6.0,2380.0,5977.9400000000005,MSVII,Municipal,Primario
113319,2025.0,6.0,1254.0,2301.893,MSVII,Municipal,Primario
113320,2025.0,6.0,430.0,2362.1800000000003,MSVII,Municipal,Primario
113321,2025.0,6.0,334.0,1312.221,MSVII,Municipal,Primario
113322,2025.0,6.0,1354.0,4202.267,MSVII,Municipal,Primario
113323,2025.0,6.0,1052.0,3325.11,MSVII,Municipal,Primario
113324,2025.0,6.0,2140.0,4600.121,MSVII,Municipal,Primario
113326,2025.0,6.0,1274.0,4913.348,MSVII,Municipal,Primario
113328,2025.0,6.0,2014.0,6219.443,MSVII,Municipal,Primario
113329,2025.0,6.0,1728.0,3756.279,MSVII,Municipal,Primario
113330,2025.0,6.0,1866.0,5062.543000000001,MSVII,Municipal,Primario
113331,2025.0,6.0,1276.0,4377.911,MSVII,Municipal,Primario
113332,2025.0,6.0,1198.0,4677.151,MSVII,Municipal,Primario
113333,2025.0,6.0,506.0,1534.401,MSVII,Municipal,Primario
113334,2025.0,6.0,474.0,1632.1870000000001,MSVII,Municipal,Primario
113390,2025.0,6.0,1150.0,6405.966,MSVII,Municipal,Primario
113394,2025.0,6.0,1170.0,3246.4370000000004,MSVII,Municipal,Primario
113396,2025.0,6.0,846.0,2952.2850000000003,MSVII,Municipal,Primario
113402,2025.0,6.0,316.0,1064.0120000000002,MSVII,Municipal,Primario
113404,2025.0,6.0,180.0,560.8180000000001,MSVII,Municipal,Primario
113405,2025.0,6.0,178.0,831.2180000000001,MSVII,Municipal,Primario
113406,2025.0,6.0,56.0,235.03600000000003,MSVII,Municipal,Primario
113407,2025.0,6.0,122.0,481.639,MSVII,Municipal,Primario
113408,2025.0,6.0,234.0,424.74100000000004,MSVII,Municipal,Primario
113409,2025.0,6.0,144.0,1227.9150000000002,MSVII,Municipal,Primario
113410,2025.0,6.0,94.0,203.61200000000002,MSVII,Municipal,Primario
113411,2025.0,6.0,256.0,451.10900000000004,MSVII,Municipal,Primario
113412,2025.0,6.0,74.0,309.947,MSVII,Municipal,Primario
113413,,,,16.999000000000002,MSVII,Municipal,Primario
113701,2025.0,6.0,282.0,1120.9250000000002,MSVII,Municipal,Primario
113702,2025.0,6.0,152.0,465.37100000000004,MSVII,Municipal,Primario
113703,2025.0,6.0,242.0,770.162,MSVII,Municipal,Primario
113713,2025.0,6.0,154.0,580.1700000000001,MSVII,Municipal,Primario
113716,2025.0,6.0,256.0,853.893,MSVII,Municipal,Primario
113717,2025.0,6.0,154.0,591.985,MSVII,Municipal,Primario
113722,2025.0,6.0,132.0,930.234,MSVII,Municipal,Primario
113728,2025.0,6.0,214.0,806.878,MSVII,Municipal,Primario
113753,2025.0,6.0,164.0,473.86300000000006,MSVII,Municipal,Primario
113790,2025.0,6.0,338.0,857.6610000000001,MSVII,Municipal,Primario
114010,,,,0.317,MSVII,Servicio de Salud,No Aplica
114102,2025.0,6.0,738.0,1054.621,MSVII,Servicio de Salud,Terciario
114105,2025.0,6.0,158.0,,MSVII,Servicio de Salud,Terciario
114150,,,,2.185,MSVII,,
114301,2025.0,6.0,3980.0,13470.445000000002,MSVII,Municipal,Primario
114302,2025.0,6.0,1710.0,4574.117,MSVII,Municipal,Primario
114303,2025.0,6.0,2372.0,7724.037,MSVII,Municipal,Primario
114304,2025.0,6.0,1470.0,5086.378000000001,MSVII,Municipal,Primario
114305,2025.0,6.0,2038.0,6827.945000000001,MSVII,Municipal,Primario
114306,2025.0,6.0,1240.0,7790.64,MSVII,Municipal,Primario
114307,2025.0,6.0,1540.0,3573.353,MSVII,Municipal,Primario
114308,2025.0,6.0,796.0,3932.34,MSVII,Municipal,Primario
114309,2025.0,6.0,958.0,4197.897,MSVII,Municipal,Primario
114310,2025.0,6.0,508.0,1767.9060000000002,MSVII,Municipal,Primario
114311,2025.0,6.0,940.0,3459.6360000000004,MSVII,Municipal,Primario
114312,2025.0,6.0,1446.0,7354.511,MSVII,Municipal,Primario
114313,2025.0,6.0,456.0,2910.481,MSVII,Municipal,Primario
114314,2025.0,6.0,806.0,3943.2160000000003,MSVII,Municipal,Primario
114315,2025.0,6.0,614.0,2790.6310000000003,MSVII,Municipal,Primario
114316,2025.0,6.0,1208.0,6371.501,MSVII,Municipal,Primario
114317,2025.0,6.0,854.0,3548.875,MSVII,Municipal,Primario
114318,2025.0,6.0,626.0,1712.278,MSVII,Municipal,Primario
114319,2025.0,6.0,1042.0,4828.7300000000005,MSVII,Municipal,Primario
114320,2025.0,6.0,1332.0,6969.505,MSVII,Municipal,Primario
114321,2025.0,6.0,1034.0,5108.031,MSVII,Municipal,Primario
114322,2025.0,6.0,2096.0,11945.442000000001,MSVII,Municipal,Primario
114323,2025.0,6.0,836.0,3285.601,MSVII,Delegados ,Primario
114324,2025.0,6.0,1258.0,7412.535000000001,MSVII,Municipal,Primario
114325,2025.0,6.0,1234.0,6385.279,MSVII,Municipal,Primario
114326,2025.0,6.0,604.0,4632.011,MSVII,Municipal,Primario
114327,2025.0,6.0,552.0,2364.1670000000004,MSVII,Delegados ,Primario
114328,2025.0,6.0,1278.0,4509.951,MSVII,Municipal,Primario
114329,2025.0,6.0,804.0,3344.753,MSVII,Delegados ,Primario
114330,2025.0,6.0,1622.0,4110.903,MSVII,Municipal,Primario
114331,2025.0,6.0,3432.0,7089.534000000001,MSVII,Municipal,Primario
114332,2025.0,6.0,1020.0,5279.034000000001,MSVII,Municipal,Primario
114333,2025.0,6.0,250.0,1724.526,MSVII,Municipal,Primario
114334,2025.0,6.0,1174.0,4849.168000000001,MSVII,Municipal,Primario
114401,2025.0,6.0,62.0,253.87400000000002,MSVII,Municipal,Primario
114403,2025.0,6.0,12.0,38.265,MSVII,Municipal,Primario
114406,2025.0,6.0,32.0,92.12100000000001,MSVII,Municipal,Primario
114407,2025.0,6.0,188.0,337.077,MSVII,Municipal,Primario
114408,,,,3.504,MSVII,Municipal,Primario
114409,,,,2.319,MSVII,Municipal,Primario
114410,,,,45.465,MSVII,Municipal,Primario
114706,2025.0,6.0,268.0,16.048000000000002,MSVII,Municipal,Primario
114714,2025.0,6.0,276.0,738.115,MSVII,Municipal,Primario
114796,2025.0,6.0,190.0,23.288,MSVII,Municipal,Primario
200037,,,,15.614,MSVII,Municipal,Primario
200080,,,,11.48,MSVII,Municipal,No Aplica
200188,,,,5.672000000000001,MSVII,Municipal,No Aplica
200210,2025.0,6.0,178.0,1070.044,MSVII,Municipal,Primario
200236,,,,5.489000000000001,MSVII,Municipal,Primario
200265,,,,15.735000000000001,MSVII,Municipal,Primario
200282,,,,0.4,MSVII,Servicio de Salud,Secundario
200304,,,,280.627,MSVII,Municipal,Primario
200337,2025.0,6.0,138.0,870.936,MSVII,Municipal,Primario
200342,2025.0,6.0,62.0,2.585,MSVII,Municipal,Primario
200346,,,,149.49900000000002,MSVII,Servicio de Salud,Primario
200347,2025.0,6.0,234.0,287.273,MSVII,Municipal,Primario
200360,,,,501.34200000000004,MSVII,Municipal,Primario
200361,2025.0,6.0,428.0,1362.784,MSVII,Municipal,Primario
200365,,,,74.058,MSVII,Municipal,Primario
200377,,,,608.596,MSVII,Municipal,Primario
200385,,,,159.583,MSVII,Municipal,Primario
200454,,,,267.387,MSVII,Municipal,Primario
200554,,,,127.96000000000001,MSVII,Municipal,Primario
200609,2025.0,6.0,220.0,112.54200000000002,MSVII,Municipal,Primario
200643,,,,42.168,MSVII,Municipal,Primario
200961,2025.0,6.0,490.0,1342.757,MSVII,Municipal,Primario
200962,2025.0,6.0,108.0,699.3810000000001,MSVII,Municipal,Primario
200965,2025.0,6.0,856.0,2029.0400000000002,MSVII,Municipal,Primario
201091,2025.0,6.0,1560.0,3690.391,MSVII,Municipal,Primario
201112,2025.0,6.0,1304.0,4775.441000000001,MSVII,Municipal,Primario
201129,,,,67.93,MSVII,Municipal,Primario
201212,2025.0,6.0,684.0,,MSVII,Municipal,Primario
201462,2025.0,6.0,864.0,658.74,MSVII,Municipal,Primario
201674,2025.0,6.0,284.0,,MSVII,Municipal,Primario
311001,,,,1283.4060000000002,MSVII,,
109104,2025.0,12.0,0.0,,MSVII,Servicio de Salud,Primario
109300,2025.0,12.0,0.0,9626.839,MSVII,Municipal,Primario
109301,2025.0,12.0,0.0,6285.768,MSVII,Municipal,Primario
109302,2025.0,12.0,0.0,4718.469,MSVII,Municipal,Primario
109303,2025.0,12.0,0.0,4778.719,MSVII,Municipal,Primario
109304,2025.0,12.0,0.0,1673.563,MSVII,Municipal,Primario
109305,2025.0,12.0,0.0,3981.4730000000004,MSVII,Municipal,Primario
109307,2025.0,12.0,0.0,3820.3160000000003,MSVII,Municipal,Primario
109308,2025.0,12.0,0.0,4584.399,MSVII,Municipal,Primario
109309,2025.0,12.0,0.0,4012.793,MSVII,Municipal,Primario
109310,2025.0,12.0,0.0,9139.632000000001,MSVII,Municipal,Primario
109311,2025.0,12.0,0.0,6215.482,MSVII,Municipal,Primario
109312,2025.0,12.0,0.0,2324.09,MSVII,Municipal,Primario
109313,2025.0,12.0,0.0,5923.395,MSVII,Municipal,Primario
109314,2025.0,12.0,0.0,4108.328,MSVII,Municipal,Primario
109315,2025.0,12.0,0.0,6119.3,MSVII,Municipal,Primario
109316,2025.0,12.0,0.0,7661.383000000001,MSVII,Municipal,Primario
109317,2025.0,12.0,0.0,1973.862,MSVII,Municipal,Primario
109320,2025.0,12.0,0.0,1856.5700000000002,MSVII,Municipal,Primario
109321,2025.0,12.0,0.0,4136.2570000000005,MSVII,Municipal,Primario
109323,2025.0,12.0,0.0,2832.871,MSVII,Municipal,Primario
109324,2025.0,12.0,0.0,7564.876,MSVII,Municipal,Primario
109390,2025.0,12.0,0.0,4007.568,MSVII,Otra Institución,Primario
109407,,12.0,0.0,1455.066,MSVII,,
109410,2025.0,12.0,0.0,79.275,MSVII,Municipal,Primario
109412,2025.0,12.0,0.0,80.393,MSVII,Municipal,Primario
109413,2025.0,12.0,0.0,75.88900000000001,MSVII,Municipal,Primario
109414,2025.0,12.0,0.0,347.757,MSVII,Municipal,Primario
109416,2025.0,12.0,0.0,4.3870000000000005,MSVII,Municipal,Primario
109417,2025.0,12.0,0.0,8.557,MSVII,Municipal,Primario
109418,2025.0,12.0,0.0,13.629000000000001,MSVII,Municipal,Primario
109419,2025.0,12.0,0.0,12.929,MSVII,Municipal,Primario
109420,2025.0,12.0,0.0,7.757000000000001,MSVII,Municipal,Primario
109709,2025.0,12.0,0.0,733.2950000000001,MSVII,Municipal,Primario
109711,,12.0,0.0,831.1650000000001,MSVII,Municipal,Primario
109712,,12.0,0.0,911.4330000000001,MSVII,Municipal,Primario
109713,,12.0,0.0,440.79400000000004,MSVII,Municipal,Primario
109715,,12.0,0.0,471.14500000000004,MSVII,Municipal,Primario
109716,2025.0,12.0,0.0,160.845,MSVII,Municipal,Primario
109718,2025.0,12.0,0.0,1257.928,MSVII,Municipal,Primario
110160,2025.0,12.0,0.0,3038.1380000000004,MSVII,Servicio de Salud,Primario
110300,2025.0,12.0,0.0,0.534,MSVII,Servicio de Salud,Secundario
110308,2025.0,12.0,0.0,6169.524,MSVII,Municipal,Primario
110310,2025.0,12.0,0.0,3954.8340000000003,MSVII,Servicio de Salud,Primario
110315,2025.0,12.0,0.0,5672.139,MSVII,Municipal,Primario
110316,2025.0,12.0,0.0,4587.879,MSVII,Municipal,Primario
110320,2025.0,12.0,0.0,6009.071,MSVII,Municipal,Primario
110325,2025.0,12.0,0.0,5122.18,MSVII,Municipal,Primario
110330,2025.0,12.0,0.0,5835.354,MSVII,Municipal,Primario
110331,2025.0,12.0,0.0,3347.1870000000004,MSVII,Municipal,Primario
110335,2025.0,12.0,0.0,4825.988,MSVII,Municipal,Primario
110340,2025.0,12.0,0.0,5804.827,MSVII,Municipal,Primario
110345,2025.0,12.0,0.0,4398.469,MSVII,Municipal,Primario
110350,2025.0,12.0,0.0,8886.859,MSVII,Municipal,Primario
110351,2025.0,12.0,0.0,6005.126,MSVII,Municipal,Primario
110352,2025.0,12.0,0.0,5501.984,MSVII,Municipal,Primario
110353,2025.0,12.0,0.0,3726.1820000000002,MSVII,Municipal,Primario
110354,2025.0,12.0,0.0,7532.938,MSVII,Municipal,Primario
110355,2025.0,12.0,0.0,5138.744000000001,MSVII,Municipal,Primario
110360,2025.0,12.0,0.0,9045.94,MSVII,Municipal,Primario
110361,2025.0,12.0,0.0,4918.477,MSVII,Municipal,Primario
110362,2025.0,12.0,0.0,4498.155000000001,MSVII,Municipal,Primario
110364,2025.0,12.0,0.0,2715.221,MSVII,Municipal,Primario
110366,2025.0,12.0,0.0,8385.33,MSVII,Municipal,Primario
110369,2025.0,12.0,0.0,6264.466,MSVII,Municipal,Primario
110370,2025.0,12.0,0.0,4875.986,MSVII,Municipal,Primario
110375,2025.0,12.0,0.0,3756.722,MSVII,Municipal,Primario
110378,2025.0,12.0,0.0,5359.217000000001,MSVII,Municipal,Primario
110379,2025.0,12.0,0.0,5122.3330000000005,MSVII,Municipal,Primario
110380,2025.0,12.0,0.0,1703.4850000000001,MSVII,Municipal,Primario
110381,2025.0,12.0,0.0,1011.114,MSVII,Municipal,Primario
110385,2025.0,12.0,0.0,1221.372,MSVII,Municipal,Primario
110387,2025.0,12.0,0.0,1611.439,MSVII,Municipal,Primario
110390,2025.0,12.0,0.0,8721.463,MSVII,Municipal,Primario
110393,2025.0,12.0,0.0,1078.663,MSVII,Municipal,Primario
110400,,12.0,0.0,89.36900000000001,MSVII,Municipal,Primario
110410,2025.0,12.0,0.0,66.549,MSVII,Municipal,Primario
110425,2025.0,12.0,0.0,913.5100000000001,MSVII,Municipal,Primario
110430,,12.0,0.0,104.7,MSVII,Municipal,Primario
110431,,12.0,0.0,118.331,MSVII,Municipal,Primario
110432,,12.0,0.0,113.474,MSVII,Municipal,Primario
110440,2025.0,12.0,0.0,1112.8600000000001,MSVII,Municipal,Primario
110445,2025.0,12.0,0.0,731.051,MSVII,Municipal,Primario
110455,,12.0,0.0,256.56800000000004,MSVII,Municipal,Primario
110465,2025.0,12.0,0.0,492.75800000000004,MSVII,Municipal,Primario
110470,2025.0,12.0,0.0,235.66700000000003,MSVII,Municipal,Primario
110475,2025.0,12.0,0.0,505.15000000000003,MSVII,Municipal,Primario
110477,,12.0,0.0,152.54500000000002,MSVII,Servicio de Salud,Primario
110485,2025.0,12.0,0.0,178.92700000000002,MSVII,Municipal,Primario
110490,2025.0,12.0,0.0,73.438,MSVII,Municipal,Primario
110492,2025.0,12.0,0.0,80.123,MSVII,Municipal,Primario
110495,2025.0,12.0,0.0,181.16000000000003,MSVII,Municipal,Primario
110503,2025.0,12.0,0.0,149.448,MSVII,Municipal,Primario
110505,,12.0,0.0,3.9210000000000003,MSVII,Municipal,Primario
110510,2025.0,12.0,0.0,11.895000000000001,MSVII,Municipal,Primario
110515,,12.0,0.0,1.685,MSVII,,
110601,,12.0,0.0,0.1,MSVII,Privado,Secundario
110627,,12.0,0.0,0.1,MSVII,Municipal,Secundario
110720,,12.0,0.0,2.802,MSVII,Municipal,Primario
110725,2025.0,12.0,0.0,2.285,MSVII,Municipal,Primario
110735,,12.0,0.0,14.514000000000001,MSVII,Municipal,Primario
110750,,12.0,0.0,27.211000000000002,MSVII,Municipal,Primario
110752,,12.0,0.0,87.018,MSVII,Municipal,Primario
110754,,12.0,0.0,46.406000000000006,MSVII,Municipal,Primario
110756,,12.0,0.0,69.521,MSVII,Municipal,Primario
110758,,12.0,0.0,58.013000000000005,MSVII,Municipal,Primario
110760,,12.0,0.0,304.07800000000003,MSVII,Servicio de Salud,Primario
110775,,12.0,0.0,194.64000000000001,MSVII,Municipal,Primario
110778,,12.0,0.0,633.129,MSVII,Municipal,Primario
110781,,12.0,0.0,333.57500000000005,MSVII,Municipal,Primario
110783,,12.0,0.0,205.48000000000002,MSVII,Municipal,Primario
111300,2025.0,12.0,0.0,8831.41,MSVII,Servicio de Salud,Primario
111301,2025.0,12.0,0.0,4153.976000000001,MSVII,Servicio de Salud,Primario
111302,2025.0,12.0,0.0,3390.728,MSVII,Servicio de Salud,Primario
111303,2025.0,12.0,0.0,2536.449,MSVII,Municipal,Primario
111304,2025.0,12.0,0.0,7595.454000000001,MSVII,Servicio de Salud,Primario
111305,2025.0,12.0,0.0,4333.738,MSVII,Servicio de Salud,Primario
111306,2025.0,12.0,0.0,4391.0830000000005,MSVII,Servicio de Salud,Primario
111307,2025.0,12.0,0.0,3572.59,MSVII,Servicio de Salud,Primario
111308,2025.0,12.0,0.0,4910.316000000001,MSVII,Servicio de Salud,Primario
111309,2025.0,12.0,0.0,3913.8790000000004,MSVII,Servicio de Salud,Primario
111310,2025.0,12.0,0.0,6840.5960000000005,MSVII,Servicio de Salud,Primario
111351,,12.0,0.0,55.905,MSVII,Servicio de Salud,Secundario
111370,2025.0,12.0,0.0,7073.409000000001,MSVII,Municipal,Primario
111372,2025.0,12.0,0.0,3289.3390000000004,MSVII,Municipal,Primario
111376,2025.0,12.0,0.0,5229.651000000001,MSVII,Municipal,Primario
111378,2025.0,12.0,0.0,4918.152,MSVII,Municipal,Primario
111379,2025.0,12.0,0.0,6065.52,MSVII,Municipal,Primario
111380,2025.0,12.0,0.0,6166.244000000001,MSVII,Municipal,Primario
111381,2025.0,12.0,0.0,12219.336000000001,MSVII,Municipal,Primario
111382,2025.0,12.0,0.0,6998.735000000001,MSVII,Municipal,Primario
111383,2025.0,12.0,0.0,4475.675,MSVII,Municipal,Primario
111400,,12.0,0.0,4.338,MSVII,Servicio de Salud,Primario
111704,,12.0,0.0,29.043000000000003,MSVII,Servicio de Salud,Primario
111780,,12.0,0.0,25.375000000000004,MSVII,Servicio de Salud,Primario
111781,,12.0,0.0,8.774000000000001,MSVII,Servicio de Salud,Primario
111782,,12.0,0.0,123.781,MSVII,,
111783,,12.0,0.0,421.48900000000003,MSVII,Municipal,Primario
111784,2025.0,12.0,0.0,215.632,MSVII,Municipal,Primario
112300,,12.0,0.0,1.834,MSVII,Servicio de Salud,Secundario
112301,2025.0,12.0,0.0,5002.8910000000005,MSVII,Municipal,Primario
112302,2025.0,12.0,0.0,2841.2050000000004,MSVII,Municipal,Primario
112303,2025.0,12.0,0.0,4190.839,MSVII,Municipal,Primario
112304,2025.0,12.0,0.0,5482.799,MSVII,Municipal,Primario
112306,2025.0,12.0,0.0,8642.539,MSVII,Municipal,Primario
112307,2025.0,12.0,0.0,6817.485000000001,MSVII,Municipal,Primario
112309,2025.0,12.0,0.0,3564.724,MSVII,Municipal,Primario
112310,2025.0,12.0,0.0,7193.789000000001,MSVII,Municipal,Primario
112311,2025.0,12.0,0.0,8089.936000000001,MSVII,Municipal,Primario
112312,2025.0,12.0,0.0,7179.8730000000005,MSVII,Municipal,Primario
112313,2025.0,12.0,0.0,7163.567,MSVII,Municipal,Primario
112314,2025.0,12.0,0.0,5703.2480000000005,MSVII,Municipal,Primario
112315,2025.0,12.0,0.0,3513.119,MSVII,Municipal,Primario
112316,2025.0,12.0,0.0,6856.796,MSVII,Municipal,Primario
112317,2025.0,12.0,0.0,1880.047,MSVII,Municipal,Primario
112318,2025.0,12.0,0.0,4269.747,MSVII,Municipal,Primario
112319,2025.0,12.0,0.0,5883.544000000001,MSVII,Municipal,Primario
112320,2025.0,12.0,0.0,2704.8990000000003,MSVII,Municipal,Primario
112321,2025.0,12.0,0.0,3406.69,MSVII,Municipal,Primario
112322,2025.0,12.0,0.0,3528.384,MSVII,Municipal,Primario
112323,,12.0,0.0,4.5040000000000004,MSVII,Municipal,No Aplica
112407,,12.0,0.0,2.119,MSVII,Municipal,Primario
112707,,12.0,0.0,257.026,MSVII,Municipal,Primario
112716,,12.0,0.0,37.504000000000005,MSVII,Municipal,Primario
112717,,12.0,0.0,2284.57,MSVII,Municipal,Primario
112799,,12.0,0.0,1.685,MSVII,Municipal,Primario
113181,,12.0,0.0,4.021,MSVII,Servicio de Salud,Secundario
113300,2025.0,12.0,0.0,7862.2880000000005,MSVII,Municipal,Primario
113301,2025.0,12.0,0.0,3107.3280000000004,MSVII,Municipal,Primario
113302,2025.0,12.0,0.0,6209.202,MSVII,Municipal,Primario
113303,2025.0,12.0,0.0,5433.669000000001,MSVII,Municipal,Primario
113304,,12.0,0.0,110.13000000000001,MSVII,Municipal,Primario
113305,2025.0,12.0,0.0,2616.103,MSVII,Municipal,Primario
113306,2025.0,12.0,0.0,4092.7160000000003,MSVII,Municipal,Primario
113307,2025.0,12.0,0.0,4492.144,MSVII,Municipal,Primario
113308,2025.0,12.0,0.0,3880.6110000000003,MSVII,Municipal,Primario
113309,2025.0,12.0,0.0,4064.547,MSVII,Municipal,Primario
113310,2025.0,12.0,0.0,3937.2160000000003,MSVII,Municipal,Primario
113311,2025.0,12.0,0.0,6059.7880000000005,MSVII,Municipal,Primario
113312,2025.0,12.0,0.0,5272.984,MSVII,Municipal,Primario
113313,2025.0,12.0,0.0,6159.527,MSVII,Municipal,Primario
113314,2025.0,12.0,0.0,4563.883000000001,MSVII,Municipal,Primario
113315,2025.0,12.0,0.0,3885.449,MSVII,Municipal,Primario
113316,2025.0,12.0,0.0,5367.508000000001,MSVII,Municipal,Primario
113317,2025.0,12.0,0.0,4095.835,MSVII,Municipal,Primario
113318,2025.0,12.0,0.0,5977.9400000000005,MSVII,Municipal,Primario
113319,2025.0,12.0,0.0,2301.893,MSVII,Municipal,Primario
113320,2025.0,12.0,0.0,2362.1800000000003,MSVII,Municipal,Primario
113321,2025.0,12.0,0.0,1312.221,MSVII,Municipal,Primario
113322,2025.0,12.0,0.0,4202.267,MSVII,Municipal,Primario
113323,2025.0,12.0,0.0,3325.11,MSVII,Municipal,Primario
113324,2025.0,12.0,0.0,4600.121,MSVII,Municipal,Primario
113326,2025.0,12.0,0.0,4913.348,MSVII,Municipal,Primario
113328,2025.0,12.0,0.0,6219.443,MSVII,Municipal,Primario
113329,2025.0,12.0,0.0,3756.279,MSVII,Municipal,Primario
113330,2025.0,12.0,0.0,5062.543000000001,MSVII,Municipal,Primario
113331,2025.0,12.0,0.0,4377.911,MSVII,Municipal,Primario
113332,2025.0,12.0,0.0,4677.151,MSVII,Municipal,Primario
113333,2025.0,12.0,0.0,1534.401,MSVII,Municipal,Primario
113334,2025.0,12.0,0.0,1632.1870000000001,MSVII,Municipal,Primario
113390,2025.0,12.0,0.0,6405.966,MSVII,Municipal,Primario
113394,2025.0,12.0,0.0,3246.4370000000004,MSVII,Municipal,Primario
113396,2025.0,12.0,0.0,2952.2850000000003,MSVII,Municipal,Primario
113402,2025.0,12.0,0.0,1064.0120000000002,MSVII,Municipal,Primario
113404,2025.0,12.0,0.0,560.8180000000001,MSVII,Municipal,Primario
113405,2025.0,12.0,0.0,831.2180000000001,MSVII,Municipal,Primario
113406,2025.0,12.0,0.0,235.03600000000003,MSVII,Municipal,Primario
113407,2025.0,12.0,0.0,481.639,MSVII,Municipal,Primario
113408,2025.0,12.0,0.0,424.74100000000004,MSVII,Municipal,Primario
113409,2025.0,12.0,0.0,1227.9150000000002,MSVII,Municipal,Primario
113410,2025.0,12.0,0.0,203.61200000000002,MSVII,Municipal,Primario
113411,2025.0,12.0,0.0,451.10900000000004,MSVII,Municipal,Primario
113412,2025.0,12.0,0.0,309.947,MSVII,Municipal,Primario
113413,,12.0,0.0,16.999000000000002,MSVII,Municipal,Primario
113701,2025.0,12.0,0.0,1120.9250000000002,MSVII,Municipal,Primario
113702,2025.0,12.0,0.0,465.37100000000004,MSVII,Municipal,Primario
113703,2025.0,12.0,0.0,770.162,MSVII,Municipal,Primario
113713,2025.0,12.0,0.0,580.1700000000001,MSVII,Municipal,Primario
113716,2025.0,12.0,0.0,853.893,MSVII,Municipal,Primario
113717,2025.0,12.0,0.0,591.985,MSVII,Municipal,Primario
113722,2025.0,12.0,0.0,930.234,MSVII,Municipal,Primario
113728,2025.0,12.0,0.0,806.878,MSVII,Municipal,Primario
113753,2025.0,12.0,0.0,473.86300000000006,MSVII,Municipal,Primario
113790,2025.0,12.0,0.0,857.6610000000001,MSVII,Municipal,Primario
114010,,12.0,0.0,0.317,MSVII,Servicio de Salud,No Aplica
114102,2025.0,12.0,0.0,1054.621,MSVII,Servicio de Salud,Terciario
114105,2025.0,12.0,0.0,,MSVII,Servicio de Salud,Terciario
114150,,12.0,0.0,2.185,MSVII,,
114301,2025.0,12.0,0.0,13470.445000000002,MSVII,Municipal,Primario
114302,2025.0,12.0,0.0,4574.117,MSVII,Municipal,Primario
114303,2025.0,12.0,0.0,7724.037,MSVII,Municipal,Primario
114304,2025.0,12.0,0.0,5086.378000000001,MSVII,Municipal,Primario
114305,2025.0,12.0,0.0,6827.945000000001,MSVII,Municipal,Primario
114306,2025.0,12.0,0.0,7790.64,MSVII,Municipal,Primario
114307,2025.0,12.0,0.0,3573.353,MSVII,Municipal,Primario
114308,2025.0,12.0,0.0,3932.34,MSVII,Municipal,Primario
114309,2025.0,12.0,0.0,4197.897,MSVII,Municipal,Primario
114310,2025.0,12.0,0.0,1767.9060000000002,MSVII,Municipal,Primario
114311,2025.0,12.0,0.0,3459.6360000000004,MSVII,Municipal,Primario
114312,2025.0,12.0,0.0,7354.511,MSVII,Municipal,Primario
114313,2025.0,12.0,0.0,2910.481,MSVII,Municipal,Primario
114314,2025.0,12.0,0.0,3943.2160000000003,MSVII,Municipal,Primario
114315,2025.0,12.0,0.0,2790.6310000000003,MSVII,Municipal,Primario
114316,2025.0,12.0,0.0,6371.501,MSVII,Municipal,Primario
114317,2025.0,12.0,0.0,3548.875,MSVII,Municipal,Primario
114318,2025.0,12.0,0.0,1712.278,MSVII,Municipal,Primario
114319,2025.0,12.0,0.0,4828.7300000000005,MSVII,Municipal,Primario
114320,2025.0,12.0,0.0,6969.505,MSVII,Municipal,Primario
114321,2025.0,12.0,0.0,5108.031,MSVII,Municipal,Primario
114322,2025.0,12.0,0.0,11945.442000000001,MSVII,Municipal,Primario
114323,2025.0,12.0,0.0,3285.601,MSVII,Delegados ,Primario
114324,2025.0,12.0,0.0,7412.535000000001,MSVII,Municipal,Primario
114325,2025.0,12.0,0.0,6385.279,MSVII,Municipal,Primario
114326,2025.0,12.0,0.0,4632.011,MSVII,Municipal,Primario
114327,2025.0,12.0,0.0,2364.1670000000004,MSVII,Delegados ,Primario
114328,2025.0,12.0,0.0,4509.951,MSVII,Municipal,Primario
114329,2025.0,12.0,0.0,3344.753,MSVII,Delegados ,Primario
114330,2025.0,12.0,0.0,4110.903,MSVII,Municipal,Primario
114331,2025.0,12.0,0.0,7089.534000000001,MSVII,Municipal,Primario
114332,2025.0,12.0,0.0,5279.034000000001,MSVII,Municipal,Primario
114333,2025.0,12.0,0.0,1724.526,MSVII,Municipal,Primario
114334,2025.0,12.0,0.0,4849.168000000001,MSVII,Municipal,Primario
114401,2025.0,12.0,0.0,253.87400000000002,MSVII,Municipal,Primario
114403,2025.0,12.0,0.0,38.265,MSVII,Municipal,Primario
114406,2025.0,12.0,0.0,92.12100000000001,MSVII,Municipal,Primario
114407,2025.0,12.0,0.0,337.077,MSVII,Municipal,Primario
114408,,12.0,0.0,3.504,MSVII,Municipal,Primario
114409,,12.0,0.0,2.319,MSVII,Municipal,Primario
114410,,12.0,0.0,45.465,MSVII,Municipal,Primario
114706,2025.0,12.0,0.0,16.048000000000002,MSVII,Municipal,Primario
114714,2025.0,12.0,0.0,738.115,MSVII,Municipal,Primario
114796,2025.0,12.0,0.0,23.288,MSVII,Municipal,Primario
200037,,12.0,0.0,15.614,MSVII,Municipal,Primario
200080,,12.0,0.0,11.48,MSVII,Municipal,No Aplica
200188,,12.0,0.0,5.672000000000001,MSVII,Municipal,No Aplica
200210,2025.0,12.0,0.0,1070.044,MSVII,Municipal,Primario
200236,,12.0,0.0,5.489000000000001,MSVII,Municipal,Primario
200265,,12.0,0.0,15.735000000000001,MSVII,Municipal,Primario
200282,,12.0,0.0,0.4,MSVII,Servicio de Salud,Secundario
200304,,12.0,0.0,280.627,MSVII,Municipal,Primario
200337,2025.0,12.0,0.0,870.936,MSVII,Municipal,Primario
200342,2025.0,12.0,0.0,2.585,MSVII,Municipal,Primario
200346,,12.0,0.0,149.49900000000002,MSVII,Servicio de Salud,Primario
200347,2025.0,12.0,0.0,287.273,MSVII,Municipal,Primario
200360,,12.0,0.0,501.34200000000004,MSVII,Municipal,Primario
200361,2025.0,12.0,0.0,1362.784,MSVII,Municipal,Primario
200365,,12.0,0.0,74.058,MSVII,Municipal,Primario
200377,,12.0,0.0,608.596,MSVII,Municipal,Primario
200385,,12.0,0.0,159.583,MSVII,Municipal,Primario
200454,,12.0,0.0,267.387,MSVII,Municipal,Primario
200554,,12.0,0.0,127.96000000000001,MSVII,Municipal,Primario
200609,2025.0,12.0,0.0,112.54200000000002,MSVII,Municipal,Primario
200643,,12.0,0.0,42.168,MSVII,Municipal,Primario
200961,2025.0,12.0,0.0,1342.757,MSVII,Municipal,Primario
200962,2025.0,12.0,0.0,699.3810000000001,MSVII,Municipal,Primario
200965,2025.0,12.0,0.0,2029.0400000000002,MSVII,Municipal,Primario
201091,2025.0,12.0,0.0,3690.391,MSVII,Municipal,Primario
201112,2025.0,12.0,0.0,4775.441000000001,MSVII,Municipal,Primario
201129,,12.0,0.0,67.93,MSVII,Municipal,Primario
201212,2025.0,12.0,0.0,,MSVII,Municipal,Primario
201462,2025.0,12.0,0.0,658.74,MSVII,Municipal,Primario
201674,2025.0,12.0,0.0,,MSVII,Municipal,Primario
311001,,12.0,0.0,1283.4060000000002,MSVII,,
